shot,diagnostic,signal_name,dataset_path,label,units,shape,dimensions,observations,dtype,source_file
27929,ABM,ABM_CALIB_SHOT,abm/calib_shot/data,Calibration Shot,,"(1,)",1,1,int16,abm27929.nc
27930,ABM,ABM_CALIB_SHOT,abm/calib_shot/data,Calibration Shot,,"(1,)",1,1,int16,abm27930 (2).nc
27931,ABM,ABM_CALIB_SHOT,abm/calib_shot/data,Calibration Shot,,"(1,)",1,1,int16,abm27931 (1).nc
27932,ABM,ABM_CALIB_SHOT,abm/calib_shot/data,Calibration Shot,,"(1,)",1,1,int16,abm27932.nc
27933,ABM,ABM_CALIB_SHOT,abm/calib_shot/data,Calibration Shot,,"(1,)",1,1,int16,abm27933.nc
27934,ABM,ABM_CALIB_SHOT,abm/calib_shot/data,Calibration Shot,,"(1,)",1,1,int16,abm27934.nc
27935,ABM,ABM_CALIB_SHOT,abm/calib_shot/data,Calibration Shot,,"(1,)",1,1,int16,abm27935.nc
27936,ABM,ABM_CALIB_SHOT,abm/calib_shot/data,Calibration Shot,,"(1,)",1,1,int16,abm27936.nc
27937,ABM,ABM_CALIB_SHOT,abm/calib_shot/data,Calibration Shot,,"(1,)",1,1,int16,abm27937.nc
27938,ABM,ABM_CALIB_SHOT,abm/calib_shot/data,Calibration Shot,,"(1,)",1,1,int16,abm27938.nc
27929,ABM,ABM_CHANNEL_STATUS,abm/channel_status/data,channel_status,,"(1, 32)",2,32,float32,abm27929.nc
27930,ABM,ABM_CHANNEL_STATUS,abm/channel_status/data,channel_status,,"(1, 32)",2,32,float32,abm27930 (2).nc
27931,ABM,ABM_CHANNEL_STATUS,abm/channel_status/data,channel_status,,"(1, 32)",2,32,float32,abm27931 (1).nc
27932,ABM,ABM_CHANNEL_STATUS,abm/channel_status/data,channel_status,,"(1, 32)",2,32,float32,abm27932.nc
27933,ABM,ABM_CHANNEL_STATUS,abm/channel_status/data,channel_status,,"(1, 32)",2,32,float32,abm27933.nc
27934,ABM,ABM_CHANNEL_STATUS,abm/channel_status/data,channel_status,,"(1, 32)",2,32,float32,abm27934.nc
27935,ABM,ABM_CHANNEL_STATUS,abm/channel_status/data,channel_status,,"(1, 32)",2,32,float32,abm27935.nc
27936,ABM,ABM_CHANNEL_STATUS,abm/channel_status/data,channel_status,,"(1, 32)",2,32,float32,abm27936.nc
27937,ABM,ABM_CHANNEL_STATUS,abm/channel_status/data,channel_status,,"(1, 32)",2,32,float32,abm27937.nc
27938,ABM,ABM_CHANNEL_STATUS,abm/channel_status/data,channel_status,,"(1, 32)",2,32,float32,abm27938.nc
27929,ABM,ABM_CHANNEL_TYPE,abm/channel_type/data,channel_type,,"(1, 32)",2,32,float32,abm27929.nc
27930,ABM,ABM_CHANNEL_TYPE,abm/channel_type/data,channel_type,,"(1, 32)",2,32,float32,abm27930 (2).nc
27931,ABM,ABM_CHANNEL_TYPE,abm/channel_type/data,channel_type,,"(1, 32)",2,32,float32,abm27931 (1).nc
27932,ABM,ABM_CHANNEL_TYPE,abm/channel_type/data,channel_type,,"(1, 32)",2,32,float32,abm27932.nc
27933,ABM,ABM_CHANNEL_TYPE,abm/channel_type/data,channel_type,,"(1, 32)",2,32,float32,abm27933.nc
27934,ABM,ABM_CHANNEL_TYPE,abm/channel_type/data,channel_type,,"(1, 32)",2,32,float32,abm27934.nc
27935,ABM,ABM_CHANNEL_TYPE,abm/channel_type/data,channel_type,,"(1, 32)",2,32,float32,abm27935.nc
27936,ABM,ABM_CHANNEL_TYPE,abm/channel_type/data,channel_type,,"(1, 32)",2,32,float32,abm27936.nc
27937,ABM,ABM_CHANNEL_TYPE,abm/channel_type/data,channel_type,,"(1, 32)",2,32,float32,abm27937.nc
27938,ABM,ABM_CHANNEL_TYPE,abm/channel_type/data,channel_type,,"(1, 32)",2,32,float32,abm27938.nc
27929,ABM,ABM_GAIN,abm/gain/data,GAIN,,"(1, 32)",2,32,float32,abm27929.nc
27930,ABM,ABM_GAIN,abm/gain/data,GAIN,,"(1, 32)",2,32,float32,abm27930 (2).nc
27931,ABM,ABM_GAIN,abm/gain/data,GAIN,,"(1, 32)",2,32,float32,abm27931 (1).nc
27932,ABM,ABM_GAIN,abm/gain/data,GAIN,,"(1, 32)",2,32,float32,abm27932.nc
27933,ABM,ABM_GAIN,abm/gain/data,GAIN,,"(1, 32)",2,32,float32,abm27933.nc
27934,ABM,ABM_GAIN,abm/gain/data,GAIN,,"(1, 32)",2,32,float32,abm27934.nc
27935,ABM,ABM_GAIN,abm/gain/data,GAIN,,"(1, 32)",2,32,float32,abm27935.nc
27936,ABM,ABM_GAIN,abm/gain/data,GAIN,,"(1, 32)",2,32,float32,abm27936.nc
27937,ABM,ABM_GAIN,abm/gain/data,GAIN,,"(1, 32)",2,32,float32,abm27937.nc
27938,ABM,ABM_GAIN,abm/gain/data,GAIN,,"(1, 32)",2,32,float32,abm27938.nc
27929,ABM,ABM_I-BOL,abm/i-bol/data,i-bol,W/m^2,"(7500, 32)",2,240000,float32,abm27929.nc
27930,ABM,ABM_I-BOL,abm/i-bol/data,i-bol,W/m^2,"(7500, 32)",2,240000,float32,abm27930 (2).nc
27931,ABM,ABM_I-BOL,abm/i-bol/data,i-bol,W/m^2,"(7500, 32)",2,240000,float32,abm27931 (1).nc
27932,ABM,ABM_I-BOL,abm/i-bol/data,i-bol,W/m^2,"(7500, 32)",2,240000,float32,abm27932.nc
27933,ABM,ABM_I-BOL,abm/i-bol/data,i-bol,W/m^2,"(7500, 32)",2,240000,float32,abm27933.nc
27934,ABM,ABM_I-BOL,abm/i-bol/data,i-bol,W/m^2,"(7500, 32)",2,240000,float32,abm27934.nc
27935,ABM,ABM_I-BOL,abm/i-bol/data,i-bol,W/m^2,"(7500, 32)",2,240000,float32,abm27935.nc
27936,ABM,ABM_I-BOL,abm/i-bol/data,i-bol,W/m^2,"(7500, 32)",2,240000,float32,abm27936.nc
27937,ABM,ABM_I-BOL,abm/i-bol/data,i-bol,W/m^2,"(7500, 32)",2,240000,float32,abm27937.nc
27938,ABM,ABM_I-BOL,abm/i-bol/data,i-bol,W/m^2,"(7500, 32)",2,240000,float32,abm27938.nc
27929,ABM,ABM_KM,abm/km/data,KM,Watts,"(1, 32)",2,32,float32,abm27929.nc
27930,ABM,ABM_KM,abm/km/data,KM,Watts,"(1, 32)",2,32,float32,abm27930 (2).nc
27931,ABM,ABM_KM,abm/km/data,KM,Watts,"(1, 32)",2,32,float32,abm27931 (1).nc
27932,ABM,ABM_KM,abm/km/data,KM,Watts,"(1, 32)",2,32,float32,abm27932.nc
27933,ABM,ABM_KM,abm/km/data,KM,Watts,"(1, 32)",2,32,float32,abm27933.nc
27934,ABM,ABM_KM,abm/km/data,KM,Watts,"(1, 32)",2,32,float32,abm27934.nc
27935,ABM,ABM_KM,abm/km/data,KM,Watts,"(1, 32)",2,32,float32,abm27935.nc
27936,ABM,ABM_KM,abm/km/data,KM,Watts,"(1, 32)",2,32,float32,abm27936.nc
27937,ABM,ABM_KM,abm/km/data,KM,Watts,"(1, 32)",2,32,float32,abm27937.nc
27938,ABM,ABM_KM,abm/km/data,KM,Watts,"(1, 32)",2,32,float32,abm27938.nc
27929,ABM,ABM_PASSNUMBER,abm/passnumber/data,Passnumber,Passnumber,"(1,)",1,1,float32,abm27929.nc
27930,ABM,ABM_PASSNUMBER,abm/passnumber/data,Passnumber,Passnumber,"(1,)",1,1,float32,abm27930 (2).nc
27931,ABM,ABM_PASSNUMBER,abm/passnumber/data,Passnumber,Passnumber,"(1,)",1,1,float32,abm27931 (1).nc
27932,ABM,ABM_PASSNUMBER,abm/passnumber/data,Passnumber,Passnumber,"(1,)",1,1,float32,abm27932.nc
27933,ABM,ABM_PASSNUMBER,abm/passnumber/data,Passnumber,Passnumber,"(1,)",1,1,float32,abm27933.nc
27934,ABM,ABM_PASSNUMBER,abm/passnumber/data,Passnumber,Passnumber,"(1,)",1,1,float32,abm27934.nc
27935,ABM,ABM_PASSNUMBER,abm/passnumber/data,Passnumber,Passnumber,"(1,)",1,1,float32,abm27935.nc
27936,ABM,ABM_PASSNUMBER,abm/passnumber/data,Passnumber,Passnumber,"(1,)",1,1,float32,abm27936.nc
27937,ABM,ABM_PASSNUMBER,abm/passnumber/data,Passnumber,Passnumber,"(1,)",1,1,float32,abm27937.nc
27938,ABM,ABM_PASSNUMBER,abm/passnumber/data,Passnumber,Passnumber,"(1,)",1,1,float32,abm27938.nc
27929,ABM,ABM_PHI-CHORDS,abm/phi-chords/data,phi_chords,deg,"(1, 32)",2,32,float32,abm27929.nc
27930,ABM,ABM_PHI-CHORDS,abm/phi-chords/data,phi_chords,deg,"(1, 32)",2,32,float32,abm27930 (2).nc
27931,ABM,ABM_PHI-CHORDS,abm/phi-chords/data,phi_chords,deg,"(1, 32)",2,32,float32,abm27931 (1).nc
27932,ABM,ABM_PHI-CHORDS,abm/phi-chords/data,phi_chords,deg,"(1, 32)",2,32,float32,abm27932.nc
27933,ABM,ABM_PHI-CHORDS,abm/phi-chords/data,phi_chords,deg,"(1, 32)",2,32,float32,abm27933.nc
27934,ABM,ABM_PHI-CHORDS,abm/phi-chords/data,phi_chords,deg,"(1, 32)",2,32,float32,abm27934.nc
27935,ABM,ABM_PHI-CHORDS,abm/phi-chords/data,phi_chords,deg,"(1, 32)",2,32,float32,abm27935.nc
27936,ABM,ABM_PHI-CHORDS,abm/phi-chords/data,phi_chords,deg,"(1, 32)",2,32,float32,abm27936.nc
27937,ABM,ABM_PHI-CHORDS,abm/phi-chords/data,phi_chords,deg,"(1, 32)",2,32,float32,abm27937.nc
27938,ABM,ABM_PHI-CHORDS,abm/phi-chords/data,phi_chords,deg,"(1, 32)",2,32,float32,abm27938.nc
27929,ABM,ABM_PHI-SLITS,abm/phi-slits/data,phi_slits,deg,"(1, 32)",2,32,float32,abm27929.nc
27930,ABM,ABM_PHI-SLITS,abm/phi-slits/data,phi_slits,deg,"(1, 32)",2,32,float32,abm27930 (2).nc
27931,ABM,ABM_PHI-SLITS,abm/phi-slits/data,phi_slits,deg,"(1, 32)",2,32,float32,abm27931 (1).nc
27932,ABM,ABM_PHI-SLITS,abm/phi-slits/data,phi_slits,deg,"(1, 32)",2,32,float32,abm27932.nc
27933,ABM,ABM_PHI-SLITS,abm/phi-slits/data,phi_slits,deg,"(1, 32)",2,32,float32,abm27933.nc
27934,ABM,ABM_PHI-SLITS,abm/phi-slits/data,phi_slits,deg,"(1, 32)",2,32,float32,abm27934.nc
27935,ABM,ABM_PHI-SLITS,abm/phi-slits/data,phi_slits,deg,"(1, 32)",2,32,float32,abm27935.nc
27936,ABM,ABM_PHI-SLITS,abm/phi-slits/data,phi_slits,deg,"(1, 32)",2,32,float32,abm27936.nc
27937,ABM,ABM_PHI-SLITS,abm/phi-slits/data,phi_slits,deg,"(1, 32)",2,32,float32,abm27937.nc
27938,ABM,ABM_PHI-SLITS,abm/phi-slits/data,phi_slits,deg,"(1, 32)",2,32,float32,abm27938.nc
27929,ABM,ABM_PRAD_POL,abm/prad_pol/data,P_Rad_Pol,W,"(7500,)",1,7500,float32,abm27929.nc
27930,ABM,ABM_PRAD_POL,abm/prad_pol/data,P_Rad_Pol,W,"(7500,)",1,7500,float32,abm27930 (2).nc
27931,ABM,ABM_PRAD_POL,abm/prad_pol/data,P_Rad_Pol,W,"(7500,)",1,7500,float32,abm27931 (1).nc
27932,ABM,ABM_PRAD_POL,abm/prad_pol/data,P_Rad_Pol,W,"(7500,)",1,7500,float32,abm27932.nc
27933,ABM,ABM_PRAD_POL,abm/prad_pol/data,P_Rad_Pol,W,"(7500,)",1,7500,float32,abm27933.nc
27934,ABM,ABM_PRAD_POL,abm/prad_pol/data,P_Rad_Pol,W,"(7500,)",1,7500,float32,abm27934.nc
27935,ABM,ABM_PRAD_POL,abm/prad_pol/data,P_Rad_Pol,W,"(7500,)",1,7500,float32,abm27935.nc
27936,ABM,ABM_PRAD_POL,abm/prad_pol/data,P_Rad_Pol,W,"(7500,)",1,7500,float32,abm27936.nc
27937,ABM,ABM_PRAD_POL,abm/prad_pol/data,P_Rad_Pol,W,"(7500,)",1,7500,float32,abm27937.nc
27938,ABM,ABM_PRAD_POL,abm/prad_pol/data,P_Rad_Pol,W,"(7500,)",1,7500,float32,abm27938.nc
27929,ABM,ABM_R-CHORDS,abm/r-chords/data,r_chords,m,"(1, 32)",2,32,float32,abm27929.nc
27930,ABM,ABM_R-CHORDS,abm/r-chords/data,r_chords,m,"(1, 32)",2,32,float32,abm27930 (2).nc
27931,ABM,ABM_R-CHORDS,abm/r-chords/data,r_chords,m,"(1, 32)",2,32,float32,abm27931 (1).nc
27932,ABM,ABM_R-CHORDS,abm/r-chords/data,r_chords,m,"(1, 32)",2,32,float32,abm27932.nc
27933,ABM,ABM_R-CHORDS,abm/r-chords/data,r_chords,m,"(1, 32)",2,32,float32,abm27933.nc
27934,ABM,ABM_R-CHORDS,abm/r-chords/data,r_chords,m,"(1, 32)",2,32,float32,abm27934.nc
27935,ABM,ABM_R-CHORDS,abm/r-chords/data,r_chords,m,"(1, 32)",2,32,float32,abm27935.nc
27936,ABM,ABM_R-CHORDS,abm/r-chords/data,r_chords,m,"(1, 32)",2,32,float32,abm27936.nc
27937,ABM,ABM_R-CHORDS,abm/r-chords/data,r_chords,m,"(1, 32)",2,32,float32,abm27937.nc
27938,ABM,ABM_R-CHORDS,abm/r-chords/data,r_chords,m,"(1, 32)",2,32,float32,abm27938.nc
27929,ABM,ABM_R-SLITS,abm/r-slits/data,r_slits,m,"(1, 32)",2,32,float32,abm27929.nc
27930,ABM,ABM_R-SLITS,abm/r-slits/data,r_slits,m,"(1, 32)",2,32,float32,abm27930 (2).nc
27931,ABM,ABM_R-SLITS,abm/r-slits/data,r_slits,m,"(1, 32)",2,32,float32,abm27931 (1).nc
27932,ABM,ABM_R-SLITS,abm/r-slits/data,r_slits,m,"(1, 32)",2,32,float32,abm27932.nc
27933,ABM,ABM_R-SLITS,abm/r-slits/data,r_slits,m,"(1, 32)",2,32,float32,abm27933.nc
27934,ABM,ABM_R-SLITS,abm/r-slits/data,r_slits,m,"(1, 32)",2,32,float32,abm27934.nc
27935,ABM,ABM_R-SLITS,abm/r-slits/data,r_slits,m,"(1, 32)",2,32,float32,abm27935.nc
27936,ABM,ABM_R-SLITS,abm/r-slits/data,r_slits,m,"(1, 32)",2,32,float32,abm27936.nc
27937,ABM,ABM_R-SLITS,abm/r-slits/data,r_slits,m,"(1, 32)",2,32,float32,abm27937.nc
27938,ABM,ABM_R-SLITS,abm/r-slits/data,r_slits,m,"(1, 32)",2,32,float32,abm27938.nc
27929,ABM,ABM_RBM,abm/rbm/data,RBM,Ohms,"(1, 32)",2,32,float32,abm27929.nc
27930,ABM,ABM_RBM,abm/rbm/data,RBM,Ohms,"(1, 32)",2,32,float32,abm27930 (2).nc
27931,ABM,ABM_RBM,abm/rbm/data,RBM,Ohms,"(1, 32)",2,32,float32,abm27931 (1).nc
27932,ABM,ABM_RBM,abm/rbm/data,RBM,Ohms,"(1, 32)",2,32,float32,abm27932.nc
27933,ABM,ABM_RBM,abm/rbm/data,RBM,Ohms,"(1, 32)",2,32,float32,abm27933.nc
27934,ABM,ABM_RBM,abm/rbm/data,RBM,Ohms,"(1, 32)",2,32,float32,abm27934.nc
27935,ABM,ABM_RBM,abm/rbm/data,RBM,Ohms,"(1, 32)",2,32,float32,abm27935.nc
27936,ABM,ABM_RBM,abm/rbm/data,RBM,Ohms,"(1, 32)",2,32,float32,abm27936.nc
27937,ABM,ABM_RBM,abm/rbm/data,RBM,Ohms,"(1, 32)",2,32,float32,abm27937.nc
27938,ABM,ABM_RBM,abm/rbm/data,RBM,Ohms,"(1, 32)",2,32,float32,abm27938.nc
27929,ABM,ABM_R_TCO_EMIS,abm/r_tco_emis/data,r_tco_emis,m,"(1, 10)",2,10,float32,abm27929.nc
27930,ABM,ABM_R_TCO_EMIS,abm/r_tco_emis/data,r_tco_emis,m,"(1, 10)",2,10,float32,abm27930 (2).nc
27931,ABM,ABM_R_TCO_EMIS,abm/r_tco_emis/data,r_tco_emis,m,"(1, 10)",2,10,float32,abm27931 (1).nc
27932,ABM,ABM_R_TCO_EMIS,abm/r_tco_emis/data,r_tco_emis,m,"(1, 10)",2,10,float32,abm27932.nc
27933,ABM,ABM_R_TCO_EMIS,abm/r_tco_emis/data,r_tco_emis,m,"(1, 10)",2,10,float32,abm27933.nc
27934,ABM,ABM_R_TCO_EMIS,abm/r_tco_emis/data,r_tco_emis,m,"(1, 10)",2,10,float32,abm27934.nc
27935,ABM,ABM_R_TCO_EMIS,abm/r_tco_emis/data,r_tco_emis,m,"(1, 10)",2,10,float32,abm27935.nc
27936,ABM,ABM_R_TCO_EMIS,abm/r_tco_emis/data,r_tco_emis,m,"(1, 10)",2,10,float32,abm27936.nc
27937,ABM,ABM_R_TCO_EMIS,abm/r_tco_emis/data,r_tco_emis,m,"(1, 10)",2,10,float32,abm27937.nc
27938,ABM,ABM_R_TCO_EMIS,abm/r_tco_emis/data,r_tco_emis,m,"(1, 10)",2,10,float32,abm27938.nc
27929,ABM,ABM_STATUS,abm/status/data,Status,Status,"(1,)",1,1,float32,abm27929.nc
27930,ABM,ABM_STATUS,abm/status/data,Status,Status,"(1,)",1,1,float32,abm27930 (2).nc
27931,ABM,ABM_STATUS,abm/status/data,Status,Status,"(1,)",1,1,float32,abm27931 (1).nc
27932,ABM,ABM_STATUS,abm/status/data,Status,Status,"(1,)",1,1,float32,abm27932.nc
27933,ABM,ABM_STATUS,abm/status/data,Status,Status,"(1,)",1,1,float32,abm27933.nc
27934,ABM,ABM_STATUS,abm/status/data,Status,Status,"(1,)",1,1,float32,abm27934.nc
27935,ABM,ABM_STATUS,abm/status/data,Status,Status,"(1,)",1,1,float32,abm27935.nc
27936,ABM,ABM_STATUS,abm/status/data,Status,Status,"(1,)",1,1,float32,abm27936.nc
27937,ABM,ABM_STATUS,abm/status/data,Status,Status,"(1,)",1,1,float32,abm27937.nc
27938,ABM,ABM_STATUS,abm/status/data,Status,Status,"(1,)",1,1,float32,abm27938.nc
27929,ABM,ABM_TAUM,abm/taum/data,TAUM,ms,"(1, 32)",2,32,float32,abm27929.nc
27930,ABM,ABM_TAUM,abm/taum/data,TAUM,ms,"(1, 32)",2,32,float32,abm27930 (2).nc
27931,ABM,ABM_TAUM,abm/taum/data,TAUM,ms,"(1, 32)",2,32,float32,abm27931 (1).nc
27932,ABM,ABM_TAUM,abm/taum/data,TAUM,ms,"(1, 32)",2,32,float32,abm27932.nc
27933,ABM,ABM_TAUM,abm/taum/data,TAUM,ms,"(1, 32)",2,32,float32,abm27933.nc
27934,ABM,ABM_TAUM,abm/taum/data,TAUM,ms,"(1, 32)",2,32,float32,abm27934.nc
27935,ABM,ABM_TAUM,abm/taum/data,TAUM,ms,"(1, 32)",2,32,float32,abm27935.nc
27936,ABM,ABM_TAUM,abm/taum/data,TAUM,ms,"(1, 32)",2,32,float32,abm27936.nc
27937,ABM,ABM_TAUM,abm/taum/data,TAUM,ms,"(1, 32)",2,32,float32,abm27937.nc
27938,ABM,ABM_TAUM,abm/taum/data,TAUM,ms,"(1, 32)",2,32,float32,abm27938.nc
27929,ABM,ABM_TCO_EMIS,abm/tco_emis/data,tco_emis,W/m^3,"(7500, 10)",2,75000,float32,abm27929.nc
27930,ABM,ABM_TCO_EMIS,abm/tco_emis/data,tco_emis,W/m^3,"(7500, 10)",2,75000,float32,abm27930 (2).nc
27931,ABM,ABM_TCO_EMIS,abm/tco_emis/data,tco_emis,W/m^3,"(7500, 10)",2,75000,float32,abm27931 (1).nc
27932,ABM,ABM_TCO_EMIS,abm/tco_emis/data,tco_emis,W/m^3,"(7500, 10)",2,75000,float32,abm27932.nc
27933,ABM,ABM_TCO_EMIS,abm/tco_emis/data,tco_emis,W/m^3,"(7500, 10)",2,75000,float32,abm27933.nc
27934,ABM,ABM_TCO_EMIS,abm/tco_emis/data,tco_emis,W/m^3,"(7500, 10)",2,75000,float32,abm27934.nc
27935,ABM,ABM_TCO_EMIS,abm/tco_emis/data,tco_emis,W/m^3,"(7500, 10)",2,75000,float32,abm27935.nc
27936,ABM,ABM_TCO_EMIS,abm/tco_emis/data,tco_emis,W/m^3,"(7500, 10)",2,75000,float32,abm27936.nc
27937,ABM,ABM_TCO_EMIS,abm/tco_emis/data,tco_emis,W/m^3,"(7500, 10)",2,75000,float32,abm27937.nc
27938,ABM,ABM_TCO_EMIS,abm/tco_emis/data,tco_emis,W/m^3,"(7500, 10)",2,75000,float32,abm27938.nc
27929,ABM,ABM_V-BOL,abm/v-bol/data,v-bol,V,"(7500, 32)",2,240000,float32,abm27929.nc
27930,ABM,ABM_V-BOL,abm/v-bol/data,v-bol,V,"(7500, 32)",2,240000,float32,abm27930 (2).nc
27931,ABM,ABM_V-BOL,abm/v-bol/data,v-bol,V,"(7500, 32)",2,240000,float32,abm27931 (1).nc
27932,ABM,ABM_V-BOL,abm/v-bol/data,v-bol,V,"(7500, 32)",2,240000,float32,abm27932.nc
27933,ABM,ABM_V-BOL,abm/v-bol/data,v-bol,V,"(7500, 32)",2,240000,float32,abm27933.nc
27934,ABM,ABM_V-BOL,abm/v-bol/data,v-bol,V,"(7500, 32)",2,240000,float32,abm27934.nc
27935,ABM,ABM_V-BOL,abm/v-bol/data,v-bol,V,"(7500, 32)",2,240000,float32,abm27935.nc
27936,ABM,ABM_V-BOL,abm/v-bol/data,v-bol,V,"(7500, 32)",2,240000,float32,abm27936.nc
27937,ABM,ABM_V-BOL,abm/v-bol/data,v-bol,V,"(7500, 32)",2,240000,float32,abm27937.nc
27938,ABM,ABM_V-BOL,abm/v-bol/data,v-bol,V,"(7500, 32)",2,240000,float32,abm27938.nc
27929,ABM,ABM_VERSION,abm/version/data,Version,Version,"(1,)",1,1,float32,abm27929.nc
27930,ABM,ABM_VERSION,abm/version/data,Version,Version,"(1,)",1,1,float32,abm27930 (2).nc
27931,ABM,ABM_VERSION,abm/version/data,Version,Version,"(1,)",1,1,float32,abm27931 (1).nc
27932,ABM,ABM_VERSION,abm/version/data,Version,Version,"(1,)",1,1,float32,abm27932.nc
27933,ABM,ABM_VERSION,abm/version/data,Version,Version,"(1,)",1,1,float32,abm27933.nc
27934,ABM,ABM_VERSION,abm/version/data,Version,Version,"(1,)",1,1,float32,abm27934.nc
27935,ABM,ABM_VERSION,abm/version/data,Version,Version,"(1,)",1,1,float32,abm27935.nc
27936,ABM,ABM_VERSION,abm/version/data,Version,Version,"(1,)",1,1,float32,abm27936.nc
27937,ABM,ABM_VERSION,abm/version/data,Version,Version,"(1,)",1,1,float32,abm27937.nc
27938,ABM,ABM_VERSION,abm/version/data,Version,Version,"(1,)",1,1,float32,abm27938.nc
27929,ABM,ABM_Z-CHORDS,abm/z-chords/data,z_chords,m,"(1, 32)",2,32,float32,abm27929.nc
27930,ABM,ABM_Z-CHORDS,abm/z-chords/data,z_chords,m,"(1, 32)",2,32,float32,abm27930 (2).nc
27931,ABM,ABM_Z-CHORDS,abm/z-chords/data,z_chords,m,"(1, 32)",2,32,float32,abm27931 (1).nc
27932,ABM,ABM_Z-CHORDS,abm/z-chords/data,z_chords,m,"(1, 32)",2,32,float32,abm27932.nc
27933,ABM,ABM_Z-CHORDS,abm/z-chords/data,z_chords,m,"(1, 32)",2,32,float32,abm27933.nc
27934,ABM,ABM_Z-CHORDS,abm/z-chords/data,z_chords,m,"(1, 32)",2,32,float32,abm27934.nc
27935,ABM,ABM_Z-CHORDS,abm/z-chords/data,z_chords,m,"(1, 32)",2,32,float32,abm27935.nc
27936,ABM,ABM_Z-CHORDS,abm/z-chords/data,z_chords,m,"(1, 32)",2,32,float32,abm27936.nc
27937,ABM,ABM_Z-CHORDS,abm/z-chords/data,z_chords,m,"(1, 32)",2,32,float32,abm27937.nc
27938,ABM,ABM_Z-CHORDS,abm/z-chords/data,z_chords,m,"(1, 32)",2,32,float32,abm27938.nc
27929,ABM,ABM_Z-SLITS,abm/z-slits/data,z_slits,m,"(1, 32)",2,32,float32,abm27929.nc
27930,ABM,ABM_Z-SLITS,abm/z-slits/data,z_slits,m,"(1, 32)",2,32,float32,abm27930 (2).nc
27931,ABM,ABM_Z-SLITS,abm/z-slits/data,z_slits,m,"(1, 32)",2,32,float32,abm27931 (1).nc
27932,ABM,ABM_Z-SLITS,abm/z-slits/data,z_slits,m,"(1, 32)",2,32,float32,abm27932.nc
27933,ABM,ABM_Z-SLITS,abm/z-slits/data,z_slits,m,"(1, 32)",2,32,float32,abm27933.nc
27934,ABM,ABM_Z-SLITS,abm/z-slits/data,z_slits,m,"(1, 32)",2,32,float32,abm27934.nc
27935,ABM,ABM_Z-SLITS,abm/z-slits/data,z_slits,m,"(1, 32)",2,32,float32,abm27935.nc
27936,ABM,ABM_Z-SLITS,abm/z-slits/data,z_slits,m,"(1, 32)",2,32,float32,abm27936.nc
27937,ABM,ABM_Z-SLITS,abm/z-slits/data,z_slits,m,"(1, 32)",2,32,float32,abm27937.nc
27938,ABM,ABM_Z-SLITS,abm/z-slits/data,z_slits,m,"(1, 32)",2,32,float32,abm27938.nc
27937,ACD,ACD_PASSNUMBER,acd/passnumber/data,Pass,Pass,"(1,)",1,1,int32,acd27937.nc
27938,ACD,ACD_PASSNUMBER,acd/passnumber/data,Pass,Pass,"(1,)",1,1,int32,acd27938.nc
27937,ACD,ACD_SS_OTRES_C6EMIS,acd/ss_otres_c6emis/data,c6chord brightness,ph/ster/m2/s,"(25, 64)",2,1600,float32,acd27937.nc
27938,ACD,ACD_SS_OTRES_C6EMIS,acd/ss_otres_c6emis/data,c6chord brightness,ph/ster/m2/s,"(29, 64)",2,1856,float32,acd27938.nc
27937,ACD,ACD_SS_SNPFIT_C6D,acd/ss_snpfit_c6d/data,Density,particles/m3,"(3, 64)",2,192,float32,acd27937.nc
27938,ACD,ACD_SS_SNPFIT_C6D,acd/ss_snpfit_c6d/data,Density,particles/m3,"(2, 64)",2,128,float32,acd27938.nc
27937,ACD,ACD_SS_SNPFIT_C6EMIS,acd/ss_snpfit_c6emis/data,c6chord brightness,ph/ster/m2/s,"(3, 64)",2,192,float32,acd27937.nc
27938,ACD,ACD_SS_SNPFIT_C6EMIS,acd/ss_snpfit_c6emis/data,c6chord brightness,ph/ster/m2/s,"(2, 64)",2,128,float32,acd27938.nc
27937,ACD,ACD_SS_SNPFIT_C6ONLY_ZF,acd/ss_snpfit_c6only_zf/data,Z-effective,Average Prot,"(3, 64)",2,192,float32,acd27937.nc
27938,ACD,ACD_SS_SNPFIT_C6ONLY_ZF,acd/ss_snpfit_c6only_zf/data,Z-effective,Average Prot,"(2, 64)",2,128,float32,acd27938.nc
27937,ACD,ACD_SS_SNPRAW_C6D,acd/ss_snpraw_c6d/data,Density,particles/m3,"(3, 64)",2,192,float32,acd27937.nc
27938,ACD,ACD_SS_SNPRAW_C6D,acd/ss_snpraw_c6d/data,Density,particles/m3,"(2, 64)",2,128,float32,acd27938.nc
27937,ACD,ACD_SS_SNPRAW_C6EMIS,acd/ss_snpraw_c6emis/data,c6chord brightness,ph/ster/m2/s,"(3, 64)",2,192,float32,acd27937.nc
27938,ACD,ACD_SS_SNPRAW_C6EMIS,acd/ss_snpraw_c6emis/data,c6chord brightness,ph/ster/m2/s,"(2, 64)",2,128,float32,acd27938.nc
27937,ACD,ACD_SS_SNPRAW_C6ONLY_ZF,acd/ss_snpraw_c6only_zf/data,Z-effective,Average Prot,"(3, 64)",2,192,float32,acd27937.nc
27938,ACD,ACD_SS_SNPRAW_C6ONLY_ZF,acd/ss_snpraw_c6only_zf/data,Z-effective,Average Prot,"(2, 64)",2,128,float32,acd27938.nc
27937,ACD,ACD_SS_TRESFT_C6DNS,acd/ss_tresft_c6dns/data,Density,particles/m3,"(25, 64)",2,1600,float32,acd27937.nc
27938,ACD,ACD_SS_TRESFT_C6DNS,acd/ss_tresft_c6dns/data,Density,particles/m3,"(29, 64)",2,1856,float32,acd27938.nc
27937,ACD,ACD_SS_TRESFT_C6EMIS,acd/ss_tresft_c6emis/data,c6chord brightness,ph/ster/m2/s,"(25, 64)",2,1600,float32,acd27937.nc
27938,ACD,ACD_SS_TRESFT_C6EMIS,acd/ss_tresft_c6emis/data,c6chord brightness,ph/ster/m2/s,"(29, 64)",2,1856,float32,acd27938.nc
27937,ACD,ACD_SS_TRESFT_C6ONLY_ZF,acd/ss_tresft_c6only_zf/data,Z-effective,Average Prot,"(25, 64)",2,1600,float32,acd27937.nc
27938,ACD,ACD_SS_TRESFT_C6ONLY_ZF,acd/ss_tresft_c6only_zf/data,Z-effective,Average Prot,"(29, 64)",2,1856,float32,acd27938.nc
27937,ACD,ACD_SS_TRESRW_C6DNS,acd/ss_tresrw_c6dns/data,Density,particles/m3,"(25, 64)",2,1600,float32,acd27937.nc
27938,ACD,ACD_SS_TRESRW_C6DNS,acd/ss_tresrw_c6dns/data,Density,particles/m3,"(29, 64)",2,1856,float32,acd27938.nc
27937,ACD,ACD_SS_TRESRW_C6EMIS,acd/ss_tresrw_c6emis/data,c6chord brightness,ph/ster/m2/s,"(25, 64)",2,1600,float32,acd27937.nc
27938,ACD,ACD_SS_TRESRW_C6EMIS,acd/ss_tresrw_c6emis/data,c6chord brightness,ph/ster/m2/s,"(29, 64)",2,1856,float32,acd27938.nc
27937,ACD,ACD_SS_TRESRW_C6ONLY_ZF,acd/ss_tresrw_c6only_zf/data,Z-effective,Average Prot,"(25, 64)",2,1600,float32,acd27937.nc
27938,ACD,ACD_SS_TRESRW_C6ONLY_ZF,acd/ss_tresrw_c6only_zf/data,Z-effective,Average Prot,"(29, 64)",2,1856,float32,acd27938.nc
27937,ACD,ACD_STATUS,acd/status/data,Status,Status,"(1,)",1,1,int32,acd27937.nc
27938,ACD,ACD_STATUS,acd/status/data,Status,Status,"(1,)",1,1,int32,acd27938.nc
27937,ACT,ACT_C_PLA_CUTOFF,act/c_pla_cutoff/data,Cutoff (slice no),no,"(1, 3)",2,3,float32,act27937.nc
27938,ACT,ACT_C_PLA_CUTOFF,act/c_pla_cutoff/data,Cutoff (slice no),no,"(1, 2)",2,2,float32,act27938.nc
27937,ACT,ACT_C_PLA_CUTOFFTIME,act/c_pla_cutofftime/data,Cutofftime,s,"(1, 3)",2,3,float32,act27937.nc
27938,ACT,ACT_C_PLA_CUTOFFTIME,act/c_pla_cutofftime/data,Cutofftime,s,"(1, 2)",2,2,float32,act27938.nc
27937,ACT,ACT_C_PLA_CX_COUNTS,act/c_pla_cx_counts/data,CX counts (fitted),Photo electr,"(3, 32)",2,96,float32,act27937.nc
27938,ACT,ACT_C_PLA_CX_COUNTS,act/c_pla_cx_counts/data,CX counts (fitted),Photo electr,"(2, 32)",2,64,float32,act27938.nc
27937,ACT,ACT_C_PLA_FITTED_SPECTR,act/c_pla_fitted_spectr/data,Fitted spectrum,Photo electr,"(1, 32, 60)",3,1920,float32,act27937.nc
27938,ACT,ACT_C_PLA_FITTED_SPECTR,act/c_pla_fitted_spectr/data,Fitted spectrum,Photo electr,"(1, 32, 60)",3,1920,float32,act27938.nc
27937,ACT,ACT_C_PLA_RAW_SPECTRUM,act/c_pla_raw_spectrum/data,Raw spectrum,Photo electr,"(3, 32, 60)",3,5760,float32,act27937.nc
27938,ACT,ACT_C_PLA_RAW_SPECTRUM,act/c_pla_raw_spectrum/data,Raw spectrum,Photo electr,"(2, 32, 60)",3,3840,float32,act27938.nc
27937,ACT,ACT_C_PLA_TEMPERATURE,act/c_pla_temperature/data,Carbon temperature,eV,"(3, 32)",2,96,float32,act27937.nc
27938,ACT,ACT_C_PLA_TEMPERATURE,act/c_pla_temperature/data,Carbon temperature,eV,"(2, 32)",2,64,float32,act27938.nc
27937,ACT,ACT_C_PLA_VELOCITY,act/c_pla_velocity/data,Carbon Velocity,m/s,"(3, 32)",2,96,float32,act27937.nc
27938,ACT,ACT_C_PLA_VELOCITY,act/c_pla_velocity/data,Carbon Velocity,m/s,"(2, 32)",2,64,float32,act27938.nc
27937,ACT,ACT_C_SS_CUTOFF,act/c_ss_cutoff/data,Cutoff (slice no),no,"(1, 3)",2,3,float32,act27937.nc
27938,ACT,ACT_C_SS_CUTOFF,act/c_ss_cutoff/data,Cutoff (slice no),no,"(1, 2)",2,2,float32,act27938.nc
27937,ACT,ACT_C_SS_CUTOFFTIME,act/c_ss_cutofftime/data,Cutofftime,s,"(1, 3)",2,3,float32,act27937.nc
27938,ACT,ACT_C_SS_CUTOFFTIME,act/c_ss_cutofftime/data,Cutofftime,s,"(1, 2)",2,2,float32,act27938.nc
27937,ACT,ACT_C_SS_CX_COUNTS,act/c_ss_cx_counts/data,CX counts (fitted),Photo electr,"(3, 64)",2,192,float32,act27937.nc
27938,ACT,ACT_C_SS_CX_COUNTS,act/c_ss_cx_counts/data,CX counts (fitted),Photo electr,"(2, 64)",2,128,float32,act27938.nc
27937,ACT,ACT_C_SS_FITTED_SPECTRU,act/c_ss_fitted_spectru/data,Fitted spectrum,Photo electr,"(1, 64, 60)",3,3840,float32,act27937.nc
27938,ACT,ACT_C_SS_FITTED_SPECTRU,act/c_ss_fitted_spectru/data,Fitted spectrum,Photo electr,"(1, 64, 60)",3,3840,float32,act27938.nc
27937,ACT,ACT_C_SS_RAW_SPECTRUM,act/c_ss_raw_spectrum/data,Raw spectrum,Photo electr,"(3, 64, 60)",3,11520,float32,act27937.nc
27938,ACT,ACT_C_SS_RAW_SPECTRUM,act/c_ss_raw_spectrum/data,Raw spectrum,Photo electr,"(2, 64, 60)",3,7680,float32,act27938.nc
27937,ACT,ACT_C_SS_TEMPERATURE,act/c_ss_temperature/data,Carbon temperature,eV,"(3, 64)",2,192,float32,act27937.nc
27938,ACT,ACT_C_SS_TEMPERATURE,act/c_ss_temperature/data,Carbon temperature,eV,"(2, 64)",2,128,float32,act27938.nc
27937,ACT,ACT_C_SS_VELOCITY,act/c_ss_velocity/data,Carbon Velocity,m/s,"(3, 64)",2,192,float32,act27937.nc
27938,ACT,ACT_C_SS_VELOCITY,act/c_ss_velocity/data,Carbon Velocity,m/s,"(2, 64)",2,128,float32,act27938.nc
27937,ACT,ACT_LOSTFRAMES,act/lostframes/data,Lost frames,,"(1,)",1,1,float32,act27937.nc
27938,ACT,ACT_LOSTFRAMES,act/lostframes/data,Lost frames,,"(1,)",1,1,float32,act27938.nc
27937,ACT,ACT_PASSNUMBER,act/passnumber/data,Pass,Pass,"(1,)",1,1,int32,act27937.nc
27938,ACT,ACT_PASSNUMBER,act/passnumber/data,Pass,Pass,"(1,)",1,1,int32,act27938.nc
27937,ACT,ACT_RADFITC,act/radfitc/data,Radial fit coefficients,,"(1, 11)",2,11,float32,act27937.nc
27938,ACT,ACT_RADFITC,act/radfitc/data,Radial fit coefficients,,"(1, 11)",2,11,float32,act27938.nc
27937,ACT,ACT_SS_BGSPEC,act/ss_bgspec/data,Background spectrum,Photo electr,"(130, 64, 60)",3,499200,float32,act27937.nc
27938,ACT,ACT_SS_BGSPEC,act/ss_bgspec/data,Background spectrum,Photo electr,"(130, 64, 60)",3,499200,float32,act27938.nc
27937,ACT,ACT_SS_CHISQ,act/ss_chisq/data,Chisq,,"(130, 64)",2,8320,float32,act27937.nc
27938,ACT,ACT_SS_CHISQ,act/ss_chisq/data,Chisq,,"(130, 64)",2,8320,float32,act27938.nc
27937,ACT,ACT_SS_COVARIANCE,act/ss_covariance/data,"Int, Pos, Wid, Alpha cov",N/A,"(130, 64, 16)",3,133120,float32,act27937.nc
27938,ACT,ACT_SS_COVARIANCE,act/ss_covariance/data,"Int, Pos, Wid, Alpha cov",N/A,"(130, 64, 16)",3,133120,float32,act27938.nc
27937,ACT,ACT_SS_CX2BGRATIO,act/ss_cx2bgratio/data,CX/BG ratio,N/A,"(130, 64)",2,8320,float32,act27937.nc
27938,ACT,ACT_SS_CX2BGRATIO,act/ss_cx2bgratio/data,CX/BG ratio,N/A,"(130, 64)",2,8320,float32,act27938.nc
27937,ACT,ACT_SS_CXSPEC,act/ss_cxspec/data,Active spectrum,Photo electr,"(130, 64, 60)",3,499200,float32,act27937.nc
27938,ACT,ACT_SS_CXSPEC,act/ss_cxspec/data,Active spectrum,Photo electr,"(130, 64, 60)",3,499200,float32,act27938.nc
27937,ACT,ACT_SS_CX_COUNTS,act/ss_cx_counts/data,CX counts (fitted),Photo electr,"(130, 64)",2,8320,float32,act27937.nc
27938,ACT,ACT_SS_CX_COUNTS,act/ss_cx_counts/data,CX counts (fitted),Photo electr,"(130, 64)",2,8320,float32,act27938.nc
27937,ACT,ACT_SS_CX_EMISSIVITY,act/ss_cx_emissivity/data,CX emissivity,s-1 m-2 sr-1,"(130, 64)",2,8320,float32,act27937.nc
27938,ACT,ACT_SS_CX_EMISSIVITY,act/ss_cx_emissivity/data,CX emissivity,s-1 m-2 sr-1,"(130, 64)",2,8320,float32,act27938.nc
27937,ACT,ACT_SS_FITS,act/ss_fits/data,Fitted spectrum,Photo electr,"(130, 64, 60)",3,499200,float32,act27937.nc
27938,ACT,ACT_SS_FITS,act/ss_fits/data,Fitted spectrum,Photo electr,"(130, 64, 60)",3,499200,float32,act27938.nc
27937,ACT,ACT_SS_SPECTRA,act/ss_spectra/data,Spectrum,Photo electr,"(130, 64, 60)",3,499200,float32,act27937.nc
27938,ACT,ACT_SS_SPECTRA,act/ss_spectra/data,Spectrum,Photo electr,"(130, 64, 60)",3,499200,float32,act27938.nc
27937,ACT,ACT_SS_TEMPERATURE,act/ss_temperature/data,Carbon temperature,eV,"(130, 64)",2,8320,float32,act27937.nc
27938,ACT,ACT_SS_TEMPERATURE,act/ss_temperature/data,Carbon temperature,eV,"(130, 64)",2,8320,float32,act27938.nc
27937,ACT,ACT_SS_VELOCITY,act/ss_velocity/data,Carbon Velocity,m/s,"(130, 64)",2,8320,float32,act27937.nc
27938,ACT,ACT_SS_VELOCITY,act/ss_velocity/data,Carbon Velocity,m/s,"(130, 64)",2,8320,float32,act27938.nc
27937,ACT,ACT_STATUS,act/status/data,Status,Status,"(1,)",1,1,int32,act27937.nc
27938,ACT,ACT_STATUS,act/status/data,Status,Status,"(1,)",1,1,int32,act27938.nc
27937,ACT,ACT__C_PLB_CUTOFF,act/c_plb_cutoff/data,Cutoff (slice no),no,"(1, 3)",2,3,float32,act27937.nc
27938,ACT,ACT__C_PLB_CUTOFF,act/c_plb_cutoff/data,Cutoff (slice no),no,"(1, 2)",2,2,float32,act27938.nc
27937,ACT,ACT__C_PLB_CUTOFFTIME,act/c_plb_cutofftime/data,Cutofftime,s,"(1, 3)",2,3,float32,act27937.nc
27938,ACT,ACT__C_PLB_CUTOFFTIME,act/c_plb_cutofftime/data,Cutofftime,s,"(1, 2)",2,2,float32,act27938.nc
27937,ACT,ACT__C_PLB_CX_COUNTS,act/c_plb_cx_counts/data,CX counts (fitted),Photo electr,"(3, 32)",2,96,float32,act27937.nc
27938,ACT,ACT__C_PLB_CX_COUNTS,act/c_plb_cx_counts/data,CX counts (fitted),Photo electr,"(2, 32)",2,64,float32,act27938.nc
27937,ACT,ACT__C_PLB_FITTED_SPECT,act/c_plb_fitted_spect/data,Fitted spectrum,Photo electr,"(1, 32, 60)",3,1920,float32,act27937.nc
27938,ACT,ACT__C_PLB_FITTED_SPECT,act/c_plb_fitted_spect/data,Fitted spectrum,Photo electr,"(1, 32, 60)",3,1920,float32,act27938.nc
27937,ACT,ACT__C_PLB_RAW_SPECTRUM,act/c_plb_raw_spectrum/data,Raw spectrum,Photo electr,"(3, 32, 60)",3,5760,float32,act27937.nc
27938,ACT,ACT__C_PLB_RAW_SPECTRUM,act/c_plb_raw_spectrum/data,Raw spectrum,Photo electr,"(2, 32, 60)",3,3840,float32,act27938.nc
27937,ACT,ACT__C_PLB_TEMPERATURE,act/c_plb_temperature/data,Carbon temperature,eV,"(3, 32)",2,96,float32,act27937.nc
27938,ACT,ACT__C_PLB_TEMPERATURE,act/c_plb_temperature/data,Carbon temperature,eV,"(2, 32)",2,64,float32,act27938.nc
27937,ACT,ACT__C_PLB_VELOCITY,act/c_plb_velocity/data,Carbon Velocity,m/s,"(3, 32)",2,96,float32,act27937.nc
27938,ACT,ACT__C_PLB_VELOCITY,act/c_plb_velocity/data,Carbon Velocity,m/s,"(2, 32)",2,64,float32,act27938.nc
27929,ADA,ADA_DALPHA INTEGRATED,ada/dalpha_integrated/data,Integrated Dalpha,arb,"(500,)",1,500,float32,ada27929.nc
27930,ADA,ADA_DALPHA INTEGRATED,ada/dalpha_integrated/data,Integrated Dalpha,arb,"(500,)",1,500,float32,ada27930 (2).nc
27931,ADA,ADA_DALPHA INTEGRATED,ada/dalpha_integrated/data,Integrated Dalpha,arb,"(500,)",1,500,float32,ada27931 (1).nc
27932,ADA,ADA_DALPHA INTEGRATED,ada/dalpha_integrated/data,Integrated Dalpha,arb,"(500,)",1,500,float32,ada27932.nc
27933,ADA,ADA_DALPHA INTEGRATED,ada/dalpha_integrated/data,Integrated Dalpha,arb,"(500,)",1,500,float32,ada27933.nc
27934,ADA,ADA_DALPHA INTEGRATED,ada/dalpha_integrated/data,Integrated Dalpha,arb,"(500,)",1,500,float32,ada27934.nc
27935,ADA,ADA_DALPHA INTEGRATED,ada/dalpha_integrated/data,Integrated Dalpha,arb,"(500,)",1,500,float32,ada27935.nc
27936,ADA,ADA_DALPHA INTEGRATED,ada/dalpha_integrated/data,Integrated Dalpha,arb,"(500,)",1,500,float32,ada27936.nc
27937,ADA,ADA_DALPHA INTEGRATED,ada/dalpha_integrated/data,Integrated Dalpha,arb,"(500,)",1,500,float32,ada27937.nc
27938,ADA,ADA_DALPHA INTEGRATED,ada/dalpha_integrated/data,Integrated Dalpha,arb,"(500,)",1,500,float32,ada27938.nc
27929,ADA,ADA_DALPHA INVERTED,ada/dalpha_inverted/data,Radial Dalpha profile,Phm^-3s^-1,"(291, 1155)",2,336105,float32,ada27929.nc
27930,ADA,ADA_DALPHA INVERTED,ada/dalpha_inverted/data,Radial Dalpha profile,Phm^-3s^-1,"(291, 1155)",2,336105,float32,ada27930 (2).nc
27931,ADA,ADA_DALPHA INVERTED,ada/dalpha_inverted/data,Radial Dalpha profile,Phm^-3s^-1,"(291, 1155)",2,336105,float32,ada27931 (1).nc
27932,ADA,ADA_DALPHA INVERTED,ada/dalpha_inverted/data,Radial Dalpha profile,Phm^-3s^-1,"(291, 1155)",2,336105,float32,ada27932.nc
27933,ADA,ADA_DALPHA INVERTED,ada/dalpha_inverted/data,Radial Dalpha profile,Phm^-3s^-1,"(291, 1155)",2,336105,float32,ada27933.nc
27934,ADA,ADA_DALPHA INVERTED,ada/dalpha_inverted/data,Radial Dalpha profile,Phm^-3s^-1,"(291, 1155)",2,336105,float32,ada27934.nc
27935,ADA,ADA_DALPHA INVERTED,ada/dalpha_inverted/data,Radial Dalpha profile,Phm^-3s^-1,"(291, 1155)",2,336105,float32,ada27935.nc
27936,ADA,ADA_DALPHA INVERTED,ada/dalpha_inverted/data,Radial Dalpha profile,Phm^-3s^-1,"(291, 1155)",2,336105,float32,ada27936.nc
27937,ADA,ADA_DALPHA INVERTED,ada/dalpha_inverted/data,Radial Dalpha profile,Phm^-3s^-1,"(291, 1155)",2,336105,float32,ada27937.nc
27938,ADA,ADA_DALPHA INVERTED,ada/dalpha_inverted/data,Radial Dalpha profile,Phm^-3s^-1,"(291, 1155)",2,336105,float32,ada27938.nc
27929,ADA,ADA_DALPHA PEAK RADIUS,ada/dalpha_peak_radius/data,Dalpha peak radius,m,"(500,)",1,500,float32,ada27929.nc
27930,ADA,ADA_DALPHA PEAK RADIUS,ada/dalpha_peak_radius/data,Dalpha peak radius,m,"(500,)",1,500,float32,ada27930 (2).nc
27931,ADA,ADA_DALPHA PEAK RADIUS,ada/dalpha_peak_radius/data,Dalpha peak radius,m,"(500,)",1,500,float32,ada27931 (1).nc
27932,ADA,ADA_DALPHA PEAK RADIUS,ada/dalpha_peak_radius/data,Dalpha peak radius,m,"(500,)",1,500,float32,ada27932.nc
27933,ADA,ADA_DALPHA PEAK RADIUS,ada/dalpha_peak_radius/data,Dalpha peak radius,m,"(500,)",1,500,float32,ada27933.nc
27934,ADA,ADA_DALPHA PEAK RADIUS,ada/dalpha_peak_radius/data,Dalpha peak radius,m,"(500,)",1,500,float32,ada27934.nc
27935,ADA,ADA_DALPHA PEAK RADIUS,ada/dalpha_peak_radius/data,Dalpha peak radius,m,"(500,)",1,500,float32,ada27935.nc
27936,ADA,ADA_DALPHA PEAK RADIUS,ada/dalpha_peak_radius/data,Dalpha peak radius,m,"(500,)",1,500,float32,ada27936.nc
27937,ADA,ADA_DALPHA PEAK RADIUS,ada/dalpha_peak_radius/data,Dalpha peak radius,m,"(500,)",1,500,float32,ada27937.nc
27938,ADA,ADA_DALPHA PEAK RADIUS,ada/dalpha_peak_radius/data,Dalpha peak radius,m,"(500,)",1,500,float32,ada27938.nc
27929,ADA,ADA_DALPHA RAW_FULL,ada/dalpha_raw_full/data,Raw LinCAM signal,Phm^-2s^-1,"(291, 1024)",2,297984,float32,ada27929.nc
27930,ADA,ADA_DALPHA RAW_FULL,ada/dalpha_raw_full/data,Raw LinCAM signal,Phm^-2s^-1,"(291, 1024)",2,297984,float32,ada27930 (2).nc
27931,ADA,ADA_DALPHA RAW_FULL,ada/dalpha_raw_full/data,Raw LinCAM signal,Phm^-2s^-1,"(291, 1024)",2,297984,float32,ada27931 (1).nc
27932,ADA,ADA_DALPHA RAW_FULL,ada/dalpha_raw_full/data,Raw LinCAM signal,Phm^-2s^-1,"(291, 1024)",2,297984,float32,ada27932.nc
27933,ADA,ADA_DALPHA RAW_FULL,ada/dalpha_raw_full/data,Raw LinCAM signal,Phm^-2s^-1,"(291, 1024)",2,297984,float32,ada27933.nc
27934,ADA,ADA_DALPHA RAW_FULL,ada/dalpha_raw_full/data,Raw LinCAM signal,Phm^-2s^-1,"(291, 1024)",2,297984,float32,ada27934.nc
27935,ADA,ADA_DALPHA RAW_FULL,ada/dalpha_raw_full/data,Raw LinCAM signal,Phm^-2s^-1,"(291, 1024)",2,297984,float32,ada27935.nc
27936,ADA,ADA_DALPHA RAW_FULL,ada/dalpha_raw_full/data,Raw LinCAM signal,Phm^-2s^-1,"(291, 1024)",2,297984,float32,ada27936.nc
27937,ADA,ADA_DALPHA RAW_FULL,ada/dalpha_raw_full/data,Raw LinCAM signal,Phm^-2s^-1,"(291, 1024)",2,297984,float32,ada27937.nc
27938,ADA,ADA_DALPHA RAW_FULL,ada/dalpha_raw_full/data,Raw LinCAM signal,Phm^-2s^-1,"(291, 1024)",2,297984,float32,ada27938.nc
27929,ADA,ADA_GEO_FULL,ada/geo_full/data,raw radius,m,"(1, 1024)",2,1024,float32,ada27929.nc
27930,ADA,ADA_GEO_FULL,ada/geo_full/data,raw radius,m,"(1, 1024)",2,1024,float32,ada27930 (2).nc
27931,ADA,ADA_GEO_FULL,ada/geo_full/data,raw radius,m,"(1, 1024)",2,1024,float32,ada27931 (1).nc
27932,ADA,ADA_GEO_FULL,ada/geo_full/data,raw radius,m,"(1, 1024)",2,1024,float32,ada27932.nc
27933,ADA,ADA_GEO_FULL,ada/geo_full/data,raw radius,m,"(1, 1024)",2,1024,float32,ada27933.nc
27934,ADA,ADA_GEO_FULL,ada/geo_full/data,raw radius,m,"(1, 1024)",2,1024,float32,ada27934.nc
27935,ADA,ADA_GEO_FULL,ada/geo_full/data,raw radius,m,"(1, 1024)",2,1024,float32,ada27935.nc
27936,ADA,ADA_GEO_FULL,ada/geo_full/data,raw radius,m,"(1, 1024)",2,1024,float32,ada27936.nc
27937,ADA,ADA_GEO_FULL,ada/geo_full/data,raw radius,m,"(1, 1024)",2,1024,float32,ada27937.nc
27938,ADA,ADA_GEO_FULL,ada/geo_full/data,raw radius,m,"(1, 1024)",2,1024,float32,ada27938.nc
27929,ADA,ADA_INNER INTEGRATED,ada/inner_integrated/data,Integrated Dalpha,arb,"(500,)",1,500,float32,ada27929.nc
27930,ADA,ADA_INNER INTEGRATED,ada/inner_integrated/data,Integrated Dalpha,arb,"(500,)",1,500,float32,ada27930 (2).nc
27931,ADA,ADA_INNER INTEGRATED,ada/inner_integrated/data,Integrated Dalpha,arb,"(500,)",1,500,float32,ada27931 (1).nc
27932,ADA,ADA_INNER INTEGRATED,ada/inner_integrated/data,Integrated Dalpha,arb,"(500,)",1,500,float32,ada27932.nc
27933,ADA,ADA_INNER INTEGRATED,ada/inner_integrated/data,Integrated Dalpha,arb,"(500,)",1,500,float32,ada27933.nc
27934,ADA,ADA_INNER INTEGRATED,ada/inner_integrated/data,Integrated Dalpha,arb,"(500,)",1,500,float32,ada27934.nc
27935,ADA,ADA_INNER INTEGRATED,ada/inner_integrated/data,Integrated Dalpha,arb,"(500,)",1,500,float32,ada27935.nc
27936,ADA,ADA_INNER INTEGRATED,ada/inner_integrated/data,Integrated Dalpha,arb,"(500,)",1,500,float32,ada27936.nc
27937,ADA,ADA_INNER INTEGRATED,ada/inner_integrated/data,Integrated Dalpha,arb,"(500,)",1,500,float32,ada27937.nc
27938,ADA,ADA_INNER INTEGRATED,ada/inner_integrated/data,Integrated Dalpha,arb,"(500,)",1,500,float32,ada27938.nc
27929,ADA,ADA_INNER PEAK RADIUS,ada/inner_peak_radius/data,Dalpha peak radius,m,"(500,)",1,500,float32,ada27929.nc
27930,ADA,ADA_INNER PEAK RADIUS,ada/inner_peak_radius/data,Dalpha peak radius,m,"(500,)",1,500,float32,ada27930 (2).nc
27931,ADA,ADA_INNER PEAK RADIUS,ada/inner_peak_radius/data,Dalpha peak radius,m,"(500,)",1,500,float32,ada27931 (1).nc
27932,ADA,ADA_INNER PEAK RADIUS,ada/inner_peak_radius/data,Dalpha peak radius,m,"(500,)",1,500,float32,ada27932.nc
27933,ADA,ADA_INNER PEAK RADIUS,ada/inner_peak_radius/data,Dalpha peak radius,m,"(500,)",1,500,float32,ada27933.nc
27934,ADA,ADA_INNER PEAK RADIUS,ada/inner_peak_radius/data,Dalpha peak radius,m,"(500,)",1,500,float32,ada27934.nc
27935,ADA,ADA_INNER PEAK RADIUS,ada/inner_peak_radius/data,Dalpha peak radius,m,"(500,)",1,500,float32,ada27935.nc
27936,ADA,ADA_INNER PEAK RADIUS,ada/inner_peak_radius/data,Dalpha peak radius,m,"(500,)",1,500,float32,ada27936.nc
27937,ADA,ADA_INNER PEAK RADIUS,ada/inner_peak_radius/data,Dalpha peak radius,m,"(500,)",1,500,float32,ada27937.nc
27938,ADA,ADA_INNER PEAK RADIUS,ada/inner_peak_radius/data,Dalpha peak radius,m,"(500,)",1,500,float32,ada27938.nc
27929,ADA,ADA_PASSNUMBER,ada/passnumber/data,Passno,Passno,"(1,)",1,1,float32,ada27929.nc
27930,ADA,ADA_PASSNUMBER,ada/passnumber/data,Passno,Passno,"(1,)",1,1,float32,ada27930 (2).nc
27931,ADA,ADA_PASSNUMBER,ada/passnumber/data,Passno,Passno,"(1,)",1,1,float32,ada27931 (1).nc
27932,ADA,ADA_PASSNUMBER,ada/passnumber/data,Passno,Passno,"(1,)",1,1,float32,ada27932.nc
27933,ADA,ADA_PASSNUMBER,ada/passnumber/data,Passno,Passno,"(1,)",1,1,float32,ada27933.nc
27934,ADA,ADA_PASSNUMBER,ada/passnumber/data,Passno,Passno,"(1,)",1,1,float32,ada27934.nc
27935,ADA,ADA_PASSNUMBER,ada/passnumber/data,Passno,Passno,"(1,)",1,1,float32,ada27935.nc
27936,ADA,ADA_PASSNUMBER,ada/passnumber/data,Passno,Passno,"(1,)",1,1,float32,ada27936.nc
27937,ADA,ADA_PASSNUMBER,ada/passnumber/data,Passno,Passno,"(1,)",1,1,float32,ada27937.nc
27938,ADA,ADA_PASSNUMBER,ada/passnumber/data,Passno,Passno,"(1,)",1,1,float32,ada27938.nc
27929,ADA,ADA_STATUS,ada/status/data,Status,Status,"(1,)",1,1,float32,ada27929.nc
27930,ADA,ADA_STATUS,ada/status/data,Status,Status,"(1,)",1,1,float32,ada27930 (2).nc
27931,ADA,ADA_STATUS,ada/status/data,Status,Status,"(1,)",1,1,float32,ada27931 (1).nc
27932,ADA,ADA_STATUS,ada/status/data,Status,Status,"(1,)",1,1,float32,ada27932.nc
27933,ADA,ADA_STATUS,ada/status/data,Status,Status,"(1,)",1,1,float32,ada27933.nc
27934,ADA,ADA_STATUS,ada/status/data,Status,Status,"(1,)",1,1,float32,ada27934.nc
27935,ADA,ADA_STATUS,ada/status/data,Status,Status,"(1,)",1,1,float32,ada27935.nc
27936,ADA,ADA_STATUS,ada/status/data,Status,Status,"(1,)",1,1,float32,ada27936.nc
27937,ADA,ADA_STATUS,ada/status/data,Status,Status,"(1,)",1,1,float32,ada27937.nc
27938,ADA,ADA_STATUS,ada/status/data,Status,Status,"(1,)",1,1,float32,ada27938.nc
27929,ADG,ADG_DENSITY_GRADIENT,adg/density_gradient/data,m-4,m-4,"(291,)",1,291,float32,adg27929.nc
27930,ADG,ADG_DENSITY_GRADIENT,adg/density_gradient/data,m-4,m-4,"(291,)",1,291,float32,adg27930 (2).nc
27931,ADG,ADG_DENSITY_GRADIENT,adg/density_gradient/data,m-4,m-4,"(291,)",1,291,float32,adg27931 (1).nc
27932,ADG,ADG_DENSITY_GRADIENT,adg/density_gradient/data,m-4,m-4,"(291,)",1,291,float32,adg27932.nc
27933,ADG,ADG_DENSITY_GRADIENT,adg/density_gradient/data,m-4,m-4,"(291,)",1,291,float32,adg27933.nc
27934,ADG,ADG_DENSITY_GRADIENT,adg/density_gradient/data,m-4,m-4,"(291,)",1,291,float32,adg27934.nc
27935,ADG,ADG_DENSITY_GRADIENT,adg/density_gradient/data,m-4,m-4,"(291,)",1,291,float32,adg27935.nc
27936,ADG,ADG_DENSITY_GRADIENT,adg/density_gradient/data,m-4,m-4,"(291,)",1,291,float32,adg27936.nc
27937,ADG,ADG_DENSITY_GRADIENT,adg/density_gradient/data,m-4,m-4,"(291,)",1,291,float32,adg27937.nc
27938,ADG,ADG_DENSITY_GRADIENT,adg/density_gradient/data,m-4,m-4,"(291,)",1,291,float32,adg27938.nc
27929,ADG,ADG_GRADIENT_POSITION,adg/gradient_position/data,m,m,"(291,)",1,291,float32,adg27929.nc
27930,ADG,ADG_GRADIENT_POSITION,adg/gradient_position/data,m,m,"(291,)",1,291,float32,adg27930 (2).nc
27931,ADG,ADG_GRADIENT_POSITION,adg/gradient_position/data,m,m,"(291,)",1,291,float32,adg27931 (1).nc
27932,ADG,ADG_GRADIENT_POSITION,adg/gradient_position/data,m,m,"(291,)",1,291,float32,adg27932.nc
27933,ADG,ADG_GRADIENT_POSITION,adg/gradient_position/data,m,m,"(291,)",1,291,float32,adg27933.nc
27934,ADG,ADG_GRADIENT_POSITION,adg/gradient_position/data,m,m,"(291,)",1,291,float32,adg27934.nc
27935,ADG,ADG_GRADIENT_POSITION,adg/gradient_position/data,m,m,"(291,)",1,291,float32,adg27935.nc
27936,ADG,ADG_GRADIENT_POSITION,adg/gradient_position/data,m,m,"(291,)",1,291,float32,adg27936.nc
27937,ADG,ADG_GRADIENT_POSITION,adg/gradient_position/data,m,m,"(291,)",1,291,float32,adg27937.nc
27938,ADG,ADG_GRADIENT_POSITION,adg/gradient_position/data,m,m,"(291,)",1,291,float32,adg27938.nc
27929,ADG,ADG_PASSNUMBER,adg/passnumber/data,Passno,Passno,"(1,)",1,1,float32,adg27929.nc
27930,ADG,ADG_PASSNUMBER,adg/passnumber/data,Passno,Passno,"(1,)",1,1,float32,adg27930 (2).nc
27931,ADG,ADG_PASSNUMBER,adg/passnumber/data,Passno,Passno,"(1,)",1,1,float32,adg27931 (1).nc
27932,ADG,ADG_PASSNUMBER,adg/passnumber/data,Passno,Passno,"(1,)",1,1,float32,adg27932.nc
27933,ADG,ADG_PASSNUMBER,adg/passnumber/data,Passno,Passno,"(1,)",1,1,float32,adg27933.nc
27934,ADG,ADG_PASSNUMBER,adg/passnumber/data,Passno,Passno,"(1,)",1,1,float32,adg27934.nc
27935,ADG,ADG_PASSNUMBER,adg/passnumber/data,Passno,Passno,"(1,)",1,1,float32,adg27935.nc
27936,ADG,ADG_PASSNUMBER,adg/passnumber/data,Passno,Passno,"(1,)",1,1,float32,adg27936.nc
27937,ADG,ADG_PASSNUMBER,adg/passnumber/data,Passno,Passno,"(1,)",1,1,float32,adg27937.nc
27938,ADG,ADG_PASSNUMBER,adg/passnumber/data,Passno,Passno,"(1,)",1,1,float32,adg27938.nc
27929,ADG,ADG_STATUS,adg/status/data,Status,Status,"(1,)",1,1,float32,adg27929.nc
27930,ADG,ADG_STATUS,adg/status/data,Status,Status,"(1,)",1,1,float32,adg27930 (2).nc
27931,ADG,ADG_STATUS,adg/status/data,Status,Status,"(1,)",1,1,float32,adg27931 (1).nc
27932,ADG,ADG_STATUS,adg/status/data,Status,Status,"(1,)",1,1,float32,adg27932.nc
27933,ADG,ADG_STATUS,adg/status/data,Status,Status,"(1,)",1,1,float32,adg27933.nc
27934,ADG,ADG_STATUS,adg/status/data,Status,Status,"(1,)",1,1,float32,adg27934.nc
27935,ADG,ADG_STATUS,adg/status/data,Status,Status,"(1,)",1,1,float32,adg27935.nc
27936,ADG,ADG_STATUS,adg/status/data,Status,Status,"(1,)",1,1,float32,adg27936.nc
27937,ADG,ADG_STATUS,adg/status/data,Status,Status,"(1,)",1,1,float32,adg27937.nc
27938,ADG,ADG_STATUS,adg/status/data,Status,Status,"(1,)",1,1,float32,adg27938.nc
27929,AGA,AGA_BC11,aga/bc11/data,Gas output for BC11,electrons/s,"(8000,)",1,8000,float32,aga27929.nc
27930,AGA,AGA_BC11,aga/bc11/data,Gas output for BC11,electrons/s,"(8000,)",1,8000,float32,aga27930 (2).nc
27931,AGA,AGA_BC11,aga/bc11/data,Gas output for BC11,electrons/s,"(8000,)",1,8000,float32,aga27931 (1).nc
27932,AGA,AGA_BC11,aga/bc11/data,Gas output for BC11,electrons/s,"(8000,)",1,8000,float32,aga27932.nc
27933,AGA,AGA_BC11,aga/bc11/data,Gas output for BC11,electrons/s,"(8000,)",1,8000,float32,aga27933.nc
27934,AGA,AGA_BC11,aga/bc11/data,Gas output for BC11,electrons/s,"(8000,)",1,8000,float32,aga27934.nc
27935,AGA,AGA_BC11,aga/bc11/data,Gas output for BC11,electrons/s,"(8000,)",1,8000,float32,aga27935.nc
27936,AGA,AGA_BC11,aga/bc11/data,Gas output for BC11,electrons/s,"(8000,)",1,8000,float32,aga27936.nc
27937,AGA,AGA_BC11,aga/bc11/data,Gas output for BC11,electrons/s,"(8000,)",1,8000,float32,aga27937.nc
27938,AGA,AGA_BC11,aga/bc11/data,Gas output for BC11,electrons/s,"(8000,)",1,8000,float32,aga27938.nc
27929,AGA,AGA_BC5,aga/bc5/data,Gas output for BC5,electrons/s,"(8000,)",1,8000,float32,aga27929.nc
27930,AGA,AGA_BC5,aga/bc5/data,Gas output for BC5,electrons/s,"(8000,)",1,8000,float32,aga27930 (2).nc
27931,AGA,AGA_BC5,aga/bc5/data,Gas output for BC5,electrons/s,"(8000,)",1,8000,float32,aga27931 (1).nc
27932,AGA,AGA_BC5,aga/bc5/data,Gas output for BC5,electrons/s,"(8000,)",1,8000,float32,aga27932.nc
27933,AGA,AGA_BC5,aga/bc5/data,Gas output for BC5,electrons/s,"(8000,)",1,8000,float32,aga27933.nc
27934,AGA,AGA_BC5,aga/bc5/data,Gas output for BC5,electrons/s,"(8000,)",1,8000,float32,aga27934.nc
27935,AGA,AGA_BC5,aga/bc5/data,Gas output for BC5,electrons/s,"(8000,)",1,8000,float32,aga27935.nc
27936,AGA,AGA_BC5,aga/bc5/data,Gas output for BC5,electrons/s,"(8000,)",1,8000,float32,aga27936.nc
27937,AGA,AGA_BC5,aga/bc5/data,Gas output for BC5,electrons/s,"(8000,)",1,8000,float32,aga27937.nc
27938,AGA,AGA_BC5,aga/bc5/data,Gas output for BC5,electrons/s,"(8000,)",1,8000,float32,aga27938.nc
27929,AGA,AGA_FIG,aga/fig/data,Fast Ion Gauge molec.den,D2/m3,"(127000,)",1,127000,float32,aga27929.nc
27930,AGA,AGA_FIG,aga/fig/data,Fast Ion Gauge molec.den,D2/m3,"(127000,)",1,127000,float32,aga27930 (2).nc
27931,AGA,AGA_FIG,aga/fig/data,Fast Ion Gauge molec.den,D2/m3,"(127000,)",1,127000,float32,aga27931 (1).nc
27932,AGA,AGA_FIG,aga/fig/data,Fast Ion Gauge molec.den,D2/m3,"(127000,)",1,127000,float32,aga27932.nc
27933,AGA,AGA_FIG,aga/fig/data,Fast Ion Gauge molec.den,D2/m3,"(127000,)",1,127000,float32,aga27933.nc
27934,AGA,AGA_FIG,aga/fig/data,Fast Ion Gauge molec.den,D2/m3,"(127000,)",1,127000,float32,aga27934.nc
27935,AGA,AGA_FIG,aga/fig/data,Fast Ion Gauge molec.den,D2/m3,"(127000,)",1,127000,float32,aga27935.nc
27936,AGA,AGA_FIG,aga/fig/data,Fast Ion Gauge molec.den,D2/m3,"(127000,)",1,127000,float32,aga27936.nc
27937,AGA,AGA_FIG,aga/fig/data,Fast Ion Gauge molec.den,D2/m3,"(127000,)",1,127000,float32,aga27937.nc
27938,AGA,AGA_FIG,aga/fig/data,Fast Ion Gauge molec.den,D2/m3,"(127000,)",1,127000,float32,aga27938.nc
27929,AGA,AGA_FIG_RAW,aga/fig_raw/data,Fast Ion Gauge molec.den,D2/m3,"(127000,)",1,127000,float32,aga27929.nc
27930,AGA,AGA_FIG_RAW,aga/fig_raw/data,Fast Ion Gauge molec.den,D2/m3,"(127000,)",1,127000,float32,aga27930 (2).nc
27931,AGA,AGA_FIG_RAW,aga/fig_raw/data,Fast Ion Gauge molec.den,D2/m3,"(127000,)",1,127000,float32,aga27931 (1).nc
27932,AGA,AGA_FIG_RAW,aga/fig_raw/data,Fast Ion Gauge molec.den,D2/m3,"(127000,)",1,127000,float32,aga27932.nc
27933,AGA,AGA_FIG_RAW,aga/fig_raw/data,Fast Ion Gauge molec.den,D2/m3,"(127000,)",1,127000,float32,aga27933.nc
27934,AGA,AGA_FIG_RAW,aga/fig_raw/data,Fast Ion Gauge molec.den,D2/m3,"(127000,)",1,127000,float32,aga27934.nc
27935,AGA,AGA_FIG_RAW,aga/fig_raw/data,Fast Ion Gauge molec.den,D2/m3,"(127000,)",1,127000,float32,aga27935.nc
27936,AGA,AGA_FIG_RAW,aga/fig_raw/data,Fast Ion Gauge molec.den,D2/m3,"(127000,)",1,127000,float32,aga27936.nc
27937,AGA,AGA_FIG_RAW,aga/fig_raw/data,Fast Ion Gauge molec.den,D2/m3,"(127000,)",1,127000,float32,aga27937.nc
27938,AGA,AGA_FIG_RAW,aga/fig_raw/data,Fast Ion Gauge molec.den,D2/m3,"(127000,)",1,127000,float32,aga27938.nc
27929,AGA,AGA_HECC,aga/hecc/data,Gas output for HECC,electrons/s,"(8000,)",1,8000,float32,aga27929.nc
27930,AGA,AGA_HECC,aga/hecc/data,Gas output for HECC,electrons/s,"(8000,)",1,8000,float32,aga27930 (2).nc
27931,AGA,AGA_HECC,aga/hecc/data,Gas output for HECC,electrons/s,"(8000,)",1,8000,float32,aga27931 (1).nc
27932,AGA,AGA_HECC,aga/hecc/data,Gas output for HECC,electrons/s,"(8000,)",1,8000,float32,aga27932.nc
27933,AGA,AGA_HECC,aga/hecc/data,Gas output for HECC,electrons/s,"(8000,)",1,8000,float32,aga27933.nc
27934,AGA,AGA_HECC,aga/hecc/data,Gas output for HECC,electrons/s,"(8000,)",1,8000,float32,aga27934.nc
27935,AGA,AGA_HECC,aga/hecc/data,Gas output for HECC,electrons/s,"(8000,)",1,8000,float32,aga27935.nc
27936,AGA,AGA_HECC,aga/hecc/data,Gas output for HECC,electrons/s,"(8000,)",1,8000,float32,aga27936.nc
27937,AGA,AGA_HECC,aga/hecc/data,Gas output for HECC,electrons/s,"(8000,)",1,8000,float32,aga27937.nc
27938,AGA,AGA_HECC,aga/hecc/data,Gas output for HECC,electrons/s,"(8000,)",1,8000,float32,aga27938.nc
27929,AGA,AGA_HELIOS,aga/helios/data,Helios output,electrons/s,"(8000,)",1,8000,float32,aga27929.nc
27930,AGA,AGA_HELIOS,aga/helios/data,Helios output,electrons/s,"(8000,)",1,8000,float32,aga27930 (2).nc
27931,AGA,AGA_HELIOS,aga/helios/data,Helios output,electrons/s,"(8000,)",1,8000,float32,aga27931 (1).nc
27932,AGA,AGA_HELIOS,aga/helios/data,Helios output,electrons/s,"(8000,)",1,8000,float32,aga27932.nc
27933,AGA,AGA_HELIOS,aga/helios/data,Helios output,electrons/s,"(8000,)",1,8000,float32,aga27933.nc
27934,AGA,AGA_HELIOS,aga/helios/data,Helios output,electrons/s,"(8000,)",1,8000,float32,aga27934.nc
27935,AGA,AGA_HELIOS,aga/helios/data,Helios output,electrons/s,"(8000,)",1,8000,float32,aga27935.nc
27936,AGA,AGA_HELIOS,aga/helios/data,Helios output,electrons/s,"(8000,)",1,8000,float32,aga27936.nc
27937,AGA,AGA_HELIOS,aga/helios/data,Helios output,electrons/s,"(8000,)",1,8000,float32,aga27937.nc
27938,AGA,AGA_HELIOS,aga/helios/data,Helios output,electrons/s,"(8000,)",1,8000,float32,aga27938.nc
27929,AGA,AGA_HL1,aga/hl1/data,Gas output for HL1,electrons/s,"(8000,)",1,8000,float32,aga27929.nc
27930,AGA,AGA_HL1,aga/hl1/data,Gas output for HL1,electrons/s,"(8000,)",1,8000,float32,aga27930 (2).nc
27931,AGA,AGA_HL1,aga/hl1/data,Gas output for HL1,electrons/s,"(8000,)",1,8000,float32,aga27931 (1).nc
27932,AGA,AGA_HL1,aga/hl1/data,Gas output for HL1,electrons/s,"(8000,)",1,8000,float32,aga27932.nc
27933,AGA,AGA_HL1,aga/hl1/data,Gas output for HL1,electrons/s,"(8000,)",1,8000,float32,aga27933.nc
27934,AGA,AGA_HL1,aga/hl1/data,Gas output for HL1,electrons/s,"(8000,)",1,8000,float32,aga27934.nc
27935,AGA,AGA_HL1,aga/hl1/data,Gas output for HL1,electrons/s,"(8000,)",1,8000,float32,aga27935.nc
27936,AGA,AGA_HL1,aga/hl1/data,Gas output for HL1,electrons/s,"(8000,)",1,8000,float32,aga27936.nc
27937,AGA,AGA_HL1,aga/hl1/data,Gas output for HL1,electrons/s,"(8000,)",1,8000,float32,aga27937.nc
27938,AGA,AGA_HL1,aga/hl1/data,Gas output for HL1,electrons/s,"(8000,)",1,8000,float32,aga27938.nc
27929,AGA,AGA_HL11,aga/hl11/data,Gas output for HL11,electrons/s,"(8000,)",1,8000,float32,aga27929.nc
27930,AGA,AGA_HL11,aga/hl11/data,Gas output for HL11,electrons/s,"(8000,)",1,8000,float32,aga27930 (2).nc
27931,AGA,AGA_HL11,aga/hl11/data,Gas output for HL11,electrons/s,"(8000,)",1,8000,float32,aga27931 (1).nc
27932,AGA,AGA_HL11,aga/hl11/data,Gas output for HL11,electrons/s,"(8000,)",1,8000,float32,aga27932.nc
27933,AGA,AGA_HL11,aga/hl11/data,Gas output for HL11,electrons/s,"(8000,)",1,8000,float32,aga27933.nc
27934,AGA,AGA_HL11,aga/hl11/data,Gas output for HL11,electrons/s,"(8000,)",1,8000,float32,aga27934.nc
27935,AGA,AGA_HL11,aga/hl11/data,Gas output for HL11,electrons/s,"(8000,)",1,8000,float32,aga27935.nc
27936,AGA,AGA_HL11,aga/hl11/data,Gas output for HL11,electrons/s,"(8000,)",1,8000,float32,aga27936.nc
27937,AGA,AGA_HL11,aga/hl11/data,Gas output for HL11,electrons/s,"(8000,)",1,8000,float32,aga27937.nc
27938,AGA,AGA_HL11,aga/hl11/data,Gas output for HL11,electrons/s,"(8000,)",1,8000,float32,aga27938.nc
27929,AGA,AGA_HM12,aga/hm12/data,Gas output for HM12,electrons/s,"(8000,)",1,8000,float32,aga27929.nc
27930,AGA,AGA_HM12,aga/hm12/data,Gas output for HM12,electrons/s,"(8000,)",1,8000,float32,aga27930 (2).nc
27931,AGA,AGA_HM12,aga/hm12/data,Gas output for HM12,electrons/s,"(8000,)",1,8000,float32,aga27931 (1).nc
27932,AGA,AGA_HM12,aga/hm12/data,Gas output for HM12,electrons/s,"(8000,)",1,8000,float32,aga27932.nc
27933,AGA,AGA_HM12,aga/hm12/data,Gas output for HM12,electrons/s,"(8000,)",1,8000,float32,aga27933.nc
27934,AGA,AGA_HM12,aga/hm12/data,Gas output for HM12,electrons/s,"(8000,)",1,8000,float32,aga27934.nc
27935,AGA,AGA_HM12,aga/hm12/data,Gas output for HM12,electrons/s,"(8000,)",1,8000,float32,aga27935.nc
27936,AGA,AGA_HM12,aga/hm12/data,Gas output for HM12,electrons/s,"(8000,)",1,8000,float32,aga27936.nc
27937,AGA,AGA_HM12,aga/hm12/data,Gas output for HM12,electrons/s,"(8000,)",1,8000,float32,aga27937.nc
27938,AGA,AGA_HM12,aga/hm12/data,Gas output for HM12,electrons/s,"(8000,)",1,8000,float32,aga27938.nc
27929,AGA,AGA_HU11,aga/hu11/data,Gas output for HU11,electrons/s,"(8000,)",1,8000,float32,aga27929.nc
27930,AGA,AGA_HU11,aga/hu11/data,Gas output for HU11,electrons/s,"(8000,)",1,8000,float32,aga27930 (2).nc
27931,AGA,AGA_HU11,aga/hu11/data,Gas output for HU11,electrons/s,"(8000,)",1,8000,float32,aga27931 (1).nc
27932,AGA,AGA_HU11,aga/hu11/data,Gas output for HU11,electrons/s,"(8000,)",1,8000,float32,aga27932.nc
27933,AGA,AGA_HU11,aga/hu11/data,Gas output for HU11,electrons/s,"(8000,)",1,8000,float32,aga27933.nc
27934,AGA,AGA_HU11,aga/hu11/data,Gas output for HU11,electrons/s,"(8000,)",1,8000,float32,aga27934.nc
27935,AGA,AGA_HU11,aga/hu11/data,Gas output for HU11,electrons/s,"(8000,)",1,8000,float32,aga27935.nc
27936,AGA,AGA_HU11,aga/hu11/data,Gas output for HU11,electrons/s,"(8000,)",1,8000,float32,aga27936.nc
27937,AGA,AGA_HU11,aga/hu11/data,Gas output for HU11,electrons/s,"(8000,)",1,8000,float32,aga27937.nc
27938,AGA,AGA_HU11,aga/hu11/data,Gas output for HU11,electrons/s,"(8000,)",1,8000,float32,aga27938.nc
27929,AGA,AGA_HU6,aga/hu6/data,Gas output for HU6,electrons/s,"(8000,)",1,8000,float32,aga27929.nc
27930,AGA,AGA_HU6,aga/hu6/data,Gas output for HU6,electrons/s,"(8000,)",1,8000,float32,aga27930 (2).nc
27931,AGA,AGA_HU6,aga/hu6/data,Gas output for HU6,electrons/s,"(8000,)",1,8000,float32,aga27931 (1).nc
27932,AGA,AGA_HU6,aga/hu6/data,Gas output for HU6,electrons/s,"(8000,)",1,8000,float32,aga27932.nc
27933,AGA,AGA_HU6,aga/hu6/data,Gas output for HU6,electrons/s,"(8000,)",1,8000,float32,aga27933.nc
27934,AGA,AGA_HU6,aga/hu6/data,Gas output for HU6,electrons/s,"(8000,)",1,8000,float32,aga27934.nc
27935,AGA,AGA_HU6,aga/hu6/data,Gas output for HU6,electrons/s,"(8000,)",1,8000,float32,aga27935.nc
27936,AGA,AGA_HU6,aga/hu6/data,Gas output for HU6,electrons/s,"(8000,)",1,8000,float32,aga27936.nc
27937,AGA,AGA_HU6,aga/hu6/data,Gas output for HU6,electrons/s,"(8000,)",1,8000,float32,aga27937.nc
27938,AGA,AGA_HU6,aga/hu6/data,Gas output for HU6,electrons/s,"(8000,)",1,8000,float32,aga27938.nc
27929,AGA,AGA_HU8,aga/hu8/data,Gas output for HU8,electrons/s,"(8000,)",1,8000,float32,aga27929.nc
27930,AGA,AGA_HU8,aga/hu8/data,Gas output for HU8,electrons/s,"(8000,)",1,8000,float32,aga27930 (2).nc
27931,AGA,AGA_HU8,aga/hu8/data,Gas output for HU8,electrons/s,"(8000,)",1,8000,float32,aga27931 (1).nc
27932,AGA,AGA_HU8,aga/hu8/data,Gas output for HU8,electrons/s,"(8000,)",1,8000,float32,aga27932.nc
27933,AGA,AGA_HU8,aga/hu8/data,Gas output for HU8,electrons/s,"(8000,)",1,8000,float32,aga27933.nc
27934,AGA,AGA_HU8,aga/hu8/data,Gas output for HU8,electrons/s,"(8000,)",1,8000,float32,aga27934.nc
27935,AGA,AGA_HU8,aga/hu8/data,Gas output for HU8,electrons/s,"(8000,)",1,8000,float32,aga27935.nc
27936,AGA,AGA_HU8,aga/hu8/data,Gas output for HU8,electrons/s,"(8000,)",1,8000,float32,aga27936.nc
27937,AGA,AGA_HU8,aga/hu8/data,Gas output for HU8,electrons/s,"(8000,)",1,8000,float32,aga27937.nc
27938,AGA,AGA_HU8,aga/hu8/data,Gas output for HU8,electrons/s,"(8000,)",1,8000,float32,aga27938.nc
27929,AGA,AGA_IBFLA,aga/ibfla/data,Gas output for IBFLA,electrons/s,"(8000,)",1,8000,float32,aga27929.nc
27930,AGA,AGA_IBFLA,aga/ibfla/data,Gas output for IBFLA,electrons/s,"(8000,)",1,8000,float32,aga27930 (2).nc
27931,AGA,AGA_IBFLA,aga/ibfla/data,Gas output for IBFLA,electrons/s,"(8000,)",1,8000,float32,aga27931 (1).nc
27932,AGA,AGA_IBFLA,aga/ibfla/data,Gas output for IBFLA,electrons/s,"(8000,)",1,8000,float32,aga27932.nc
27933,AGA,AGA_IBFLA,aga/ibfla/data,Gas output for IBFLA,electrons/s,"(8000,)",1,8000,float32,aga27933.nc
27934,AGA,AGA_IBFLA,aga/ibfla/data,Gas output for IBFLA,electrons/s,"(8000,)",1,8000,float32,aga27934.nc
27935,AGA,AGA_IBFLA,aga/ibfla/data,Gas output for IBFLA,electrons/s,"(8000,)",1,8000,float32,aga27935.nc
27936,AGA,AGA_IBFLA,aga/ibfla/data,Gas output for IBFLA,electrons/s,"(8000,)",1,8000,float32,aga27936.nc
27937,AGA,AGA_IBFLA,aga/ibfla/data,Gas output for IBFLA,electrons/s,"(8000,)",1,8000,float32,aga27937.nc
27938,AGA,AGA_IBFLA,aga/ibfla/data,Gas output for IBFLA,electrons/s,"(8000,)",1,8000,float32,aga27938.nc
27929,AGA,AGA_IBFLB,aga/ibflb/data,Gas output for IBFLB,electrons/s,"(8000,)",1,8000,float32,aga27929.nc
27930,AGA,AGA_IBFLB,aga/ibflb/data,Gas output for IBFLB,electrons/s,"(8000,)",1,8000,float32,aga27930 (2).nc
27931,AGA,AGA_IBFLB,aga/ibflb/data,Gas output for IBFLB,electrons/s,"(8000,)",1,8000,float32,aga27931 (1).nc
27932,AGA,AGA_IBFLB,aga/ibflb/data,Gas output for IBFLB,electrons/s,"(8000,)",1,8000,float32,aga27932.nc
27933,AGA,AGA_IBFLB,aga/ibflb/data,Gas output for IBFLB,electrons/s,"(8000,)",1,8000,float32,aga27933.nc
27934,AGA,AGA_IBFLB,aga/ibflb/data,Gas output for IBFLB,electrons/s,"(8000,)",1,8000,float32,aga27934.nc
27935,AGA,AGA_IBFLB,aga/ibflb/data,Gas output for IBFLB,electrons/s,"(8000,)",1,8000,float32,aga27935.nc
27936,AGA,AGA_IBFLB,aga/ibflb/data,Gas output for IBFLB,electrons/s,"(8000,)",1,8000,float32,aga27936.nc
27937,AGA,AGA_IBFLB,aga/ibflb/data,Gas output for IBFLB,electrons/s,"(8000,)",1,8000,float32,aga27937.nc
27938,AGA,AGA_IBFLB,aga/ibflb/data,Gas output for IBFLB,electrons/s,"(8000,)",1,8000,float32,aga27938.nc
27929,AGA,AGA_IBFUA,aga/ibfua/data,Gas output for IBFUA,electrons/s,"(8000,)",1,8000,float32,aga27929.nc
27930,AGA,AGA_IBFUA,aga/ibfua/data,Gas output for IBFUA,electrons/s,"(8000,)",1,8000,float32,aga27930 (2).nc
27931,AGA,AGA_IBFUA,aga/ibfua/data,Gas output for IBFUA,electrons/s,"(8000,)",1,8000,float32,aga27931 (1).nc
27932,AGA,AGA_IBFUA,aga/ibfua/data,Gas output for IBFUA,electrons/s,"(8000,)",1,8000,float32,aga27932.nc
27933,AGA,AGA_IBFUA,aga/ibfua/data,Gas output for IBFUA,electrons/s,"(8000,)",1,8000,float32,aga27933.nc
27934,AGA,AGA_IBFUA,aga/ibfua/data,Gas output for IBFUA,electrons/s,"(8000,)",1,8000,float32,aga27934.nc
27935,AGA,AGA_IBFUA,aga/ibfua/data,Gas output for IBFUA,electrons/s,"(8000,)",1,8000,float32,aga27935.nc
27936,AGA,AGA_IBFUA,aga/ibfua/data,Gas output for IBFUA,electrons/s,"(8000,)",1,8000,float32,aga27936.nc
27937,AGA,AGA_IBFUA,aga/ibfua/data,Gas output for IBFUA,electrons/s,"(8000,)",1,8000,float32,aga27937.nc
27938,AGA,AGA_IBFUA,aga/ibfua/data,Gas output for IBFUA,electrons/s,"(8000,)",1,8000,float32,aga27938.nc
27929,AGA,AGA_IBFUB,aga/ibfub/data,Gas output for IBFUB,electrons/s,"(8000,)",1,8000,float32,aga27929.nc
27930,AGA,AGA_IBFUB,aga/ibfub/data,Gas output for IBFUB,electrons/s,"(8000,)",1,8000,float32,aga27930 (2).nc
27931,AGA,AGA_IBFUB,aga/ibfub/data,Gas output for IBFUB,electrons/s,"(8000,)",1,8000,float32,aga27931 (1).nc
27932,AGA,AGA_IBFUB,aga/ibfub/data,Gas output for IBFUB,electrons/s,"(8000,)",1,8000,float32,aga27932.nc
27933,AGA,AGA_IBFUB,aga/ibfub/data,Gas output for IBFUB,electrons/s,"(8000,)",1,8000,float32,aga27933.nc
27934,AGA,AGA_IBFUB,aga/ibfub/data,Gas output for IBFUB,electrons/s,"(8000,)",1,8000,float32,aga27934.nc
27935,AGA,AGA_IBFUB,aga/ibfub/data,Gas output for IBFUB,electrons/s,"(8000,)",1,8000,float32,aga27935.nc
27936,AGA,AGA_IBFUB,aga/ibfub/data,Gas output for IBFUB,electrons/s,"(8000,)",1,8000,float32,aga27936.nc
27937,AGA,AGA_IBFUB,aga/ibfub/data,Gas output for IBFUB,electrons/s,"(8000,)",1,8000,float32,aga27937.nc
27938,AGA,AGA_IBFUB,aga/ibfub/data,Gas output for IBFUB,electrons/s,"(8000,)",1,8000,float32,aga27938.nc
27929,AGA,AGA_IBIL,aga/ibil/data,Gas output for IBIL,electrons/s,"(8000,)",1,8000,float32,aga27929.nc
27930,AGA,AGA_IBIL,aga/ibil/data,Gas output for IBIL,electrons/s,"(8000,)",1,8000,float32,aga27930 (2).nc
27931,AGA,AGA_IBIL,aga/ibil/data,Gas output for IBIL,electrons/s,"(8000,)",1,8000,float32,aga27931 (1).nc
27932,AGA,AGA_IBIL,aga/ibil/data,Gas output for IBIL,electrons/s,"(8000,)",1,8000,float32,aga27932.nc
27933,AGA,AGA_IBIL,aga/ibil/data,Gas output for IBIL,electrons/s,"(8000,)",1,8000,float32,aga27933.nc
27934,AGA,AGA_IBIL,aga/ibil/data,Gas output for IBIL,electrons/s,"(8000,)",1,8000,float32,aga27934.nc
27935,AGA,AGA_IBIL,aga/ibil/data,Gas output for IBIL,electrons/s,"(8000,)",1,8000,float32,aga27935.nc
27936,AGA,AGA_IBIL,aga/ibil/data,Gas output for IBIL,electrons/s,"(8000,)",1,8000,float32,aga27936.nc
27937,AGA,AGA_IBIL,aga/ibil/data,Gas output for IBIL,electrons/s,"(8000,)",1,8000,float32,aga27937.nc
27938,AGA,AGA_IBIL,aga/ibil/data,Gas output for IBIL,electrons/s,"(8000,)",1,8000,float32,aga27938.nc
27929,AGA,AGA_INBOARD_TOTAL,aga/inboard_total/data,Total inboard gas,electrons/s,"(8000,)",1,8000,float32,aga27929.nc
27930,AGA,AGA_INBOARD_TOTAL,aga/inboard_total/data,Total inboard gas,electrons/s,"(8000,)",1,8000,float32,aga27930 (2).nc
27931,AGA,AGA_INBOARD_TOTAL,aga/inboard_total/data,Total inboard gas,electrons/s,"(8000,)",1,8000,float32,aga27931 (1).nc
27932,AGA,AGA_INBOARD_TOTAL,aga/inboard_total/data,Total inboard gas,electrons/s,"(8000,)",1,8000,float32,aga27932.nc
27933,AGA,AGA_INBOARD_TOTAL,aga/inboard_total/data,Total inboard gas,electrons/s,"(8000,)",1,8000,float32,aga27933.nc
27934,AGA,AGA_INBOARD_TOTAL,aga/inboard_total/data,Total inboard gas,electrons/s,"(8000,)",1,8000,float32,aga27934.nc
27935,AGA,AGA_INBOARD_TOTAL,aga/inboard_total/data,Total inboard gas,electrons/s,"(8000,)",1,8000,float32,aga27935.nc
27936,AGA,AGA_INBOARD_TOTAL,aga/inboard_total/data,Total inboard gas,electrons/s,"(8000,)",1,8000,float32,aga27936.nc
27937,AGA,AGA_INBOARD_TOTAL,aga/inboard_total/data,Total inboard gas,electrons/s,"(8000,)",1,8000,float32,aga27937.nc
27938,AGA,AGA_INBOARD_TOTAL,aga/inboard_total/data,Total inboard gas,electrons/s,"(8000,)",1,8000,float32,aga27938.nc
27929,AGA,AGA_INTEG_GAS,aga/integ_gas/data,Integrated total gas,electrons,"(8000,)",1,8000,float32,aga27929.nc
27930,AGA,AGA_INTEG_GAS,aga/integ_gas/data,Integrated total gas,electrons,"(8000,)",1,8000,float32,aga27930 (2).nc
27931,AGA,AGA_INTEG_GAS,aga/integ_gas/data,Integrated total gas,electrons,"(8000,)",1,8000,float32,aga27931 (1).nc
27932,AGA,AGA_INTEG_GAS,aga/integ_gas/data,Integrated total gas,electrons,"(8000,)",1,8000,float32,aga27932.nc
27933,AGA,AGA_INTEG_GAS,aga/integ_gas/data,Integrated total gas,electrons,"(8000,)",1,8000,float32,aga27933.nc
27934,AGA,AGA_INTEG_GAS,aga/integ_gas/data,Integrated total gas,electrons,"(8000,)",1,8000,float32,aga27934.nc
27935,AGA,AGA_INTEG_GAS,aga/integ_gas/data,Integrated total gas,electrons,"(8000,)",1,8000,float32,aga27935.nc
27936,AGA,AGA_INTEG_GAS,aga/integ_gas/data,Integrated total gas,electrons,"(8000,)",1,8000,float32,aga27936.nc
27937,AGA,AGA_INTEG_GAS,aga/integ_gas/data,Integrated total gas,electrons,"(8000,)",1,8000,float32,aga27937.nc
27938,AGA,AGA_INTEG_GAS,aga/integ_gas/data,Integrated total gas,electrons,"(8000,)",1,8000,float32,aga27938.nc
27929,AGA,AGA_OUTBOARD_TOTAL,aga/outboard_total/data,Total outboard gas,electrons/s,"(8000,)",1,8000,float32,aga27929.nc
27930,AGA,AGA_OUTBOARD_TOTAL,aga/outboard_total/data,Total outboard gas,electrons/s,"(8000,)",1,8000,float32,aga27930 (2).nc
27931,AGA,AGA_OUTBOARD_TOTAL,aga/outboard_total/data,Total outboard gas,electrons/s,"(8000,)",1,8000,float32,aga27931 (1).nc
27932,AGA,AGA_OUTBOARD_TOTAL,aga/outboard_total/data,Total outboard gas,electrons/s,"(8000,)",1,8000,float32,aga27932.nc
27933,AGA,AGA_OUTBOARD_TOTAL,aga/outboard_total/data,Total outboard gas,electrons/s,"(8000,)",1,8000,float32,aga27933.nc
27934,AGA,AGA_OUTBOARD_TOTAL,aga/outboard_total/data,Total outboard gas,electrons/s,"(8000,)",1,8000,float32,aga27934.nc
27935,AGA,AGA_OUTBOARD_TOTAL,aga/outboard_total/data,Total outboard gas,electrons/s,"(8000,)",1,8000,float32,aga27935.nc
27936,AGA,AGA_OUTBOARD_TOTAL,aga/outboard_total/data,Total outboard gas,electrons/s,"(8000,)",1,8000,float32,aga27936.nc
27937,AGA,AGA_OUTBOARD_TOTAL,aga/outboard_total/data,Total outboard gas,electrons/s,"(8000,)",1,8000,float32,aga27937.nc
27938,AGA,AGA_OUTBOARD_TOTAL,aga/outboard_total/data,Total outboard gas,electrons/s,"(8000,)",1,8000,float32,aga27938.nc
27929,AGA,AGA_PASSNUMBER,aga/passnumber/data,Pass,Pass,"(1,)",1,1,int32,aga27929.nc
27930,AGA,AGA_PASSNUMBER,aga/passnumber/data,Pass,Pass,"(1,)",1,1,int32,aga27930 (2).nc
27931,AGA,AGA_PASSNUMBER,aga/passnumber/data,Pass,Pass,"(1,)",1,1,int32,aga27931 (1).nc
27932,AGA,AGA_PASSNUMBER,aga/passnumber/data,Pass,Pass,"(1,)",1,1,int32,aga27932.nc
27933,AGA,AGA_PASSNUMBER,aga/passnumber/data,Pass,Pass,"(1,)",1,1,int32,aga27933.nc
27934,AGA,AGA_PASSNUMBER,aga/passnumber/data,Pass,Pass,"(1,)",1,1,int32,aga27934.nc
27935,AGA,AGA_PASSNUMBER,aga/passnumber/data,Pass,Pass,"(1,)",1,1,int32,aga27935.nc
27936,AGA,AGA_PASSNUMBER,aga/passnumber/data,Pass,Pass,"(1,)",1,1,int32,aga27936.nc
27937,AGA,AGA_PASSNUMBER,aga/passnumber/data,Pass,Pass,"(1,)",1,1,int32,aga27937.nc
27938,AGA,AGA_PASSNUMBER,aga/passnumber/data,Pass,Pass,"(1,)",1,1,int32,aga27938.nc
27929,AGA,AGA_STATUS,aga/status/data,Status,Status,"(1,)",1,1,int32,aga27929.nc
27930,AGA,AGA_STATUS,aga/status/data,Status,Status,"(1,)",1,1,int32,aga27930 (2).nc
27931,AGA,AGA_STATUS,aga/status/data,Status,Status,"(1,)",1,1,int32,aga27931 (1).nc
27932,AGA,AGA_STATUS,aga/status/data,Status,Status,"(1,)",1,1,int32,aga27932.nc
27933,AGA,AGA_STATUS,aga/status/data,Status,Status,"(1,)",1,1,int32,aga27933.nc
27934,AGA,AGA_STATUS,aga/status/data,Status,Status,"(1,)",1,1,int32,aga27934.nc
27935,AGA,AGA_STATUS,aga/status/data,Status,Status,"(1,)",1,1,int32,aga27935.nc
27936,AGA,AGA_STATUS,aga/status/data,Status,Status,"(1,)",1,1,int32,aga27936.nc
27937,AGA,AGA_STATUS,aga/status/data,Status,Status,"(1,)",1,1,int32,aga27937.nc
27938,AGA,AGA_STATUS,aga/status/data,Status,Status,"(1,)",1,1,int32,aga27938.nc
27929,AGA,AGA_TC11,aga/tc11/data,Gas output for TC11,electrons/s,"(8000,)",1,8000,float32,aga27929.nc
27930,AGA,AGA_TC11,aga/tc11/data,Gas output for TC11,electrons/s,"(8000,)",1,8000,float32,aga27930 (2).nc
27931,AGA,AGA_TC11,aga/tc11/data,Gas output for TC11,electrons/s,"(8000,)",1,8000,float32,aga27931 (1).nc
27932,AGA,AGA_TC11,aga/tc11/data,Gas output for TC11,electrons/s,"(8000,)",1,8000,float32,aga27932.nc
27933,AGA,AGA_TC11,aga/tc11/data,Gas output for TC11,electrons/s,"(8000,)",1,8000,float32,aga27933.nc
27934,AGA,AGA_TC11,aga/tc11/data,Gas output for TC11,electrons/s,"(8000,)",1,8000,float32,aga27934.nc
27935,AGA,AGA_TC11,aga/tc11/data,Gas output for TC11,electrons/s,"(8000,)",1,8000,float32,aga27935.nc
27936,AGA,AGA_TC11,aga/tc11/data,Gas output for TC11,electrons/s,"(8000,)",1,8000,float32,aga27936.nc
27937,AGA,AGA_TC11,aga/tc11/data,Gas output for TC11,electrons/s,"(8000,)",1,8000,float32,aga27937.nc
27938,AGA,AGA_TC11,aga/tc11/data,Gas output for TC11,electrons/s,"(8000,)",1,8000,float32,aga27938.nc
27929,AGA,AGA_TC5A,aga/tc5a/data,Gas output for TC5A,electrons/s,"(8000,)",1,8000,float32,aga27929.nc
27930,AGA,AGA_TC5A,aga/tc5a/data,Gas output for TC5A,electrons/s,"(8000,)",1,8000,float32,aga27930 (2).nc
27931,AGA,AGA_TC5A,aga/tc5a/data,Gas output for TC5A,electrons/s,"(8000,)",1,8000,float32,aga27931 (1).nc
27932,AGA,AGA_TC5A,aga/tc5a/data,Gas output for TC5A,electrons/s,"(8000,)",1,8000,float32,aga27932.nc
27933,AGA,AGA_TC5A,aga/tc5a/data,Gas output for TC5A,electrons/s,"(8000,)",1,8000,float32,aga27933.nc
27934,AGA,AGA_TC5A,aga/tc5a/data,Gas output for TC5A,electrons/s,"(8000,)",1,8000,float32,aga27934.nc
27935,AGA,AGA_TC5A,aga/tc5a/data,Gas output for TC5A,electrons/s,"(8000,)",1,8000,float32,aga27935.nc
27936,AGA,AGA_TC5A,aga/tc5a/data,Gas output for TC5A,electrons/s,"(8000,)",1,8000,float32,aga27936.nc
27937,AGA,AGA_TC5A,aga/tc5a/data,Gas output for TC5A,electrons/s,"(8000,)",1,8000,float32,aga27937.nc
27938,AGA,AGA_TC5A,aga/tc5a/data,Gas output for TC5A,electrons/s,"(8000,)",1,8000,float32,aga27938.nc
27929,AGA,AGA_TC5B,aga/tc5b/data,Gas output for TC5B,electrons/s,"(8000,)",1,8000,float32,aga27929.nc
27930,AGA,AGA_TC5B,aga/tc5b/data,Gas output for TC5B,electrons/s,"(8000,)",1,8000,float32,aga27930 (2).nc
27931,AGA,AGA_TC5B,aga/tc5b/data,Gas output for TC5B,electrons/s,"(8000,)",1,8000,float32,aga27931 (1).nc
27932,AGA,AGA_TC5B,aga/tc5b/data,Gas output for TC5B,electrons/s,"(8000,)",1,8000,float32,aga27932.nc
27933,AGA,AGA_TC5B,aga/tc5b/data,Gas output for TC5B,electrons/s,"(8000,)",1,8000,float32,aga27933.nc
27934,AGA,AGA_TC5B,aga/tc5b/data,Gas output for TC5B,electrons/s,"(8000,)",1,8000,float32,aga27934.nc
27935,AGA,AGA_TC5B,aga/tc5b/data,Gas output for TC5B,electrons/s,"(8000,)",1,8000,float32,aga27935.nc
27936,AGA,AGA_TC5B,aga/tc5b/data,Gas output for TC5B,electrons/s,"(8000,)",1,8000,float32,aga27936.nc
27937,AGA,AGA_TC5B,aga/tc5b/data,Gas output for TC5B,electrons/s,"(8000,)",1,8000,float32,aga27937.nc
27938,AGA,AGA_TC5B,aga/tc5b/data,Gas output for TC5B,electrons/s,"(8000,)",1,8000,float32,aga27938.nc
27929,AHX,AHX_HXR_MEZZW,ahx/hxr_mezzw/data,hxr_mezzw,A.U.,"(15000,)",1,15000,float32,ahx27929.nc
27930,AHX,AHX_HXR_MEZZW,ahx/hxr_mezzw/data,hxr_mezzw,A.U.,"(15000,)",1,15000,float32,ahx27930 (2).nc
27931,AHX,AHX_HXR_MEZZW,ahx/hxr_mezzw/data,hxr_mezzw,A.U.,"(15000,)",1,15000,float32,ahx27931 (1).nc
27932,AHX,AHX_HXR_MEZZW,ahx/hxr_mezzw/data,hxr_mezzw,A.U.,"(15000,)",1,15000,float32,ahx27932.nc
27933,AHX,AHX_HXR_MEZZW,ahx/hxr_mezzw/data,hxr_mezzw,A.U.,"(15000,)",1,15000,float32,ahx27933.nc
27934,AHX,AHX_HXR_MEZZW,ahx/hxr_mezzw/data,hxr_mezzw,A.U.,"(15000,)",1,15000,float32,ahx27934.nc
27935,AHX,AHX_HXR_MEZZW,ahx/hxr_mezzw/data,hxr_mezzw,A.U.,"(15000,)",1,15000,float32,ahx27935.nc
27936,AHX,AHX_HXR_MEZZW,ahx/hxr_mezzw/data,hxr_mezzw,A.U.,"(15000,)",1,15000,float32,ahx27936.nc
27937,AHX,AHX_HXR_MEZZW,ahx/hxr_mezzw/data,hxr_mezzw,A.U.,"(15000,)",1,15000,float32,ahx27937.nc
27938,AHX,AHX_HXR_MEZZW,ahx/hxr_mezzw/data,hxr_mezzw,A.U.,"(15000,)",1,15000,float32,ahx27938.nc
27929,AHX,AHX_HXR_S,ahx/hxr_s/data,hxr_s,A.U.,"(15000,)",1,15000,float32,ahx27929.nc
27930,AHX,AHX_HXR_S,ahx/hxr_s/data,hxr_s,A.U.,"(15000,)",1,15000,float32,ahx27930 (2).nc
27931,AHX,AHX_HXR_S,ahx/hxr_s/data,hxr_s,A.U.,"(15000,)",1,15000,float32,ahx27931 (1).nc
27932,AHX,AHX_HXR_S,ahx/hxr_s/data,hxr_s,A.U.,"(15000,)",1,15000,float32,ahx27932.nc
27933,AHX,AHX_HXR_S,ahx/hxr_s/data,hxr_s,A.U.,"(15000,)",1,15000,float32,ahx27933.nc
27934,AHX,AHX_HXR_S,ahx/hxr_s/data,hxr_s,A.U.,"(15000,)",1,15000,float32,ahx27934.nc
27935,AHX,AHX_HXR_S,ahx/hxr_s/data,hxr_s,A.U.,"(15000,)",1,15000,float32,ahx27935.nc
27936,AHX,AHX_HXR_S,ahx/hxr_s/data,hxr_s,A.U.,"(15000,)",1,15000,float32,ahx27936.nc
27937,AHX,AHX_HXR_S,ahx/hxr_s/data,hxr_s,A.U.,"(15000,)",1,15000,float32,ahx27937.nc
27938,AHX,AHX_HXR_S,ahx/hxr_s/data,hxr_s,A.U.,"(15000,)",1,15000,float32,ahx27938.nc
27929,AHX,AHX_HXR_W,ahx/hxr_w/data,hxr_w,A.U.,"(15000,)",1,15000,float32,ahx27929.nc
27930,AHX,AHX_HXR_W,ahx/hxr_w/data,hxr_w,A.U.,"(15000,)",1,15000,float32,ahx27930 (2).nc
27931,AHX,AHX_HXR_W,ahx/hxr_w/data,hxr_w,A.U.,"(15000,)",1,15000,float32,ahx27931 (1).nc
27932,AHX,AHX_HXR_W,ahx/hxr_w/data,hxr_w,A.U.,"(15000,)",1,15000,float32,ahx27932.nc
27933,AHX,AHX_HXR_W,ahx/hxr_w/data,hxr_w,A.U.,"(15000,)",1,15000,float32,ahx27933.nc
27934,AHX,AHX_HXR_W,ahx/hxr_w/data,hxr_w,A.U.,"(15000,)",1,15000,float32,ahx27934.nc
27935,AHX,AHX_HXR_W,ahx/hxr_w/data,hxr_w,A.U.,"(15000,)",1,15000,float32,ahx27935.nc
27936,AHX,AHX_HXR_W,ahx/hxr_w/data,hxr_w,A.U.,"(15000,)",1,15000,float32,ahx27936.nc
27937,AHX,AHX_HXR_W,ahx/hxr_w/data,hxr_w,A.U.,"(15000,)",1,15000,float32,ahx27937.nc
27938,AHX,AHX_HXR_W,ahx/hxr_w/data,hxr_w,A.U.,"(15000,)",1,15000,float32,ahx27938.nc
27929,AHX,AHX_PASSNUMBER,ahx/passnumber/data,,,"(1,)",1,1,float32,ahx27929.nc
27930,AHX,AHX_PASSNUMBER,ahx/passnumber/data,,,"(1,)",1,1,float32,ahx27930 (2).nc
27931,AHX,AHX_PASSNUMBER,ahx/passnumber/data,,,"(1,)",1,1,float32,ahx27931 (1).nc
27932,AHX,AHX_PASSNUMBER,ahx/passnumber/data,,,"(1,)",1,1,float32,ahx27932.nc
27933,AHX,AHX_PASSNUMBER,ahx/passnumber/data,,,"(1,)",1,1,float32,ahx27933.nc
27934,AHX,AHX_PASSNUMBER,ahx/passnumber/data,,,"(1,)",1,1,float32,ahx27934.nc
27935,AHX,AHX_PASSNUMBER,ahx/passnumber/data,,,"(1,)",1,1,float32,ahx27935.nc
27936,AHX,AHX_PASSNUMBER,ahx/passnumber/data,,,"(1,)",1,1,float32,ahx27936.nc
27937,AHX,AHX_PASSNUMBER,ahx/passnumber/data,,,"(1,)",1,1,float32,ahx27937.nc
27938,AHX,AHX_PASSNUMBER,ahx/passnumber/data,,,"(1,)",1,1,float32,ahx27938.nc
27929,AHX,AHX_STATUS,ahx/status/data,,,"(1,)",1,1,float32,ahx27929.nc
27930,AHX,AHX_STATUS,ahx/status/data,,,"(1,)",1,1,float32,ahx27930 (2).nc
27931,AHX,AHX_STATUS,ahx/status/data,,,"(1,)",1,1,float32,ahx27931 (1).nc
27932,AHX,AHX_STATUS,ahx/status/data,,,"(1,)",1,1,float32,ahx27932.nc
27933,AHX,AHX_STATUS,ahx/status/data,,,"(1,)",1,1,float32,ahx27933.nc
27934,AHX,AHX_STATUS,ahx/status/data,,,"(1,)",1,1,float32,ahx27934.nc
27935,AHX,AHX_STATUS,ahx/status/data,,,"(1,)",1,1,float32,ahx27935.nc
27936,AHX,AHX_STATUS,ahx/status/data,,,"(1,)",1,1,float32,ahx27936.nc
27937,AHX,AHX_STATUS,ahx/status/data,,,"(1,)",1,1,float32,ahx27937.nc
27938,AHX,AHX_STATUS,ahx/status/data,,,"(1,)",1,1,float32,ahx27938.nc
27929,AHX,VERSION,ahx/version/data,,,"(1,)",1,1,float32,ahx27929.nc
27930,AHX,VERSION,ahx/version/data,,,"(1,)",1,1,float32,ahx27930 (2).nc
27931,AHX,VERSION,ahx/version/data,,,"(1,)",1,1,float32,ahx27931 (1).nc
27932,AHX,VERSION,ahx/version/data,,,"(1,)",1,1,float32,ahx27932.nc
27933,AHX,VERSION,ahx/version/data,,,"(1,)",1,1,float32,ahx27933.nc
27934,AHX,VERSION,ahx/version/data,,,"(1,)",1,1,float32,ahx27934.nc
27935,AHX,VERSION,ahx/version/data,,,"(1,)",1,1,float32,ahx27935.nc
27936,AHX,VERSION,ahx/version/data,,,"(1,)",1,1,float32,ahx27936.nc
27937,AHX,VERSION,ahx/version/data,,,"(1,)",1,1,float32,ahx27937.nc
27938,AHX,VERSION,ahx/version/data,,,"(1,)",1,1,float32,ahx27938.nc
27929,AIM,AIM_DA/HM10/T,aim/da/hm10/t/data,,ph/sr/m^2/s,"(50000,)",1,50000,float32,aim27929.nc
27931,AIM,AIM_DA/HM10/T,aim/da/hm10/t/data,,ph/sr/m^2/s,"(50000,)",1,50000,float32,aim27931 (1).nc
27933,AIM,AIM_DA/HM10/T,aim/da/hm10/t/data,,ph/sr/m^2/s,"(50000,)",1,50000,float32,aim27933.nc
27934,AIM,AIM_DA/HM10/T,aim/da/hm10/t/data,,ph/sr/m^2/s,"(50000,)",1,50000,float32,aim27934.nc
27929,AIM,AIM_DA/TO10,aim/da/to10/data,,ph/sr/m^2/s,"(50000,)",1,50000,float32,aim27929.nc
27931,AIM,AIM_DA/TO10,aim/da/to10/data,,ph/sr/m^2/s,"(50000,)",1,50000,float32,aim27931 (1).nc
27933,AIM,AIM_DA/TO10,aim/da/to10/data,,ph/sr/m^2/s,"(50000,)",1,50000,float32,aim27933.nc
27934,AIM,AIM_DA/TO10,aim/da/to10/data,,ph/sr/m^2/s,"(50000,)",1,50000,float32,aim27934.nc
27929,AIM,AIM_PASSNUMBER,aim/passnumber/data,Pass,Pass,"(1,)",1,1,int32,aim27929.nc
27931,AIM,AIM_PASSNUMBER,aim/passnumber/data,Pass,Pass,"(1,)",1,1,int32,aim27931 (1).nc
27933,AIM,AIM_PASSNUMBER,aim/passnumber/data,Pass,Pass,"(1,)",1,1,int32,aim27933.nc
27934,AIM,AIM_PASSNUMBER,aim/passnumber/data,Pass,Pass,"(1,)",1,1,int32,aim27934.nc
27929,AIM,AIM_STATUS,aim/status/data,Status,Status,"(1,)",1,1,int32,aim27929.nc
27931,AIM,AIM_STATUS,aim/status/data,Status,Status,"(1,)",1,1,int32,aim27931 (1).nc
27933,AIM,AIM_STATUS,aim/status/data,Status,Status,"(1,)",1,1,int32,aim27933.nc
27934,AIM,AIM_STATUS,aim/status/data,Status,Status,"(1,)",1,1,int32,aim27934.nc
27929,ALP,ALP_BADAMPS,alp/badamps/data,,,"(1, 1)",2,1,float32,alp27929.nc
27930,ALP,ALP_BADAMPS,alp/badamps/data,,,"(1, 1)",2,1,float32,alp27930 (2).nc
27931,ALP,ALP_BADAMPS,alp/badamps/data,,,"(1, 1)",2,1,float32,alp27931 (1).nc
27932,ALP,ALP_BADAMPS,alp/badamps/data,,,"(1, 1)",2,1,float32,alp27932.nc
27933,ALP,ALP_BADAMPS,alp/badamps/data,,,"(1, 1)",2,1,float32,alp27933.nc
27934,ALP,ALP_BADAMPS,alp/badamps/data,,,"(1, 1)",2,1,float32,alp27934.nc
27935,ALP,ALP_BADAMPS,alp/badamps/data,,,"(1, 1)",2,1,float32,alp27935.nc
27936,ALP,ALP_BADAMPS,alp/badamps/data,,,"(1, 1)",2,1,float32,alp27936.nc
27937,ALP,ALP_BADAMPS,alp/badamps/data,,,"(1, 1)",2,1,float32,alp27937.nc
27938,ALP,ALP_BADAMPS,alp/badamps/data,,,"(1, 1)",2,1,float32,alp27938.nc
27929,ALP,ALP_INNER_LO_CHISQ,alp/inner_lo_chisq/data,,,"(1, 196, 32)",3,6272,float32,alp27929.nc
27930,ALP,ALP_INNER_LO_CHISQ,alp/inner_lo_chisq/data,,,"(1, 196, 32)",3,6272,float32,alp27930 (2).nc
27931,ALP,ALP_INNER_LO_CHISQ,alp/inner_lo_chisq/data,,,"(1, 196, 32)",3,6272,float32,alp27931 (1).nc
27932,ALP,ALP_INNER_LO_CHISQ,alp/inner_lo_chisq/data,,,"(1, 196, 32)",3,6272,float32,alp27932.nc
27933,ALP,ALP_INNER_LO_CHISQ,alp/inner_lo_chisq/data,,,"(1, 196, 32)",3,6272,float32,alp27933.nc
27934,ALP,ALP_INNER_LO_CHISQ,alp/inner_lo_chisq/data,,,"(1, 196, 32)",3,6272,float32,alp27934.nc
27935,ALP,ALP_INNER_LO_CHISQ,alp/inner_lo_chisq/data,,,"(1, 196, 32)",3,6272,float32,alp27935.nc
27936,ALP,ALP_INNER_LO_CHISQ,alp/inner_lo_chisq/data,,,"(1, 196, 32)",3,6272,float32,alp27936.nc
27937,ALP,ALP_INNER_LO_CHISQ,alp/inner_lo_chisq/data,,,"(1, 196, 32)",3,6272,float32,alp27937.nc
27938,ALP,ALP_INNER_LO_CHISQ,alp/inner_lo_chisq/data,,,"(1, 196, 32)",3,6272,float32,alp27938.nc
27929,ALP,ALP_INNER_LO_DENPEAKVAL,alp/inner_lo_denpeakval/data,Peak density,m**-3,"(196,)",1,196,float32,alp27929.nc
27930,ALP,ALP_INNER_LO_DENPEAKVAL,alp/inner_lo_denpeakval/data,Peak density,m**-3,"(196,)",1,196,float32,alp27930 (2).nc
27931,ALP,ALP_INNER_LO_DENPEAKVAL,alp/inner_lo_denpeakval/data,Peak density,m**-3,"(196,)",1,196,float32,alp27931 (1).nc
27932,ALP,ALP_INNER_LO_DENPEAKVAL,alp/inner_lo_denpeakval/data,Peak density,m**-3,"(196,)",1,196,float32,alp27932.nc
27933,ALP,ALP_INNER_LO_DENPEAKVAL,alp/inner_lo_denpeakval/data,Peak density,m**-3,"(196,)",1,196,float32,alp27933.nc
27934,ALP,ALP_INNER_LO_DENPEAKVAL,alp/inner_lo_denpeakval/data,Peak density,m**-3,"(196,)",1,196,float32,alp27934.nc
27935,ALP,ALP_INNER_LO_DENPEAKVAL,alp/inner_lo_denpeakval/data,Peak density,m**-3,"(196,)",1,196,float32,alp27935.nc
27936,ALP,ALP_INNER_LO_DENPEAKVAL,alp/inner_lo_denpeakval/data,Peak density,m**-3,"(196,)",1,196,float32,alp27936.nc
27937,ALP,ALP_INNER_LO_DENPEAKVAL,alp/inner_lo_denpeakval/data,Peak density,m**-3,"(196,)",1,196,float32,alp27937.nc
27938,ALP,ALP_INNER_LO_DENPEAKVAL,alp/inner_lo_denpeakval/data,Peak density,m**-3,"(196,)",1,196,float32,alp27938.nc
27929,ALP,ALP_INNER_LO_DENSITY,alp/inner_lo_density/data,,,"(1, 196, 32)",3,6272,float32,alp27929.nc
27930,ALP,ALP_INNER_LO_DENSITY,alp/inner_lo_density/data,,,"(1, 196, 32)",3,6272,float32,alp27930 (2).nc
27931,ALP,ALP_INNER_LO_DENSITY,alp/inner_lo_density/data,,,"(1, 196, 32)",3,6272,float32,alp27931 (1).nc
27932,ALP,ALP_INNER_LO_DENSITY,alp/inner_lo_density/data,,,"(1, 196, 32)",3,6272,float32,alp27932.nc
27933,ALP,ALP_INNER_LO_DENSITY,alp/inner_lo_density/data,,,"(1, 196, 32)",3,6272,float32,alp27933.nc
27934,ALP,ALP_INNER_LO_DENSITY,alp/inner_lo_density/data,,,"(1, 196, 32)",3,6272,float32,alp27934.nc
27935,ALP,ALP_INNER_LO_DENSITY,alp/inner_lo_density/data,,,"(1, 196, 32)",3,6272,float32,alp27935.nc
27936,ALP,ALP_INNER_LO_DENSITY,alp/inner_lo_density/data,,,"(1, 196, 32)",3,6272,float32,alp27936.nc
27937,ALP,ALP_INNER_LO_DENSITY,alp/inner_lo_density/data,,,"(1, 196, 32)",3,6272,float32,alp27937.nc
27938,ALP,ALP_INNER_LO_DENSITY,alp/inner_lo_density/data,,,"(1, 196, 32)",3,6272,float32,alp27938.nc
27929,ALP,ALP_INNER_LO_JSAPEAKPOS,alp/inner_lo_jsapeakpos/data,Position of peak Jsat,mm,"(196,)",1,196,float32,alp27929.nc
27930,ALP,ALP_INNER_LO_JSAPEAKPOS,alp/inner_lo_jsapeakpos/data,Position of peak Jsat,mm,"(196,)",1,196,float32,alp27930 (2).nc
27931,ALP,ALP_INNER_LO_JSAPEAKPOS,alp/inner_lo_jsapeakpos/data,Position of peak Jsat,mm,"(196,)",1,196,float32,alp27931 (1).nc
27932,ALP,ALP_INNER_LO_JSAPEAKPOS,alp/inner_lo_jsapeakpos/data,Position of peak Jsat,mm,"(196,)",1,196,float32,alp27932.nc
27933,ALP,ALP_INNER_LO_JSAPEAKPOS,alp/inner_lo_jsapeakpos/data,Position of peak Jsat,mm,"(196,)",1,196,float32,alp27933.nc
27934,ALP,ALP_INNER_LO_JSAPEAKPOS,alp/inner_lo_jsapeakpos/data,Position of peak Jsat,mm,"(196,)",1,196,float32,alp27934.nc
27935,ALP,ALP_INNER_LO_JSAPEAKPOS,alp/inner_lo_jsapeakpos/data,Position of peak Jsat,mm,"(196,)",1,196,float32,alp27935.nc
27936,ALP,ALP_INNER_LO_JSAPEAKPOS,alp/inner_lo_jsapeakpos/data,Position of peak Jsat,mm,"(196,)",1,196,float32,alp27936.nc
27937,ALP,ALP_INNER_LO_JSAPEAKPOS,alp/inner_lo_jsapeakpos/data,Position of peak Jsat,mm,"(196,)",1,196,float32,alp27937.nc
27938,ALP,ALP_INNER_LO_JSAPEAKPOS,alp/inner_lo_jsapeakpos/data,Position of peak Jsat,mm,"(196,)",1,196,float32,alp27938.nc
27929,ALP,ALP_INNER_LO_JSAPEAKVAL,alp/inner_lo_jsapeakval/data,Peak Jsat value,A/m**2,"(196,)",1,196,float32,alp27929.nc
27930,ALP,ALP_INNER_LO_JSAPEAKVAL,alp/inner_lo_jsapeakval/data,Peak Jsat value,A/m**2,"(196,)",1,196,float32,alp27930 (2).nc
27931,ALP,ALP_INNER_LO_JSAPEAKVAL,alp/inner_lo_jsapeakval/data,Peak Jsat value,A/m**2,"(196,)",1,196,float32,alp27931 (1).nc
27932,ALP,ALP_INNER_LO_JSAPEAKVAL,alp/inner_lo_jsapeakval/data,Peak Jsat value,A/m**2,"(196,)",1,196,float32,alp27932.nc
27933,ALP,ALP_INNER_LO_JSAPEAKVAL,alp/inner_lo_jsapeakval/data,Peak Jsat value,A/m**2,"(196,)",1,196,float32,alp27933.nc
27934,ALP,ALP_INNER_LO_JSAPEAKVAL,alp/inner_lo_jsapeakval/data,Peak Jsat value,A/m**2,"(196,)",1,196,float32,alp27934.nc
27935,ALP,ALP_INNER_LO_JSAPEAKVAL,alp/inner_lo_jsapeakval/data,Peak Jsat value,A/m**2,"(196,)",1,196,float32,alp27935.nc
27936,ALP,ALP_INNER_LO_JSAPEAKVAL,alp/inner_lo_jsapeakval/data,Peak Jsat value,A/m**2,"(196,)",1,196,float32,alp27936.nc
27937,ALP,ALP_INNER_LO_JSAPEAKVAL,alp/inner_lo_jsapeakval/data,Peak Jsat value,A/m**2,"(196,)",1,196,float32,alp27937.nc
27938,ALP,ALP_INNER_LO_JSAPEAKVAL,alp/inner_lo_jsapeakval/data,Peak Jsat value,A/m**2,"(196,)",1,196,float32,alp27938.nc
27929,ALP,ALP_INNER_LO_JSAT,alp/inner_lo_jsat/data,,,"(1, 196, 32)",3,6272,float32,alp27929.nc
27930,ALP,ALP_INNER_LO_JSAT,alp/inner_lo_jsat/data,,,"(1, 196, 32)",3,6272,float32,alp27930 (2).nc
27931,ALP,ALP_INNER_LO_JSAT,alp/inner_lo_jsat/data,,,"(1, 196, 32)",3,6272,float32,alp27931 (1).nc
27932,ALP,ALP_INNER_LO_JSAT,alp/inner_lo_jsat/data,,,"(1, 196, 32)",3,6272,float32,alp27932.nc
27933,ALP,ALP_INNER_LO_JSAT,alp/inner_lo_jsat/data,,,"(1, 196, 32)",3,6272,float32,alp27933.nc
27934,ALP,ALP_INNER_LO_JSAT,alp/inner_lo_jsat/data,,,"(1, 196, 32)",3,6272,float32,alp27934.nc
27935,ALP,ALP_INNER_LO_JSAT,alp/inner_lo_jsat/data,,,"(1, 196, 32)",3,6272,float32,alp27935.nc
27936,ALP,ALP_INNER_LO_JSAT,alp/inner_lo_jsat/data,,,"(1, 196, 32)",3,6272,float32,alp27936.nc
27937,ALP,ALP_INNER_LO_JSAT,alp/inner_lo_jsat/data,,,"(1, 196, 32)",3,6272,float32,alp27937.nc
27938,ALP,ALP_INNER_LO_JSAT,alp/inner_lo_jsat/data,,,"(1, 196, 32)",3,6272,float32,alp27938.nc
27929,ALP,ALP_INNER_LO_JSOL,alp/inner_lo_jsol/data,,,"(1, 196, 32)",3,6272,float32,alp27929.nc
27930,ALP,ALP_INNER_LO_JSOL,alp/inner_lo_jsol/data,,,"(1, 196, 32)",3,6272,float32,alp27930 (2).nc
27931,ALP,ALP_INNER_LO_JSOL,alp/inner_lo_jsol/data,,,"(1, 196, 32)",3,6272,float32,alp27931 (1).nc
27932,ALP,ALP_INNER_LO_JSOL,alp/inner_lo_jsol/data,,,"(1, 196, 32)",3,6272,float32,alp27932.nc
27933,ALP,ALP_INNER_LO_JSOL,alp/inner_lo_jsol/data,,,"(1, 196, 32)",3,6272,float32,alp27933.nc
27934,ALP,ALP_INNER_LO_JSOL,alp/inner_lo_jsol/data,,,"(1, 196, 32)",3,6272,float32,alp27934.nc
27935,ALP,ALP_INNER_LO_JSOL,alp/inner_lo_jsol/data,,,"(1, 196, 32)",3,6272,float32,alp27935.nc
27936,ALP,ALP_INNER_LO_JSOL,alp/inner_lo_jsol/data,,,"(1, 196, 32)",3,6272,float32,alp27936.nc
27937,ALP,ALP_INNER_LO_JSOL,alp/inner_lo_jsol/data,,,"(1, 196, 32)",3,6272,float32,alp27937.nc
27938,ALP,ALP_INNER_LO_JSOL,alp/inner_lo_jsol/data,,,"(1, 196, 32)",3,6272,float32,alp27938.nc
27929,ALP,ALP_INNER_LO_KTEPEAKVAL,alp/inner_lo_ktepeakval/data,Peak KTe  value,eV,"(196,)",1,196,float32,alp27929.nc
27930,ALP,ALP_INNER_LO_KTEPEAKVAL,alp/inner_lo_ktepeakval/data,Peak KTe  value,eV,"(196,)",1,196,float32,alp27930 (2).nc
27931,ALP,ALP_INNER_LO_KTEPEAKVAL,alp/inner_lo_ktepeakval/data,Peak KTe  value,eV,"(196,)",1,196,float32,alp27931 (1).nc
27932,ALP,ALP_INNER_LO_KTEPEAKVAL,alp/inner_lo_ktepeakval/data,Peak KTe  value,eV,"(196,)",1,196,float32,alp27932.nc
27933,ALP,ALP_INNER_LO_KTEPEAKVAL,alp/inner_lo_ktepeakval/data,Peak KTe  value,eV,"(196,)",1,196,float32,alp27933.nc
27934,ALP,ALP_INNER_LO_KTEPEAKVAL,alp/inner_lo_ktepeakval/data,Peak KTe  value,eV,"(196,)",1,196,float32,alp27934.nc
27935,ALP,ALP_INNER_LO_KTEPEAKVAL,alp/inner_lo_ktepeakval/data,Peak KTe  value,eV,"(196,)",1,196,float32,alp27935.nc
27936,ALP,ALP_INNER_LO_KTEPEAKVAL,alp/inner_lo_ktepeakval/data,Peak KTe  value,eV,"(196,)",1,196,float32,alp27936.nc
27937,ALP,ALP_INNER_LO_KTEPEAKVAL,alp/inner_lo_ktepeakval/data,Peak KTe  value,eV,"(196,)",1,196,float32,alp27937.nc
27938,ALP,ALP_INNER_LO_KTEPEAKVAL,alp/inner_lo_ktepeakval/data,Peak KTe  value,eV,"(196,)",1,196,float32,alp27938.nc
27929,ALP,ALP_INNER_LO_LAMJSATPP,alp/inner_lo_lamjsatpp/data,Lambda Jsat pp,mm,"(196,)",1,196,float32,alp27929.nc
27930,ALP,ALP_INNER_LO_LAMJSATPP,alp/inner_lo_lamjsatpp/data,Lambda Jsat pp,mm,"(196,)",1,196,float32,alp27930 (2).nc
27931,ALP,ALP_INNER_LO_LAMJSATPP,alp/inner_lo_lamjsatpp/data,Lambda Jsat pp,mm,"(196,)",1,196,float32,alp27931 (1).nc
27932,ALP,ALP_INNER_LO_LAMJSATPP,alp/inner_lo_lamjsatpp/data,Lambda Jsat pp,mm,"(196,)",1,196,float32,alp27932.nc
27933,ALP,ALP_INNER_LO_LAMJSATPP,alp/inner_lo_lamjsatpp/data,Lambda Jsat pp,mm,"(196,)",1,196,float32,alp27933.nc
27934,ALP,ALP_INNER_LO_LAMJSATPP,alp/inner_lo_lamjsatpp/data,Lambda Jsat pp,mm,"(196,)",1,196,float32,alp27934.nc
27935,ALP,ALP_INNER_LO_LAMJSATPP,alp/inner_lo_lamjsatpp/data,Lambda Jsat pp,mm,"(196,)",1,196,float32,alp27935.nc
27936,ALP,ALP_INNER_LO_LAMJSATPP,alp/inner_lo_lamjsatpp/data,Lambda Jsat pp,mm,"(196,)",1,196,float32,alp27936.nc
27937,ALP,ALP_INNER_LO_LAMJSATPP,alp/inner_lo_lamjsatpp/data,Lambda Jsat pp,mm,"(196,)",1,196,float32,alp27937.nc
27938,ALP,ALP_INNER_LO_LAMJSATPP,alp/inner_lo_lamjsatpp/data,Lambda Jsat pp,mm,"(196,)",1,196,float32,alp27938.nc
27929,ALP,ALP_INNER_LO_LAMJSATSOL,alp/inner_lo_lamjsatsol/data,Lambda Jsat sol,mm,"(196,)",1,196,float32,alp27929.nc
27930,ALP,ALP_INNER_LO_LAMJSATSOL,alp/inner_lo_lamjsatsol/data,Lambda Jsat sol,mm,"(196,)",1,196,float32,alp27930 (2).nc
27931,ALP,ALP_INNER_LO_LAMJSATSOL,alp/inner_lo_lamjsatsol/data,Lambda Jsat sol,mm,"(196,)",1,196,float32,alp27931 (1).nc
27932,ALP,ALP_INNER_LO_LAMJSATSOL,alp/inner_lo_lamjsatsol/data,Lambda Jsat sol,mm,"(196,)",1,196,float32,alp27932.nc
27933,ALP,ALP_INNER_LO_LAMJSATSOL,alp/inner_lo_lamjsatsol/data,Lambda Jsat sol,mm,"(196,)",1,196,float32,alp27933.nc
27934,ALP,ALP_INNER_LO_LAMJSATSOL,alp/inner_lo_lamjsatsol/data,Lambda Jsat sol,mm,"(196,)",1,196,float32,alp27934.nc
27935,ALP,ALP_INNER_LO_LAMJSATSOL,alp/inner_lo_lamjsatsol/data,Lambda Jsat sol,mm,"(196,)",1,196,float32,alp27935.nc
27936,ALP,ALP_INNER_LO_LAMJSATSOL,alp/inner_lo_lamjsatsol/data,Lambda Jsat sol,mm,"(196,)",1,196,float32,alp27936.nc
27937,ALP,ALP_INNER_LO_LAMJSATSOL,alp/inner_lo_lamjsatsol/data,Lambda Jsat sol,mm,"(196,)",1,196,float32,alp27937.nc
27938,ALP,ALP_INNER_LO_LAMJSATSOL,alp/inner_lo_lamjsatsol/data,Lambda Jsat sol,mm,"(196,)",1,196,float32,alp27938.nc
27929,ALP,ALP_INNER_LO_POWER,alp/inner_lo_power/data,,,"(1, 196, 32)",3,6272,float32,alp27929.nc
27930,ALP,ALP_INNER_LO_POWER,alp/inner_lo_power/data,,,"(1, 196, 32)",3,6272,float32,alp27930 (2).nc
27931,ALP,ALP_INNER_LO_POWER,alp/inner_lo_power/data,,,"(1, 196, 32)",3,6272,float32,alp27931 (1).nc
27932,ALP,ALP_INNER_LO_POWER,alp/inner_lo_power/data,,,"(1, 196, 32)",3,6272,float32,alp27932.nc
27933,ALP,ALP_INNER_LO_POWER,alp/inner_lo_power/data,,,"(1, 196, 32)",3,6272,float32,alp27933.nc
27934,ALP,ALP_INNER_LO_POWER,alp/inner_lo_power/data,,,"(1, 196, 32)",3,6272,float32,alp27934.nc
27935,ALP,ALP_INNER_LO_POWER,alp/inner_lo_power/data,,,"(1, 196, 32)",3,6272,float32,alp27935.nc
27936,ALP,ALP_INNER_LO_POWER,alp/inner_lo_power/data,,,"(1, 196, 32)",3,6272,float32,alp27936.nc
27937,ALP,ALP_INNER_LO_POWER,alp/inner_lo_power/data,,,"(1, 196, 32)",3,6272,float32,alp27937.nc
27938,ALP,ALP_INNER_LO_POWER,alp/inner_lo_power/data,,,"(1, 196, 32)",3,6272,float32,alp27938.nc
27929,ALP,ALP_INNER_LO_POWPEAKVAL,alp/inner_lo_powpeakval/data,Peak power,kW/m**2,"(196,)",1,196,float32,alp27929.nc
27930,ALP,ALP_INNER_LO_POWPEAKVAL,alp/inner_lo_powpeakval/data,Peak power,kW/m**2,"(196,)",1,196,float32,alp27930 (2).nc
27931,ALP,ALP_INNER_LO_POWPEAKVAL,alp/inner_lo_powpeakval/data,Peak power,kW/m**2,"(196,)",1,196,float32,alp27931 (1).nc
27932,ALP,ALP_INNER_LO_POWPEAKVAL,alp/inner_lo_powpeakval/data,Peak power,kW/m**2,"(196,)",1,196,float32,alp27932.nc
27933,ALP,ALP_INNER_LO_POWPEAKVAL,alp/inner_lo_powpeakval/data,Peak power,kW/m**2,"(196,)",1,196,float32,alp27933.nc
27934,ALP,ALP_INNER_LO_POWPEAKVAL,alp/inner_lo_powpeakval/data,Peak power,kW/m**2,"(196,)",1,196,float32,alp27934.nc
27935,ALP,ALP_INNER_LO_POWPEAKVAL,alp/inner_lo_powpeakval/data,Peak power,kW/m**2,"(196,)",1,196,float32,alp27935.nc
27936,ALP,ALP_INNER_LO_POWPEAKVAL,alp/inner_lo_powpeakval/data,Peak power,kW/m**2,"(196,)",1,196,float32,alp27936.nc
27937,ALP,ALP_INNER_LO_POWPEAKVAL,alp/inner_lo_powpeakval/data,Peak power,kW/m**2,"(196,)",1,196,float32,alp27937.nc
27938,ALP,ALP_INNER_LO_POWPEAKVAL,alp/inner_lo_powpeakval/data,Peak power,kW/m**2,"(196,)",1,196,float32,alp27938.nc
27929,ALP,ALP_INNER_LO_POWSUM,alp/inner_lo_powsum/data,Power,kW,"(196,)",1,196,float32,alp27929.nc
27930,ALP,ALP_INNER_LO_POWSUM,alp/inner_lo_powsum/data,Power,kW,"(196,)",1,196,float32,alp27930 (2).nc
27931,ALP,ALP_INNER_LO_POWSUM,alp/inner_lo_powsum/data,Power,kW,"(196,)",1,196,float32,alp27931 (1).nc
27932,ALP,ALP_INNER_LO_POWSUM,alp/inner_lo_powsum/data,Power,kW,"(196,)",1,196,float32,alp27932.nc
27933,ALP,ALP_INNER_LO_POWSUM,alp/inner_lo_powsum/data,Power,kW,"(196,)",1,196,float32,alp27933.nc
27934,ALP,ALP_INNER_LO_POWSUM,alp/inner_lo_powsum/data,Power,kW,"(196,)",1,196,float32,alp27934.nc
27935,ALP,ALP_INNER_LO_POWSUM,alp/inner_lo_powsum/data,Power,kW,"(196,)",1,196,float32,alp27935.nc
27936,ALP,ALP_INNER_LO_POWSUM,alp/inner_lo_powsum/data,Power,kW,"(196,)",1,196,float32,alp27936.nc
27937,ALP,ALP_INNER_LO_POWSUM,alp/inner_lo_powsum/data,Power,kW,"(196,)",1,196,float32,alp27937.nc
27938,ALP,ALP_INNER_LO_POWSUM,alp/inner_lo_powsum/data,Power,kW,"(196,)",1,196,float32,alp27938.nc
27929,ALP,ALP_INNER_LO_POWTOT,alp/inner_lo_powtot/data,Power,kW,"(196,)",1,196,float32,alp27929.nc
27930,ALP,ALP_INNER_LO_POWTOT,alp/inner_lo_powtot/data,Power,kW,"(196,)",1,196,float32,alp27930 (2).nc
27931,ALP,ALP_INNER_LO_POWTOT,alp/inner_lo_powtot/data,Power,kW,"(196,)",1,196,float32,alp27931 (1).nc
27932,ALP,ALP_INNER_LO_POWTOT,alp/inner_lo_powtot/data,Power,kW,"(196,)",1,196,float32,alp27932.nc
27933,ALP,ALP_INNER_LO_POWTOT,alp/inner_lo_powtot/data,Power,kW,"(196,)",1,196,float32,alp27933.nc
27934,ALP,ALP_INNER_LO_POWTOT,alp/inner_lo_powtot/data,Power,kW,"(196,)",1,196,float32,alp27934.nc
27935,ALP,ALP_INNER_LO_POWTOT,alp/inner_lo_powtot/data,Power,kW,"(196,)",1,196,float32,alp27935.nc
27936,ALP,ALP_INNER_LO_POWTOT,alp/inner_lo_powtot/data,Power,kW,"(196,)",1,196,float32,alp27936.nc
27937,ALP,ALP_INNER_LO_POWTOT,alp/inner_lo_powtot/data,Power,kW,"(196,)",1,196,float32,alp27937.nc
27938,ALP,ALP_INNER_LO_POWTOT,alp/inner_lo_powtot/data,Power,kW,"(196,)",1,196,float32,alp27938.nc
27929,ALP,ALP_INNER_LO_R,alp/inner_lo_r/data,,,"(1, 32)",2,32,float32,alp27929.nc
27930,ALP,ALP_INNER_LO_R,alp/inner_lo_r/data,,,"(1, 32)",2,32,float32,alp27930 (2).nc
27931,ALP,ALP_INNER_LO_R,alp/inner_lo_r/data,,,"(1, 32)",2,32,float32,alp27931 (1).nc
27932,ALP,ALP_INNER_LO_R,alp/inner_lo_r/data,,,"(1, 32)",2,32,float32,alp27932.nc
27933,ALP,ALP_INNER_LO_R,alp/inner_lo_r/data,,,"(1, 32)",2,32,float32,alp27933.nc
27934,ALP,ALP_INNER_LO_R,alp/inner_lo_r/data,,,"(1, 32)",2,32,float32,alp27934.nc
27935,ALP,ALP_INNER_LO_R,alp/inner_lo_r/data,,,"(1, 32)",2,32,float32,alp27935.nc
27936,ALP,ALP_INNER_LO_R,alp/inner_lo_r/data,,,"(1, 32)",2,32,float32,alp27936.nc
27937,ALP,ALP_INNER_LO_R,alp/inner_lo_r/data,,,"(1, 32)",2,32,float32,alp27937.nc
27938,ALP,ALP_INNER_LO_R,alp/inner_lo_r/data,,,"(1, 32)",2,32,float32,alp27938.nc
27929,ALP,ALP_INNER_LO_TE,alp/inner_lo_te/data,,,"(1, 196, 32)",3,6272,float32,alp27929.nc
27930,ALP,ALP_INNER_LO_TE,alp/inner_lo_te/data,,,"(1, 196, 32)",3,6272,float32,alp27930 (2).nc
27931,ALP,ALP_INNER_LO_TE,alp/inner_lo_te/data,,,"(1, 196, 32)",3,6272,float32,alp27931 (1).nc
27932,ALP,ALP_INNER_LO_TE,alp/inner_lo_te/data,,,"(1, 196, 32)",3,6272,float32,alp27932.nc
27933,ALP,ALP_INNER_LO_TE,alp/inner_lo_te/data,,,"(1, 196, 32)",3,6272,float32,alp27933.nc
27934,ALP,ALP_INNER_LO_TE,alp/inner_lo_te/data,,,"(1, 196, 32)",3,6272,float32,alp27934.nc
27935,ALP,ALP_INNER_LO_TE,alp/inner_lo_te/data,,,"(1, 196, 32)",3,6272,float32,alp27935.nc
27936,ALP,ALP_INNER_LO_TE,alp/inner_lo_te/data,,,"(1, 196, 32)",3,6272,float32,alp27936.nc
27937,ALP,ALP_INNER_LO_TE,alp/inner_lo_te/data,,,"(1, 196, 32)",3,6272,float32,alp27937.nc
27938,ALP,ALP_INNER_LO_TE,alp/inner_lo_te/data,,,"(1, 196, 32)",3,6272,float32,alp27938.nc
27929,ALP,ALP_INNER_LO_TIME,alp/inner_lo_time/data,,,"(1, 196)",2,196,float32,alp27929.nc
27930,ALP,ALP_INNER_LO_TIME,alp/inner_lo_time/data,,,"(1, 196)",2,196,float32,alp27930 (2).nc
27931,ALP,ALP_INNER_LO_TIME,alp/inner_lo_time/data,,,"(1, 196)",2,196,float32,alp27931 (1).nc
27932,ALP,ALP_INNER_LO_TIME,alp/inner_lo_time/data,,,"(1, 196)",2,196,float32,alp27932.nc
27933,ALP,ALP_INNER_LO_TIME,alp/inner_lo_time/data,,,"(1, 196)",2,196,float32,alp27933.nc
27934,ALP,ALP_INNER_LO_TIME,alp/inner_lo_time/data,,,"(1, 196)",2,196,float32,alp27934.nc
27935,ALP,ALP_INNER_LO_TIME,alp/inner_lo_time/data,,,"(1, 196)",2,196,float32,alp27935.nc
27936,ALP,ALP_INNER_LO_TIME,alp/inner_lo_time/data,,,"(1, 196)",2,196,float32,alp27936.nc
27937,ALP,ALP_INNER_LO_TIME,alp/inner_lo_time/data,,,"(1, 196)",2,196,float32,alp27937.nc
27938,ALP,ALP_INNER_LO_TIME,alp/inner_lo_time/data,,,"(1, 196)",2,196,float32,alp27938.nc
27929,ALP,ALP_INNER_LO_TIMEMID,alp/inner_lo_timemid/data,,,"(1, 196, 32)",3,6272,float32,alp27929.nc
27930,ALP,ALP_INNER_LO_TIMEMID,alp/inner_lo_timemid/data,,,"(1, 196, 32)",3,6272,float32,alp27930 (2).nc
27931,ALP,ALP_INNER_LO_TIMEMID,alp/inner_lo_timemid/data,,,"(1, 196, 32)",3,6272,float32,alp27931 (1).nc
27932,ALP,ALP_INNER_LO_TIMEMID,alp/inner_lo_timemid/data,,,"(1, 196, 32)",3,6272,float32,alp27932.nc
27933,ALP,ALP_INNER_LO_TIMEMID,alp/inner_lo_timemid/data,,,"(1, 196, 32)",3,6272,float32,alp27933.nc
27934,ALP,ALP_INNER_LO_TIMEMID,alp/inner_lo_timemid/data,,,"(1, 196, 32)",3,6272,float32,alp27934.nc
27935,ALP,ALP_INNER_LO_TIMEMID,alp/inner_lo_timemid/data,,,"(1, 196, 32)",3,6272,float32,alp27935.nc
27936,ALP,ALP_INNER_LO_TIMEMID,alp/inner_lo_timemid/data,,,"(1, 196, 32)",3,6272,float32,alp27936.nc
27937,ALP,ALP_INNER_LO_TIMEMID,alp/inner_lo_timemid/data,,,"(1, 196, 32)",3,6272,float32,alp27937.nc
27938,ALP,ALP_INNER_LO_TIMEMID,alp/inner_lo_timemid/data,,,"(1, 196, 32)",3,6272,float32,alp27938.nc
27929,ALP,ALP_INNER_LO_VFLOAT,alp/inner_lo_vfloat/data,,,"(1, 196, 32)",3,6272,float32,alp27929.nc
27930,ALP,ALP_INNER_LO_VFLOAT,alp/inner_lo_vfloat/data,,,"(1, 196, 32)",3,6272,float32,alp27930 (2).nc
27931,ALP,ALP_INNER_LO_VFLOAT,alp/inner_lo_vfloat/data,,,"(1, 196, 32)",3,6272,float32,alp27931 (1).nc
27932,ALP,ALP_INNER_LO_VFLOAT,alp/inner_lo_vfloat/data,,,"(1, 196, 32)",3,6272,float32,alp27932.nc
27933,ALP,ALP_INNER_LO_VFLOAT,alp/inner_lo_vfloat/data,,,"(1, 196, 32)",3,6272,float32,alp27933.nc
27934,ALP,ALP_INNER_LO_VFLOAT,alp/inner_lo_vfloat/data,,,"(1, 196, 32)",3,6272,float32,alp27934.nc
27935,ALP,ALP_INNER_LO_VFLOAT,alp/inner_lo_vfloat/data,,,"(1, 196, 32)",3,6272,float32,alp27935.nc
27936,ALP,ALP_INNER_LO_VFLOAT,alp/inner_lo_vfloat/data,,,"(1, 196, 32)",3,6272,float32,alp27936.nc
27937,ALP,ALP_INNER_LO_VFLOAT,alp/inner_lo_vfloat/data,,,"(1, 196, 32)",3,6272,float32,alp27937.nc
27938,ALP,ALP_INNER_LO_VFLOAT,alp/inner_lo_vfloat/data,,,"(1, 196, 32)",3,6272,float32,alp27938.nc
27929,ALP,ALP_INNER_LO_Z,alp/inner_lo_z/data,,,"(1, 32)",2,32,float32,alp27929.nc
27930,ALP,ALP_INNER_LO_Z,alp/inner_lo_z/data,,,"(1, 32)",2,32,float32,alp27930 (2).nc
27931,ALP,ALP_INNER_LO_Z,alp/inner_lo_z/data,,,"(1, 32)",2,32,float32,alp27931 (1).nc
27932,ALP,ALP_INNER_LO_Z,alp/inner_lo_z/data,,,"(1, 32)",2,32,float32,alp27932.nc
27933,ALP,ALP_INNER_LO_Z,alp/inner_lo_z/data,,,"(1, 32)",2,32,float32,alp27933.nc
27934,ALP,ALP_INNER_LO_Z,alp/inner_lo_z/data,,,"(1, 32)",2,32,float32,alp27934.nc
27935,ALP,ALP_INNER_LO_Z,alp/inner_lo_z/data,,,"(1, 32)",2,32,float32,alp27935.nc
27936,ALP,ALP_INNER_LO_Z,alp/inner_lo_z/data,,,"(1, 32)",2,32,float32,alp27936.nc
27937,ALP,ALP_INNER_LO_Z,alp/inner_lo_z/data,,,"(1, 32)",2,32,float32,alp27937.nc
27938,ALP,ALP_INNER_LO_Z,alp/inner_lo_z/data,,,"(1, 32)",2,32,float32,alp27938.nc
27929,ALP,ALP_INNER_UP_CHISQ,alp/inner_up_chisq/data,,,"(1, 196, 16)",3,3136,float32,alp27929.nc
27930,ALP,ALP_INNER_UP_CHISQ,alp/inner_up_chisq/data,,,"(1, 196, 16)",3,3136,float32,alp27930 (2).nc
27931,ALP,ALP_INNER_UP_CHISQ,alp/inner_up_chisq/data,,,"(1, 196, 16)",3,3136,float32,alp27931 (1).nc
27932,ALP,ALP_INNER_UP_CHISQ,alp/inner_up_chisq/data,,,"(1, 196, 16)",3,3136,float32,alp27932.nc
27933,ALP,ALP_INNER_UP_CHISQ,alp/inner_up_chisq/data,,,"(1, 196, 16)",3,3136,float32,alp27933.nc
27934,ALP,ALP_INNER_UP_CHISQ,alp/inner_up_chisq/data,,,"(1, 196, 16)",3,3136,float32,alp27934.nc
27935,ALP,ALP_INNER_UP_CHISQ,alp/inner_up_chisq/data,,,"(1, 196, 16)",3,3136,float32,alp27935.nc
27936,ALP,ALP_INNER_UP_CHISQ,alp/inner_up_chisq/data,,,"(1, 196, 16)",3,3136,float32,alp27936.nc
27937,ALP,ALP_INNER_UP_CHISQ,alp/inner_up_chisq/data,,,"(1, 196, 16)",3,3136,float32,alp27937.nc
27938,ALP,ALP_INNER_UP_CHISQ,alp/inner_up_chisq/data,,,"(1, 196, 16)",3,3136,float32,alp27938.nc
27929,ALP,ALP_INNER_UP_DENPEAKVAL,alp/inner_up_denpeakval/data,Peak density,m**-3,"(196,)",1,196,float32,alp27929.nc
27930,ALP,ALP_INNER_UP_DENPEAKVAL,alp/inner_up_denpeakval/data,Peak density,m**-3,"(196,)",1,196,float32,alp27930 (2).nc
27931,ALP,ALP_INNER_UP_DENPEAKVAL,alp/inner_up_denpeakval/data,Peak density,m**-3,"(196,)",1,196,float32,alp27931 (1).nc
27932,ALP,ALP_INNER_UP_DENPEAKVAL,alp/inner_up_denpeakval/data,Peak density,m**-3,"(196,)",1,196,float32,alp27932.nc
27933,ALP,ALP_INNER_UP_DENPEAKVAL,alp/inner_up_denpeakval/data,Peak density,m**-3,"(196,)",1,196,float32,alp27933.nc
27934,ALP,ALP_INNER_UP_DENPEAKVAL,alp/inner_up_denpeakval/data,Peak density,m**-3,"(196,)",1,196,float32,alp27934.nc
27935,ALP,ALP_INNER_UP_DENPEAKVAL,alp/inner_up_denpeakval/data,Peak density,m**-3,"(196,)",1,196,float32,alp27935.nc
27936,ALP,ALP_INNER_UP_DENPEAKVAL,alp/inner_up_denpeakval/data,Peak density,m**-3,"(196,)",1,196,float32,alp27936.nc
27937,ALP,ALP_INNER_UP_DENPEAKVAL,alp/inner_up_denpeakval/data,Peak density,m**-3,"(196,)",1,196,float32,alp27937.nc
27938,ALP,ALP_INNER_UP_DENPEAKVAL,alp/inner_up_denpeakval/data,Peak density,m**-3,"(196,)",1,196,float32,alp27938.nc
27929,ALP,ALP_INNER_UP_DENSITY,alp/inner_up_density/data,,,"(1, 196, 16)",3,3136,float32,alp27929.nc
27930,ALP,ALP_INNER_UP_DENSITY,alp/inner_up_density/data,,,"(1, 196, 16)",3,3136,float32,alp27930 (2).nc
27931,ALP,ALP_INNER_UP_DENSITY,alp/inner_up_density/data,,,"(1, 196, 16)",3,3136,float32,alp27931 (1).nc
27932,ALP,ALP_INNER_UP_DENSITY,alp/inner_up_density/data,,,"(1, 196, 16)",3,3136,float32,alp27932.nc
27933,ALP,ALP_INNER_UP_DENSITY,alp/inner_up_density/data,,,"(1, 196, 16)",3,3136,float32,alp27933.nc
27934,ALP,ALP_INNER_UP_DENSITY,alp/inner_up_density/data,,,"(1, 196, 16)",3,3136,float32,alp27934.nc
27935,ALP,ALP_INNER_UP_DENSITY,alp/inner_up_density/data,,,"(1, 196, 16)",3,3136,float32,alp27935.nc
27936,ALP,ALP_INNER_UP_DENSITY,alp/inner_up_density/data,,,"(1, 196, 16)",3,3136,float32,alp27936.nc
27937,ALP,ALP_INNER_UP_DENSITY,alp/inner_up_density/data,,,"(1, 196, 16)",3,3136,float32,alp27937.nc
27938,ALP,ALP_INNER_UP_DENSITY,alp/inner_up_density/data,,,"(1, 196, 16)",3,3136,float32,alp27938.nc
27929,ALP,ALP_INNER_UP_JSAPEAKPOS,alp/inner_up_jsapeakpos/data,Position of peak Jsat,mm,"(196,)",1,196,float32,alp27929.nc
27930,ALP,ALP_INNER_UP_JSAPEAKPOS,alp/inner_up_jsapeakpos/data,Position of peak Jsat,mm,"(196,)",1,196,float32,alp27930 (2).nc
27931,ALP,ALP_INNER_UP_JSAPEAKPOS,alp/inner_up_jsapeakpos/data,Position of peak Jsat,mm,"(196,)",1,196,float32,alp27931 (1).nc
27932,ALP,ALP_INNER_UP_JSAPEAKPOS,alp/inner_up_jsapeakpos/data,Position of peak Jsat,mm,"(196,)",1,196,float32,alp27932.nc
27933,ALP,ALP_INNER_UP_JSAPEAKPOS,alp/inner_up_jsapeakpos/data,Position of peak Jsat,mm,"(196,)",1,196,float32,alp27933.nc
27934,ALP,ALP_INNER_UP_JSAPEAKPOS,alp/inner_up_jsapeakpos/data,Position of peak Jsat,mm,"(196,)",1,196,float32,alp27934.nc
27935,ALP,ALP_INNER_UP_JSAPEAKPOS,alp/inner_up_jsapeakpos/data,Position of peak Jsat,mm,"(196,)",1,196,float32,alp27935.nc
27936,ALP,ALP_INNER_UP_JSAPEAKPOS,alp/inner_up_jsapeakpos/data,Position of peak Jsat,mm,"(196,)",1,196,float32,alp27936.nc
27937,ALP,ALP_INNER_UP_JSAPEAKPOS,alp/inner_up_jsapeakpos/data,Position of peak Jsat,mm,"(196,)",1,196,float32,alp27937.nc
27938,ALP,ALP_INNER_UP_JSAPEAKPOS,alp/inner_up_jsapeakpos/data,Position of peak Jsat,mm,"(196,)",1,196,float32,alp27938.nc
27929,ALP,ALP_INNER_UP_JSAPEAKVAL,alp/inner_up_jsapeakval/data,Peak Jsat value,A/m**2,"(196,)",1,196,float32,alp27929.nc
27930,ALP,ALP_INNER_UP_JSAPEAKVAL,alp/inner_up_jsapeakval/data,Peak Jsat value,A/m**2,"(196,)",1,196,float32,alp27930 (2).nc
27931,ALP,ALP_INNER_UP_JSAPEAKVAL,alp/inner_up_jsapeakval/data,Peak Jsat value,A/m**2,"(196,)",1,196,float32,alp27931 (1).nc
27932,ALP,ALP_INNER_UP_JSAPEAKVAL,alp/inner_up_jsapeakval/data,Peak Jsat value,A/m**2,"(196,)",1,196,float32,alp27932.nc
27933,ALP,ALP_INNER_UP_JSAPEAKVAL,alp/inner_up_jsapeakval/data,Peak Jsat value,A/m**2,"(196,)",1,196,float32,alp27933.nc
27934,ALP,ALP_INNER_UP_JSAPEAKVAL,alp/inner_up_jsapeakval/data,Peak Jsat value,A/m**2,"(196,)",1,196,float32,alp27934.nc
27935,ALP,ALP_INNER_UP_JSAPEAKVAL,alp/inner_up_jsapeakval/data,Peak Jsat value,A/m**2,"(196,)",1,196,float32,alp27935.nc
27936,ALP,ALP_INNER_UP_JSAPEAKVAL,alp/inner_up_jsapeakval/data,Peak Jsat value,A/m**2,"(196,)",1,196,float32,alp27936.nc
27937,ALP,ALP_INNER_UP_JSAPEAKVAL,alp/inner_up_jsapeakval/data,Peak Jsat value,A/m**2,"(196,)",1,196,float32,alp27937.nc
27938,ALP,ALP_INNER_UP_JSAPEAKVAL,alp/inner_up_jsapeakval/data,Peak Jsat value,A/m**2,"(196,)",1,196,float32,alp27938.nc
27929,ALP,ALP_INNER_UP_JSAT,alp/inner_up_jsat/data,,,"(1, 196, 16)",3,3136,float32,alp27929.nc
27930,ALP,ALP_INNER_UP_JSAT,alp/inner_up_jsat/data,,,"(1, 196, 16)",3,3136,float32,alp27930 (2).nc
27931,ALP,ALP_INNER_UP_JSAT,alp/inner_up_jsat/data,,,"(1, 196, 16)",3,3136,float32,alp27931 (1).nc
27932,ALP,ALP_INNER_UP_JSAT,alp/inner_up_jsat/data,,,"(1, 196, 16)",3,3136,float32,alp27932.nc
27933,ALP,ALP_INNER_UP_JSAT,alp/inner_up_jsat/data,,,"(1, 196, 16)",3,3136,float32,alp27933.nc
27934,ALP,ALP_INNER_UP_JSAT,alp/inner_up_jsat/data,,,"(1, 196, 16)",3,3136,float32,alp27934.nc
27935,ALP,ALP_INNER_UP_JSAT,alp/inner_up_jsat/data,,,"(1, 196, 16)",3,3136,float32,alp27935.nc
27936,ALP,ALP_INNER_UP_JSAT,alp/inner_up_jsat/data,,,"(1, 196, 16)",3,3136,float32,alp27936.nc
27937,ALP,ALP_INNER_UP_JSAT,alp/inner_up_jsat/data,,,"(1, 196, 16)",3,3136,float32,alp27937.nc
27938,ALP,ALP_INNER_UP_JSAT,alp/inner_up_jsat/data,,,"(1, 196, 16)",3,3136,float32,alp27938.nc
27929,ALP,ALP_INNER_UP_JSOL,alp/inner_up_jsol/data,,,"(1, 196, 16)",3,3136,float32,alp27929.nc
27930,ALP,ALP_INNER_UP_JSOL,alp/inner_up_jsol/data,,,"(1, 196, 16)",3,3136,float32,alp27930 (2).nc
27931,ALP,ALP_INNER_UP_JSOL,alp/inner_up_jsol/data,,,"(1, 196, 16)",3,3136,float32,alp27931 (1).nc
27932,ALP,ALP_INNER_UP_JSOL,alp/inner_up_jsol/data,,,"(1, 196, 16)",3,3136,float32,alp27932.nc
27933,ALP,ALP_INNER_UP_JSOL,alp/inner_up_jsol/data,,,"(1, 196, 16)",3,3136,float32,alp27933.nc
27934,ALP,ALP_INNER_UP_JSOL,alp/inner_up_jsol/data,,,"(1, 196, 16)",3,3136,float32,alp27934.nc
27935,ALP,ALP_INNER_UP_JSOL,alp/inner_up_jsol/data,,,"(1, 196, 16)",3,3136,float32,alp27935.nc
27936,ALP,ALP_INNER_UP_JSOL,alp/inner_up_jsol/data,,,"(1, 196, 16)",3,3136,float32,alp27936.nc
27937,ALP,ALP_INNER_UP_JSOL,alp/inner_up_jsol/data,,,"(1, 196, 16)",3,3136,float32,alp27937.nc
27938,ALP,ALP_INNER_UP_JSOL,alp/inner_up_jsol/data,,,"(1, 196, 16)",3,3136,float32,alp27938.nc
27929,ALP,ALP_INNER_UP_KTEPEAKVAL,alp/inner_up_ktepeakval/data,Peak KTe  value,eV,"(196,)",1,196,float32,alp27929.nc
27930,ALP,ALP_INNER_UP_KTEPEAKVAL,alp/inner_up_ktepeakval/data,Peak KTe  value,eV,"(196,)",1,196,float32,alp27930 (2).nc
27931,ALP,ALP_INNER_UP_KTEPEAKVAL,alp/inner_up_ktepeakval/data,Peak KTe  value,eV,"(196,)",1,196,float32,alp27931 (1).nc
27932,ALP,ALP_INNER_UP_KTEPEAKVAL,alp/inner_up_ktepeakval/data,Peak KTe  value,eV,"(196,)",1,196,float32,alp27932.nc
27933,ALP,ALP_INNER_UP_KTEPEAKVAL,alp/inner_up_ktepeakval/data,Peak KTe  value,eV,"(196,)",1,196,float32,alp27933.nc
27934,ALP,ALP_INNER_UP_KTEPEAKVAL,alp/inner_up_ktepeakval/data,Peak KTe  value,eV,"(196,)",1,196,float32,alp27934.nc
27935,ALP,ALP_INNER_UP_KTEPEAKVAL,alp/inner_up_ktepeakval/data,Peak KTe  value,eV,"(196,)",1,196,float32,alp27935.nc
27936,ALP,ALP_INNER_UP_KTEPEAKVAL,alp/inner_up_ktepeakval/data,Peak KTe  value,eV,"(196,)",1,196,float32,alp27936.nc
27937,ALP,ALP_INNER_UP_KTEPEAKVAL,alp/inner_up_ktepeakval/data,Peak KTe  value,eV,"(196,)",1,196,float32,alp27937.nc
27938,ALP,ALP_INNER_UP_KTEPEAKVAL,alp/inner_up_ktepeakval/data,Peak KTe  value,eV,"(196,)",1,196,float32,alp27938.nc
27929,ALP,ALP_INNER_UP_LAMJSATPP,alp/inner_up_lamjsatpp/data,Lambda Jsat pp,mm,"(196,)",1,196,float32,alp27929.nc
27930,ALP,ALP_INNER_UP_LAMJSATPP,alp/inner_up_lamjsatpp/data,Lambda Jsat pp,mm,"(196,)",1,196,float32,alp27930 (2).nc
27931,ALP,ALP_INNER_UP_LAMJSATPP,alp/inner_up_lamjsatpp/data,Lambda Jsat pp,mm,"(196,)",1,196,float32,alp27931 (1).nc
27932,ALP,ALP_INNER_UP_LAMJSATPP,alp/inner_up_lamjsatpp/data,Lambda Jsat pp,mm,"(196,)",1,196,float32,alp27932.nc
27933,ALP,ALP_INNER_UP_LAMJSATPP,alp/inner_up_lamjsatpp/data,Lambda Jsat pp,mm,"(196,)",1,196,float32,alp27933.nc
27934,ALP,ALP_INNER_UP_LAMJSATPP,alp/inner_up_lamjsatpp/data,Lambda Jsat pp,mm,"(196,)",1,196,float32,alp27934.nc
27935,ALP,ALP_INNER_UP_LAMJSATPP,alp/inner_up_lamjsatpp/data,Lambda Jsat pp,mm,"(196,)",1,196,float32,alp27935.nc
27936,ALP,ALP_INNER_UP_LAMJSATPP,alp/inner_up_lamjsatpp/data,Lambda Jsat pp,mm,"(196,)",1,196,float32,alp27936.nc
27937,ALP,ALP_INNER_UP_LAMJSATPP,alp/inner_up_lamjsatpp/data,Lambda Jsat pp,mm,"(196,)",1,196,float32,alp27937.nc
27938,ALP,ALP_INNER_UP_LAMJSATPP,alp/inner_up_lamjsatpp/data,Lambda Jsat pp,mm,"(196,)",1,196,float32,alp27938.nc
27929,ALP,ALP_INNER_UP_LAMJSATSOL,alp/inner_up_lamjsatsol/data,Lambda Jsat sol,mm,"(196,)",1,196,float32,alp27929.nc
27930,ALP,ALP_INNER_UP_LAMJSATSOL,alp/inner_up_lamjsatsol/data,Lambda Jsat sol,mm,"(196,)",1,196,float32,alp27930 (2).nc
27931,ALP,ALP_INNER_UP_LAMJSATSOL,alp/inner_up_lamjsatsol/data,Lambda Jsat sol,mm,"(196,)",1,196,float32,alp27931 (1).nc
27932,ALP,ALP_INNER_UP_LAMJSATSOL,alp/inner_up_lamjsatsol/data,Lambda Jsat sol,mm,"(196,)",1,196,float32,alp27932.nc
27933,ALP,ALP_INNER_UP_LAMJSATSOL,alp/inner_up_lamjsatsol/data,Lambda Jsat sol,mm,"(196,)",1,196,float32,alp27933.nc
27934,ALP,ALP_INNER_UP_LAMJSATSOL,alp/inner_up_lamjsatsol/data,Lambda Jsat sol,mm,"(196,)",1,196,float32,alp27934.nc
27935,ALP,ALP_INNER_UP_LAMJSATSOL,alp/inner_up_lamjsatsol/data,Lambda Jsat sol,mm,"(196,)",1,196,float32,alp27935.nc
27936,ALP,ALP_INNER_UP_LAMJSATSOL,alp/inner_up_lamjsatsol/data,Lambda Jsat sol,mm,"(196,)",1,196,float32,alp27936.nc
27937,ALP,ALP_INNER_UP_LAMJSATSOL,alp/inner_up_lamjsatsol/data,Lambda Jsat sol,mm,"(196,)",1,196,float32,alp27937.nc
27938,ALP,ALP_INNER_UP_LAMJSATSOL,alp/inner_up_lamjsatsol/data,Lambda Jsat sol,mm,"(196,)",1,196,float32,alp27938.nc
27929,ALP,ALP_INNER_UP_POWER,alp/inner_up_power/data,,,"(1, 196, 16)",3,3136,float32,alp27929.nc
27930,ALP,ALP_INNER_UP_POWER,alp/inner_up_power/data,,,"(1, 196, 16)",3,3136,float32,alp27930 (2).nc
27931,ALP,ALP_INNER_UP_POWER,alp/inner_up_power/data,,,"(1, 196, 16)",3,3136,float32,alp27931 (1).nc
27932,ALP,ALP_INNER_UP_POWER,alp/inner_up_power/data,,,"(1, 196, 16)",3,3136,float32,alp27932.nc
27933,ALP,ALP_INNER_UP_POWER,alp/inner_up_power/data,,,"(1, 196, 16)",3,3136,float32,alp27933.nc
27934,ALP,ALP_INNER_UP_POWER,alp/inner_up_power/data,,,"(1, 196, 16)",3,3136,float32,alp27934.nc
27935,ALP,ALP_INNER_UP_POWER,alp/inner_up_power/data,,,"(1, 196, 16)",3,3136,float32,alp27935.nc
27936,ALP,ALP_INNER_UP_POWER,alp/inner_up_power/data,,,"(1, 196, 16)",3,3136,float32,alp27936.nc
27937,ALP,ALP_INNER_UP_POWER,alp/inner_up_power/data,,,"(1, 196, 16)",3,3136,float32,alp27937.nc
27938,ALP,ALP_INNER_UP_POWER,alp/inner_up_power/data,,,"(1, 196, 16)",3,3136,float32,alp27938.nc
27929,ALP,ALP_INNER_UP_POWPEAKVAL,alp/inner_up_powpeakval/data,Peak power,kW/m**2,"(196,)",1,196,float32,alp27929.nc
27930,ALP,ALP_INNER_UP_POWPEAKVAL,alp/inner_up_powpeakval/data,Peak power,kW/m**2,"(196,)",1,196,float32,alp27930 (2).nc
27931,ALP,ALP_INNER_UP_POWPEAKVAL,alp/inner_up_powpeakval/data,Peak power,kW/m**2,"(196,)",1,196,float32,alp27931 (1).nc
27932,ALP,ALP_INNER_UP_POWPEAKVAL,alp/inner_up_powpeakval/data,Peak power,kW/m**2,"(196,)",1,196,float32,alp27932.nc
27933,ALP,ALP_INNER_UP_POWPEAKVAL,alp/inner_up_powpeakval/data,Peak power,kW/m**2,"(196,)",1,196,float32,alp27933.nc
27934,ALP,ALP_INNER_UP_POWPEAKVAL,alp/inner_up_powpeakval/data,Peak power,kW/m**2,"(196,)",1,196,float32,alp27934.nc
27935,ALP,ALP_INNER_UP_POWPEAKVAL,alp/inner_up_powpeakval/data,Peak power,kW/m**2,"(196,)",1,196,float32,alp27935.nc
27936,ALP,ALP_INNER_UP_POWPEAKVAL,alp/inner_up_powpeakval/data,Peak power,kW/m**2,"(196,)",1,196,float32,alp27936.nc
27937,ALP,ALP_INNER_UP_POWPEAKVAL,alp/inner_up_powpeakval/data,Peak power,kW/m**2,"(196,)",1,196,float32,alp27937.nc
27938,ALP,ALP_INNER_UP_POWPEAKVAL,alp/inner_up_powpeakval/data,Peak power,kW/m**2,"(196,)",1,196,float32,alp27938.nc
27929,ALP,ALP_INNER_UP_POWSUM,alp/inner_up_powsum/data,Power,kW,"(196,)",1,196,float32,alp27929.nc
27930,ALP,ALP_INNER_UP_POWSUM,alp/inner_up_powsum/data,Power,kW,"(196,)",1,196,float32,alp27930 (2).nc
27931,ALP,ALP_INNER_UP_POWSUM,alp/inner_up_powsum/data,Power,kW,"(196,)",1,196,float32,alp27931 (1).nc
27932,ALP,ALP_INNER_UP_POWSUM,alp/inner_up_powsum/data,Power,kW,"(196,)",1,196,float32,alp27932.nc
27933,ALP,ALP_INNER_UP_POWSUM,alp/inner_up_powsum/data,Power,kW,"(196,)",1,196,float32,alp27933.nc
27934,ALP,ALP_INNER_UP_POWSUM,alp/inner_up_powsum/data,Power,kW,"(196,)",1,196,float32,alp27934.nc
27935,ALP,ALP_INNER_UP_POWSUM,alp/inner_up_powsum/data,Power,kW,"(196,)",1,196,float32,alp27935.nc
27936,ALP,ALP_INNER_UP_POWSUM,alp/inner_up_powsum/data,Power,kW,"(196,)",1,196,float32,alp27936.nc
27937,ALP,ALP_INNER_UP_POWSUM,alp/inner_up_powsum/data,Power,kW,"(196,)",1,196,float32,alp27937.nc
27938,ALP,ALP_INNER_UP_POWSUM,alp/inner_up_powsum/data,Power,kW,"(196,)",1,196,float32,alp27938.nc
27929,ALP,ALP_INNER_UP_POWTOT,alp/inner_up_powtot/data,Power,kW,"(196,)",1,196,float32,alp27929.nc
27930,ALP,ALP_INNER_UP_POWTOT,alp/inner_up_powtot/data,Power,kW,"(196,)",1,196,float32,alp27930 (2).nc
27931,ALP,ALP_INNER_UP_POWTOT,alp/inner_up_powtot/data,Power,kW,"(196,)",1,196,float32,alp27931 (1).nc
27932,ALP,ALP_INNER_UP_POWTOT,alp/inner_up_powtot/data,Power,kW,"(196,)",1,196,float32,alp27932.nc
27933,ALP,ALP_INNER_UP_POWTOT,alp/inner_up_powtot/data,Power,kW,"(196,)",1,196,float32,alp27933.nc
27934,ALP,ALP_INNER_UP_POWTOT,alp/inner_up_powtot/data,Power,kW,"(196,)",1,196,float32,alp27934.nc
27935,ALP,ALP_INNER_UP_POWTOT,alp/inner_up_powtot/data,Power,kW,"(196,)",1,196,float32,alp27935.nc
27936,ALP,ALP_INNER_UP_POWTOT,alp/inner_up_powtot/data,Power,kW,"(196,)",1,196,float32,alp27936.nc
27937,ALP,ALP_INNER_UP_POWTOT,alp/inner_up_powtot/data,Power,kW,"(196,)",1,196,float32,alp27937.nc
27938,ALP,ALP_INNER_UP_POWTOT,alp/inner_up_powtot/data,Power,kW,"(196,)",1,196,float32,alp27938.nc
27929,ALP,ALP_INNER_UP_R,alp/inner_up_r/data,,,"(1, 16)",2,16,float32,alp27929.nc
27930,ALP,ALP_INNER_UP_R,alp/inner_up_r/data,,,"(1, 16)",2,16,float32,alp27930 (2).nc
27931,ALP,ALP_INNER_UP_R,alp/inner_up_r/data,,,"(1, 16)",2,16,float32,alp27931 (1).nc
27932,ALP,ALP_INNER_UP_R,alp/inner_up_r/data,,,"(1, 16)",2,16,float32,alp27932.nc
27933,ALP,ALP_INNER_UP_R,alp/inner_up_r/data,,,"(1, 16)",2,16,float32,alp27933.nc
27934,ALP,ALP_INNER_UP_R,alp/inner_up_r/data,,,"(1, 16)",2,16,float32,alp27934.nc
27935,ALP,ALP_INNER_UP_R,alp/inner_up_r/data,,,"(1, 16)",2,16,float32,alp27935.nc
27936,ALP,ALP_INNER_UP_R,alp/inner_up_r/data,,,"(1, 16)",2,16,float32,alp27936.nc
27937,ALP,ALP_INNER_UP_R,alp/inner_up_r/data,,,"(1, 16)",2,16,float32,alp27937.nc
27938,ALP,ALP_INNER_UP_R,alp/inner_up_r/data,,,"(1, 16)",2,16,float32,alp27938.nc
27929,ALP,ALP_INNER_UP_TE,alp/inner_up_te/data,,,"(1, 196, 16)",3,3136,float32,alp27929.nc
27930,ALP,ALP_INNER_UP_TE,alp/inner_up_te/data,,,"(1, 196, 16)",3,3136,float32,alp27930 (2).nc
27931,ALP,ALP_INNER_UP_TE,alp/inner_up_te/data,,,"(1, 196, 16)",3,3136,float32,alp27931 (1).nc
27932,ALP,ALP_INNER_UP_TE,alp/inner_up_te/data,,,"(1, 196, 16)",3,3136,float32,alp27932.nc
27933,ALP,ALP_INNER_UP_TE,alp/inner_up_te/data,,,"(1, 196, 16)",3,3136,float32,alp27933.nc
27934,ALP,ALP_INNER_UP_TE,alp/inner_up_te/data,,,"(1, 196, 16)",3,3136,float32,alp27934.nc
27935,ALP,ALP_INNER_UP_TE,alp/inner_up_te/data,,,"(1, 196, 16)",3,3136,float32,alp27935.nc
27936,ALP,ALP_INNER_UP_TE,alp/inner_up_te/data,,,"(1, 196, 16)",3,3136,float32,alp27936.nc
27937,ALP,ALP_INNER_UP_TE,alp/inner_up_te/data,,,"(1, 196, 16)",3,3136,float32,alp27937.nc
27938,ALP,ALP_INNER_UP_TE,alp/inner_up_te/data,,,"(1, 196, 16)",3,3136,float32,alp27938.nc
27929,ALP,ALP_INNER_UP_TIME,alp/inner_up_time/data,,,"(1, 196)",2,196,float32,alp27929.nc
27930,ALP,ALP_INNER_UP_TIME,alp/inner_up_time/data,,,"(1, 196)",2,196,float32,alp27930 (2).nc
27931,ALP,ALP_INNER_UP_TIME,alp/inner_up_time/data,,,"(1, 196)",2,196,float32,alp27931 (1).nc
27932,ALP,ALP_INNER_UP_TIME,alp/inner_up_time/data,,,"(1, 196)",2,196,float32,alp27932.nc
27933,ALP,ALP_INNER_UP_TIME,alp/inner_up_time/data,,,"(1, 196)",2,196,float32,alp27933.nc
27934,ALP,ALP_INNER_UP_TIME,alp/inner_up_time/data,,,"(1, 196)",2,196,float32,alp27934.nc
27935,ALP,ALP_INNER_UP_TIME,alp/inner_up_time/data,,,"(1, 196)",2,196,float32,alp27935.nc
27936,ALP,ALP_INNER_UP_TIME,alp/inner_up_time/data,,,"(1, 196)",2,196,float32,alp27936.nc
27937,ALP,ALP_INNER_UP_TIME,alp/inner_up_time/data,,,"(1, 196)",2,196,float32,alp27937.nc
27938,ALP,ALP_INNER_UP_TIME,alp/inner_up_time/data,,,"(1, 196)",2,196,float32,alp27938.nc
27929,ALP,ALP_INNER_UP_TIMEMID,alp/inner_up_timemid/data,,,"(1, 196, 16)",3,3136,float32,alp27929.nc
27930,ALP,ALP_INNER_UP_TIMEMID,alp/inner_up_timemid/data,,,"(1, 196, 16)",3,3136,float32,alp27930 (2).nc
27931,ALP,ALP_INNER_UP_TIMEMID,alp/inner_up_timemid/data,,,"(1, 196, 16)",3,3136,float32,alp27931 (1).nc
27932,ALP,ALP_INNER_UP_TIMEMID,alp/inner_up_timemid/data,,,"(1, 196, 16)",3,3136,float32,alp27932.nc
27933,ALP,ALP_INNER_UP_TIMEMID,alp/inner_up_timemid/data,,,"(1, 196, 16)",3,3136,float32,alp27933.nc
27934,ALP,ALP_INNER_UP_TIMEMID,alp/inner_up_timemid/data,,,"(1, 196, 16)",3,3136,float32,alp27934.nc
27935,ALP,ALP_INNER_UP_TIMEMID,alp/inner_up_timemid/data,,,"(1, 196, 16)",3,3136,float32,alp27935.nc
27936,ALP,ALP_INNER_UP_TIMEMID,alp/inner_up_timemid/data,,,"(1, 196, 16)",3,3136,float32,alp27936.nc
27937,ALP,ALP_INNER_UP_TIMEMID,alp/inner_up_timemid/data,,,"(1, 196, 16)",3,3136,float32,alp27937.nc
27938,ALP,ALP_INNER_UP_TIMEMID,alp/inner_up_timemid/data,,,"(1, 196, 16)",3,3136,float32,alp27938.nc
27929,ALP,ALP_INNER_UP_VFLOAT,alp/inner_up_vfloat/data,,,"(1, 196, 16)",3,3136,float32,alp27929.nc
27930,ALP,ALP_INNER_UP_VFLOAT,alp/inner_up_vfloat/data,,,"(1, 196, 16)",3,3136,float32,alp27930 (2).nc
27931,ALP,ALP_INNER_UP_VFLOAT,alp/inner_up_vfloat/data,,,"(1, 196, 16)",3,3136,float32,alp27931 (1).nc
27932,ALP,ALP_INNER_UP_VFLOAT,alp/inner_up_vfloat/data,,,"(1, 196, 16)",3,3136,float32,alp27932.nc
27933,ALP,ALP_INNER_UP_VFLOAT,alp/inner_up_vfloat/data,,,"(1, 196, 16)",3,3136,float32,alp27933.nc
27934,ALP,ALP_INNER_UP_VFLOAT,alp/inner_up_vfloat/data,,,"(1, 196, 16)",3,3136,float32,alp27934.nc
27935,ALP,ALP_INNER_UP_VFLOAT,alp/inner_up_vfloat/data,,,"(1, 196, 16)",3,3136,float32,alp27935.nc
27936,ALP,ALP_INNER_UP_VFLOAT,alp/inner_up_vfloat/data,,,"(1, 196, 16)",3,3136,float32,alp27936.nc
27937,ALP,ALP_INNER_UP_VFLOAT,alp/inner_up_vfloat/data,,,"(1, 196, 16)",3,3136,float32,alp27937.nc
27938,ALP,ALP_INNER_UP_VFLOAT,alp/inner_up_vfloat/data,,,"(1, 196, 16)",3,3136,float32,alp27938.nc
27929,ALP,ALP_INNER_UP_Z,alp/inner_up_z/data,,,"(1, 16)",2,16,float32,alp27929.nc
27930,ALP,ALP_INNER_UP_Z,alp/inner_up_z/data,,,"(1, 16)",2,16,float32,alp27930 (2).nc
27931,ALP,ALP_INNER_UP_Z,alp/inner_up_z/data,,,"(1, 16)",2,16,float32,alp27931 (1).nc
27932,ALP,ALP_INNER_UP_Z,alp/inner_up_z/data,,,"(1, 16)",2,16,float32,alp27932.nc
27933,ALP,ALP_INNER_UP_Z,alp/inner_up_z/data,,,"(1, 16)",2,16,float32,alp27933.nc
27934,ALP,ALP_INNER_UP_Z,alp/inner_up_z/data,,,"(1, 16)",2,16,float32,alp27934.nc
27935,ALP,ALP_INNER_UP_Z,alp/inner_up_z/data,,,"(1, 16)",2,16,float32,alp27935.nc
27936,ALP,ALP_INNER_UP_Z,alp/inner_up_z/data,,,"(1, 16)",2,16,float32,alp27936.nc
27937,ALP,ALP_INNER_UP_Z,alp/inner_up_z/data,,,"(1, 16)",2,16,float32,alp27937.nc
27938,ALP,ALP_INNER_UP_Z,alp/inner_up_z/data,,,"(1, 16)",2,16,float32,alp27938.nc
27929,ALP,ALP_OUL_SEC4_CHISQ,alp/oul_sec4_chisq/data,,,"(1, 196, 46)",3,9016,float32,alp27929.nc
27930,ALP,ALP_OUL_SEC4_CHISQ,alp/oul_sec4_chisq/data,,,"(1, 196, 46)",3,9016,float32,alp27930 (2).nc
27931,ALP,ALP_OUL_SEC4_CHISQ,alp/oul_sec4_chisq/data,,,"(1, 196, 46)",3,9016,float32,alp27931 (1).nc
27932,ALP,ALP_OUL_SEC4_CHISQ,alp/oul_sec4_chisq/data,,,"(1, 196, 46)",3,9016,float32,alp27932.nc
27933,ALP,ALP_OUL_SEC4_CHISQ,alp/oul_sec4_chisq/data,,,"(1, 196, 46)",3,9016,float32,alp27933.nc
27934,ALP,ALP_OUL_SEC4_CHISQ,alp/oul_sec4_chisq/data,,,"(1, 196, 46)",3,9016,float32,alp27934.nc
27935,ALP,ALP_OUL_SEC4_CHISQ,alp/oul_sec4_chisq/data,,,"(1, 196, 46)",3,9016,float32,alp27935.nc
27936,ALP,ALP_OUL_SEC4_CHISQ,alp/oul_sec4_chisq/data,,,"(1, 196, 46)",3,9016,float32,alp27936.nc
27937,ALP,ALP_OUL_SEC4_CHISQ,alp/oul_sec4_chisq/data,,,"(1, 196, 46)",3,9016,float32,alp27937.nc
27938,ALP,ALP_OUL_SEC4_CHISQ,alp/oul_sec4_chisq/data,,,"(1, 196, 46)",3,9016,float32,alp27938.nc
27929,ALP,ALP_OUL_SEC4_DENSITY,alp/oul_sec4_density/data,,,"(1, 196, 46)",3,9016,float32,alp27929.nc
27930,ALP,ALP_OUL_SEC4_DENSITY,alp/oul_sec4_density/data,,,"(1, 196, 46)",3,9016,float32,alp27930 (2).nc
27931,ALP,ALP_OUL_SEC4_DENSITY,alp/oul_sec4_density/data,,,"(1, 196, 46)",3,9016,float32,alp27931 (1).nc
27932,ALP,ALP_OUL_SEC4_DENSITY,alp/oul_sec4_density/data,,,"(1, 196, 46)",3,9016,float32,alp27932.nc
27933,ALP,ALP_OUL_SEC4_DENSITY,alp/oul_sec4_density/data,,,"(1, 196, 46)",3,9016,float32,alp27933.nc
27934,ALP,ALP_OUL_SEC4_DENSITY,alp/oul_sec4_density/data,,,"(1, 196, 46)",3,9016,float32,alp27934.nc
27935,ALP,ALP_OUL_SEC4_DENSITY,alp/oul_sec4_density/data,,,"(1, 196, 46)",3,9016,float32,alp27935.nc
27936,ALP,ALP_OUL_SEC4_DENSITY,alp/oul_sec4_density/data,,,"(1, 196, 46)",3,9016,float32,alp27936.nc
27937,ALP,ALP_OUL_SEC4_DENSITY,alp/oul_sec4_density/data,,,"(1, 196, 46)",3,9016,float32,alp27937.nc
27938,ALP,ALP_OUL_SEC4_DENSITY,alp/oul_sec4_density/data,,,"(1, 196, 46)",3,9016,float32,alp27938.nc
27929,ALP,ALP_OUL_SEC4_JSAT,alp/oul_sec4_jsat/data,,,"(1, 196, 46)",3,9016,float32,alp27929.nc
27930,ALP,ALP_OUL_SEC4_JSAT,alp/oul_sec4_jsat/data,,,"(1, 196, 46)",3,9016,float32,alp27930 (2).nc
27931,ALP,ALP_OUL_SEC4_JSAT,alp/oul_sec4_jsat/data,,,"(1, 196, 46)",3,9016,float32,alp27931 (1).nc
27932,ALP,ALP_OUL_SEC4_JSAT,alp/oul_sec4_jsat/data,,,"(1, 196, 46)",3,9016,float32,alp27932.nc
27933,ALP,ALP_OUL_SEC4_JSAT,alp/oul_sec4_jsat/data,,,"(1, 196, 46)",3,9016,float32,alp27933.nc
27934,ALP,ALP_OUL_SEC4_JSAT,alp/oul_sec4_jsat/data,,,"(1, 196, 46)",3,9016,float32,alp27934.nc
27935,ALP,ALP_OUL_SEC4_JSAT,alp/oul_sec4_jsat/data,,,"(1, 196, 46)",3,9016,float32,alp27935.nc
27936,ALP,ALP_OUL_SEC4_JSAT,alp/oul_sec4_jsat/data,,,"(1, 196, 46)",3,9016,float32,alp27936.nc
27937,ALP,ALP_OUL_SEC4_JSAT,alp/oul_sec4_jsat/data,,,"(1, 196, 46)",3,9016,float32,alp27937.nc
27938,ALP,ALP_OUL_SEC4_JSAT,alp/oul_sec4_jsat/data,,,"(1, 196, 46)",3,9016,float32,alp27938.nc
27929,ALP,ALP_OUL_SEC4_JSOL,alp/oul_sec4_jsol/data,,,"(1, 196, 46)",3,9016,float32,alp27929.nc
27930,ALP,ALP_OUL_SEC4_JSOL,alp/oul_sec4_jsol/data,,,"(1, 196, 46)",3,9016,float32,alp27930 (2).nc
27931,ALP,ALP_OUL_SEC4_JSOL,alp/oul_sec4_jsol/data,,,"(1, 196, 46)",3,9016,float32,alp27931 (1).nc
27932,ALP,ALP_OUL_SEC4_JSOL,alp/oul_sec4_jsol/data,,,"(1, 196, 46)",3,9016,float32,alp27932.nc
27933,ALP,ALP_OUL_SEC4_JSOL,alp/oul_sec4_jsol/data,,,"(1, 196, 46)",3,9016,float32,alp27933.nc
27934,ALP,ALP_OUL_SEC4_JSOL,alp/oul_sec4_jsol/data,,,"(1, 196, 46)",3,9016,float32,alp27934.nc
27935,ALP,ALP_OUL_SEC4_JSOL,alp/oul_sec4_jsol/data,,,"(1, 196, 46)",3,9016,float32,alp27935.nc
27936,ALP,ALP_OUL_SEC4_JSOL,alp/oul_sec4_jsol/data,,,"(1, 196, 46)",3,9016,float32,alp27936.nc
27937,ALP,ALP_OUL_SEC4_JSOL,alp/oul_sec4_jsol/data,,,"(1, 196, 46)",3,9016,float32,alp27937.nc
27938,ALP,ALP_OUL_SEC4_JSOL,alp/oul_sec4_jsol/data,,,"(1, 196, 46)",3,9016,float32,alp27938.nc
27929,ALP,ALP_OUL_SEC4_POWER,alp/oul_sec4_power/data,,,"(1, 196, 46)",3,9016,float32,alp27929.nc
27930,ALP,ALP_OUL_SEC4_POWER,alp/oul_sec4_power/data,,,"(1, 196, 46)",3,9016,float32,alp27930 (2).nc
27931,ALP,ALP_OUL_SEC4_POWER,alp/oul_sec4_power/data,,,"(1, 196, 46)",3,9016,float32,alp27931 (1).nc
27932,ALP,ALP_OUL_SEC4_POWER,alp/oul_sec4_power/data,,,"(1, 196, 46)",3,9016,float32,alp27932.nc
27933,ALP,ALP_OUL_SEC4_POWER,alp/oul_sec4_power/data,,,"(1, 196, 46)",3,9016,float32,alp27933.nc
27934,ALP,ALP_OUL_SEC4_POWER,alp/oul_sec4_power/data,,,"(1, 196, 46)",3,9016,float32,alp27934.nc
27935,ALP,ALP_OUL_SEC4_POWER,alp/oul_sec4_power/data,,,"(1, 196, 46)",3,9016,float32,alp27935.nc
27936,ALP,ALP_OUL_SEC4_POWER,alp/oul_sec4_power/data,,,"(1, 196, 46)",3,9016,float32,alp27936.nc
27937,ALP,ALP_OUL_SEC4_POWER,alp/oul_sec4_power/data,,,"(1, 196, 46)",3,9016,float32,alp27937.nc
27938,ALP,ALP_OUL_SEC4_POWER,alp/oul_sec4_power/data,,,"(1, 196, 46)",3,9016,float32,alp27938.nc
27929,ALP,ALP_OUL_SEC4_R,alp/oul_sec4_r/data,,,"(1, 46)",2,46,float32,alp27929.nc
27930,ALP,ALP_OUL_SEC4_R,alp/oul_sec4_r/data,,,"(1, 46)",2,46,float32,alp27930 (2).nc
27931,ALP,ALP_OUL_SEC4_R,alp/oul_sec4_r/data,,,"(1, 46)",2,46,float32,alp27931 (1).nc
27932,ALP,ALP_OUL_SEC4_R,alp/oul_sec4_r/data,,,"(1, 46)",2,46,float32,alp27932.nc
27933,ALP,ALP_OUL_SEC4_R,alp/oul_sec4_r/data,,,"(1, 46)",2,46,float32,alp27933.nc
27934,ALP,ALP_OUL_SEC4_R,alp/oul_sec4_r/data,,,"(1, 46)",2,46,float32,alp27934.nc
27935,ALP,ALP_OUL_SEC4_R,alp/oul_sec4_r/data,,,"(1, 46)",2,46,float32,alp27935.nc
27936,ALP,ALP_OUL_SEC4_R,alp/oul_sec4_r/data,,,"(1, 46)",2,46,float32,alp27936.nc
27937,ALP,ALP_OUL_SEC4_R,alp/oul_sec4_r/data,,,"(1, 46)",2,46,float32,alp27937.nc
27938,ALP,ALP_OUL_SEC4_R,alp/oul_sec4_r/data,,,"(1, 46)",2,46,float32,alp27938.nc
27929,ALP,ALP_OUL_SEC4_TE,alp/oul_sec4_te/data,,,"(1, 196, 46)",3,9016,float32,alp27929.nc
27930,ALP,ALP_OUL_SEC4_TE,alp/oul_sec4_te/data,,,"(1, 196, 46)",3,9016,float32,alp27930 (2).nc
27931,ALP,ALP_OUL_SEC4_TE,alp/oul_sec4_te/data,,,"(1, 196, 46)",3,9016,float32,alp27931 (1).nc
27932,ALP,ALP_OUL_SEC4_TE,alp/oul_sec4_te/data,,,"(1, 196, 46)",3,9016,float32,alp27932.nc
27933,ALP,ALP_OUL_SEC4_TE,alp/oul_sec4_te/data,,,"(1, 196, 46)",3,9016,float32,alp27933.nc
27934,ALP,ALP_OUL_SEC4_TE,alp/oul_sec4_te/data,,,"(1, 196, 46)",3,9016,float32,alp27934.nc
27935,ALP,ALP_OUL_SEC4_TE,alp/oul_sec4_te/data,,,"(1, 196, 46)",3,9016,float32,alp27935.nc
27936,ALP,ALP_OUL_SEC4_TE,alp/oul_sec4_te/data,,,"(1, 196, 46)",3,9016,float32,alp27936.nc
27937,ALP,ALP_OUL_SEC4_TE,alp/oul_sec4_te/data,,,"(1, 196, 46)",3,9016,float32,alp27937.nc
27938,ALP,ALP_OUL_SEC4_TE,alp/oul_sec4_te/data,,,"(1, 196, 46)",3,9016,float32,alp27938.nc
27929,ALP,ALP_OUL_SEC4_TIME,alp/oul_sec4_time/data,,,"(1, 196)",2,196,float32,alp27929.nc
27930,ALP,ALP_OUL_SEC4_TIME,alp/oul_sec4_time/data,,,"(1, 196)",2,196,float32,alp27930 (2).nc
27931,ALP,ALP_OUL_SEC4_TIME,alp/oul_sec4_time/data,,,"(1, 196)",2,196,float32,alp27931 (1).nc
27932,ALP,ALP_OUL_SEC4_TIME,alp/oul_sec4_time/data,,,"(1, 196)",2,196,float32,alp27932.nc
27933,ALP,ALP_OUL_SEC4_TIME,alp/oul_sec4_time/data,,,"(1, 196)",2,196,float32,alp27933.nc
27934,ALP,ALP_OUL_SEC4_TIME,alp/oul_sec4_time/data,,,"(1, 196)",2,196,float32,alp27934.nc
27935,ALP,ALP_OUL_SEC4_TIME,alp/oul_sec4_time/data,,,"(1, 196)",2,196,float32,alp27935.nc
27936,ALP,ALP_OUL_SEC4_TIME,alp/oul_sec4_time/data,,,"(1, 196)",2,196,float32,alp27936.nc
27937,ALP,ALP_OUL_SEC4_TIME,alp/oul_sec4_time/data,,,"(1, 196)",2,196,float32,alp27937.nc
27938,ALP,ALP_OUL_SEC4_TIME,alp/oul_sec4_time/data,,,"(1, 196)",2,196,float32,alp27938.nc
27929,ALP,ALP_OUL_SEC4_TIMEMID,alp/oul_sec4_timemid/data,,,"(1, 196, 46)",3,9016,float32,alp27929.nc
27930,ALP,ALP_OUL_SEC4_TIMEMID,alp/oul_sec4_timemid/data,,,"(1, 196, 46)",3,9016,float32,alp27930 (2).nc
27931,ALP,ALP_OUL_SEC4_TIMEMID,alp/oul_sec4_timemid/data,,,"(1, 196, 46)",3,9016,float32,alp27931 (1).nc
27932,ALP,ALP_OUL_SEC4_TIMEMID,alp/oul_sec4_timemid/data,,,"(1, 196, 46)",3,9016,float32,alp27932.nc
27933,ALP,ALP_OUL_SEC4_TIMEMID,alp/oul_sec4_timemid/data,,,"(1, 196, 46)",3,9016,float32,alp27933.nc
27934,ALP,ALP_OUL_SEC4_TIMEMID,alp/oul_sec4_timemid/data,,,"(1, 196, 46)",3,9016,float32,alp27934.nc
27935,ALP,ALP_OUL_SEC4_TIMEMID,alp/oul_sec4_timemid/data,,,"(1, 196, 46)",3,9016,float32,alp27935.nc
27936,ALP,ALP_OUL_SEC4_TIMEMID,alp/oul_sec4_timemid/data,,,"(1, 196, 46)",3,9016,float32,alp27936.nc
27937,ALP,ALP_OUL_SEC4_TIMEMID,alp/oul_sec4_timemid/data,,,"(1, 196, 46)",3,9016,float32,alp27937.nc
27938,ALP,ALP_OUL_SEC4_TIMEMID,alp/oul_sec4_timemid/data,,,"(1, 196, 46)",3,9016,float32,alp27938.nc
27929,ALP,ALP_OUL_SEC4_VFLOAT,alp/oul_sec4_vfloat/data,,,"(1, 196, 46)",3,9016,float32,alp27929.nc
27930,ALP,ALP_OUL_SEC4_VFLOAT,alp/oul_sec4_vfloat/data,,,"(1, 196, 46)",3,9016,float32,alp27930 (2).nc
27931,ALP,ALP_OUL_SEC4_VFLOAT,alp/oul_sec4_vfloat/data,,,"(1, 196, 46)",3,9016,float32,alp27931 (1).nc
27932,ALP,ALP_OUL_SEC4_VFLOAT,alp/oul_sec4_vfloat/data,,,"(1, 196, 46)",3,9016,float32,alp27932.nc
27933,ALP,ALP_OUL_SEC4_VFLOAT,alp/oul_sec4_vfloat/data,,,"(1, 196, 46)",3,9016,float32,alp27933.nc
27934,ALP,ALP_OUL_SEC4_VFLOAT,alp/oul_sec4_vfloat/data,,,"(1, 196, 46)",3,9016,float32,alp27934.nc
27935,ALP,ALP_OUL_SEC4_VFLOAT,alp/oul_sec4_vfloat/data,,,"(1, 196, 46)",3,9016,float32,alp27935.nc
27936,ALP,ALP_OUL_SEC4_VFLOAT,alp/oul_sec4_vfloat/data,,,"(1, 196, 46)",3,9016,float32,alp27936.nc
27937,ALP,ALP_OUL_SEC4_VFLOAT,alp/oul_sec4_vfloat/data,,,"(1, 196, 46)",3,9016,float32,alp27937.nc
27938,ALP,ALP_OUL_SEC4_VFLOAT,alp/oul_sec4_vfloat/data,,,"(1, 196, 46)",3,9016,float32,alp27938.nc
27929,ALP,ALP_OUL_SEC4_Z,alp/oul_sec4_z/data,,,"(1, 46)",2,46,float32,alp27929.nc
27930,ALP,ALP_OUL_SEC4_Z,alp/oul_sec4_z/data,,,"(1, 46)",2,46,float32,alp27930 (2).nc
27931,ALP,ALP_OUL_SEC4_Z,alp/oul_sec4_z/data,,,"(1, 46)",2,46,float32,alp27931 (1).nc
27932,ALP,ALP_OUL_SEC4_Z,alp/oul_sec4_z/data,,,"(1, 46)",2,46,float32,alp27932.nc
27933,ALP,ALP_OUL_SEC4_Z,alp/oul_sec4_z/data,,,"(1, 46)",2,46,float32,alp27933.nc
27934,ALP,ALP_OUL_SEC4_Z,alp/oul_sec4_z/data,,,"(1, 46)",2,46,float32,alp27934.nc
27935,ALP,ALP_OUL_SEC4_Z,alp/oul_sec4_z/data,,,"(1, 46)",2,46,float32,alp27935.nc
27936,ALP,ALP_OUL_SEC4_Z,alp/oul_sec4_z/data,,,"(1, 46)",2,46,float32,alp27936.nc
27937,ALP,ALP_OUL_SEC4_Z,alp/oul_sec4_z/data,,,"(1, 46)",2,46,float32,alp27937.nc
27938,ALP,ALP_OUL_SEC4_Z,alp/oul_sec4_z/data,,,"(1, 46)",2,46,float32,alp27938.nc
27929,ALP,ALP_OUL_SEC6_CHISQ,alp/oul_sec6_chisq/data,,,"(1, 196, 48)",3,9408,float32,alp27929.nc
27930,ALP,ALP_OUL_SEC6_CHISQ,alp/oul_sec6_chisq/data,,,"(1, 196, 48)",3,9408,float32,alp27930 (2).nc
27931,ALP,ALP_OUL_SEC6_CHISQ,alp/oul_sec6_chisq/data,,,"(1, 196, 48)",3,9408,float32,alp27931 (1).nc
27932,ALP,ALP_OUL_SEC6_CHISQ,alp/oul_sec6_chisq/data,,,"(1, 196, 48)",3,9408,float32,alp27932.nc
27933,ALP,ALP_OUL_SEC6_CHISQ,alp/oul_sec6_chisq/data,,,"(1, 196, 48)",3,9408,float32,alp27933.nc
27934,ALP,ALP_OUL_SEC6_CHISQ,alp/oul_sec6_chisq/data,,,"(1, 196, 48)",3,9408,float32,alp27934.nc
27935,ALP,ALP_OUL_SEC6_CHISQ,alp/oul_sec6_chisq/data,,,"(1, 196, 48)",3,9408,float32,alp27935.nc
27936,ALP,ALP_OUL_SEC6_CHISQ,alp/oul_sec6_chisq/data,,,"(1, 196, 48)",3,9408,float32,alp27936.nc
27937,ALP,ALP_OUL_SEC6_CHISQ,alp/oul_sec6_chisq/data,,,"(1, 196, 48)",3,9408,float32,alp27937.nc
27938,ALP,ALP_OUL_SEC6_CHISQ,alp/oul_sec6_chisq/data,,,"(1, 196, 48)",3,9408,float32,alp27938.nc
27929,ALP,ALP_OUL_SEC6_DENSITY,alp/oul_sec6_density/data,,,"(1, 196, 48)",3,9408,float32,alp27929.nc
27930,ALP,ALP_OUL_SEC6_DENSITY,alp/oul_sec6_density/data,,,"(1, 196, 48)",3,9408,float32,alp27930 (2).nc
27931,ALP,ALP_OUL_SEC6_DENSITY,alp/oul_sec6_density/data,,,"(1, 196, 48)",3,9408,float32,alp27931 (1).nc
27932,ALP,ALP_OUL_SEC6_DENSITY,alp/oul_sec6_density/data,,,"(1, 196, 48)",3,9408,float32,alp27932.nc
27933,ALP,ALP_OUL_SEC6_DENSITY,alp/oul_sec6_density/data,,,"(1, 196, 48)",3,9408,float32,alp27933.nc
27934,ALP,ALP_OUL_SEC6_DENSITY,alp/oul_sec6_density/data,,,"(1, 196, 48)",3,9408,float32,alp27934.nc
27935,ALP,ALP_OUL_SEC6_DENSITY,alp/oul_sec6_density/data,,,"(1, 196, 48)",3,9408,float32,alp27935.nc
27936,ALP,ALP_OUL_SEC6_DENSITY,alp/oul_sec6_density/data,,,"(1, 196, 48)",3,9408,float32,alp27936.nc
27937,ALP,ALP_OUL_SEC6_DENSITY,alp/oul_sec6_density/data,,,"(1, 196, 48)",3,9408,float32,alp27937.nc
27938,ALP,ALP_OUL_SEC6_DENSITY,alp/oul_sec6_density/data,,,"(1, 196, 48)",3,9408,float32,alp27938.nc
27929,ALP,ALP_OUL_SEC6_JSAT,alp/oul_sec6_jsat/data,,,"(1, 196, 48)",3,9408,float32,alp27929.nc
27930,ALP,ALP_OUL_SEC6_JSAT,alp/oul_sec6_jsat/data,,,"(1, 196, 48)",3,9408,float32,alp27930 (2).nc
27931,ALP,ALP_OUL_SEC6_JSAT,alp/oul_sec6_jsat/data,,,"(1, 196, 48)",3,9408,float32,alp27931 (1).nc
27932,ALP,ALP_OUL_SEC6_JSAT,alp/oul_sec6_jsat/data,,,"(1, 196, 48)",3,9408,float32,alp27932.nc
27933,ALP,ALP_OUL_SEC6_JSAT,alp/oul_sec6_jsat/data,,,"(1, 196, 48)",3,9408,float32,alp27933.nc
27934,ALP,ALP_OUL_SEC6_JSAT,alp/oul_sec6_jsat/data,,,"(1, 196, 48)",3,9408,float32,alp27934.nc
27935,ALP,ALP_OUL_SEC6_JSAT,alp/oul_sec6_jsat/data,,,"(1, 196, 48)",3,9408,float32,alp27935.nc
27936,ALP,ALP_OUL_SEC6_JSAT,alp/oul_sec6_jsat/data,,,"(1, 196, 48)",3,9408,float32,alp27936.nc
27937,ALP,ALP_OUL_SEC6_JSAT,alp/oul_sec6_jsat/data,,,"(1, 196, 48)",3,9408,float32,alp27937.nc
27938,ALP,ALP_OUL_SEC6_JSAT,alp/oul_sec6_jsat/data,,,"(1, 196, 48)",3,9408,float32,alp27938.nc
27929,ALP,ALP_OUL_SEC6_JSOL,alp/oul_sec6_jsol/data,,,"(1, 196, 48)",3,9408,float32,alp27929.nc
27930,ALP,ALP_OUL_SEC6_JSOL,alp/oul_sec6_jsol/data,,,"(1, 196, 48)",3,9408,float32,alp27930 (2).nc
27931,ALP,ALP_OUL_SEC6_JSOL,alp/oul_sec6_jsol/data,,,"(1, 196, 48)",3,9408,float32,alp27931 (1).nc
27932,ALP,ALP_OUL_SEC6_JSOL,alp/oul_sec6_jsol/data,,,"(1, 196, 48)",3,9408,float32,alp27932.nc
27933,ALP,ALP_OUL_SEC6_JSOL,alp/oul_sec6_jsol/data,,,"(1, 196, 48)",3,9408,float32,alp27933.nc
27934,ALP,ALP_OUL_SEC6_JSOL,alp/oul_sec6_jsol/data,,,"(1, 196, 48)",3,9408,float32,alp27934.nc
27935,ALP,ALP_OUL_SEC6_JSOL,alp/oul_sec6_jsol/data,,,"(1, 196, 48)",3,9408,float32,alp27935.nc
27936,ALP,ALP_OUL_SEC6_JSOL,alp/oul_sec6_jsol/data,,,"(1, 196, 48)",3,9408,float32,alp27936.nc
27937,ALP,ALP_OUL_SEC6_JSOL,alp/oul_sec6_jsol/data,,,"(1, 196, 48)",3,9408,float32,alp27937.nc
27938,ALP,ALP_OUL_SEC6_JSOL,alp/oul_sec6_jsol/data,,,"(1, 196, 48)",3,9408,float32,alp27938.nc
27929,ALP,ALP_OUL_SEC6_POWER,alp/oul_sec6_power/data,,,"(1, 196, 48)",3,9408,float32,alp27929.nc
27930,ALP,ALP_OUL_SEC6_POWER,alp/oul_sec6_power/data,,,"(1, 196, 48)",3,9408,float32,alp27930 (2).nc
27931,ALP,ALP_OUL_SEC6_POWER,alp/oul_sec6_power/data,,,"(1, 196, 48)",3,9408,float32,alp27931 (1).nc
27932,ALP,ALP_OUL_SEC6_POWER,alp/oul_sec6_power/data,,,"(1, 196, 48)",3,9408,float32,alp27932.nc
27933,ALP,ALP_OUL_SEC6_POWER,alp/oul_sec6_power/data,,,"(1, 196, 48)",3,9408,float32,alp27933.nc
27934,ALP,ALP_OUL_SEC6_POWER,alp/oul_sec6_power/data,,,"(1, 196, 48)",3,9408,float32,alp27934.nc
27935,ALP,ALP_OUL_SEC6_POWER,alp/oul_sec6_power/data,,,"(1, 196, 48)",3,9408,float32,alp27935.nc
27936,ALP,ALP_OUL_SEC6_POWER,alp/oul_sec6_power/data,,,"(1, 196, 48)",3,9408,float32,alp27936.nc
27937,ALP,ALP_OUL_SEC6_POWER,alp/oul_sec6_power/data,,,"(1, 196, 48)",3,9408,float32,alp27937.nc
27938,ALP,ALP_OUL_SEC6_POWER,alp/oul_sec6_power/data,,,"(1, 196, 48)",3,9408,float32,alp27938.nc
27929,ALP,ALP_OUL_SEC6_R,alp/oul_sec6_r/data,,,"(1, 48)",2,48,float32,alp27929.nc
27930,ALP,ALP_OUL_SEC6_R,alp/oul_sec6_r/data,,,"(1, 48)",2,48,float32,alp27930 (2).nc
27931,ALP,ALP_OUL_SEC6_R,alp/oul_sec6_r/data,,,"(1, 48)",2,48,float32,alp27931 (1).nc
27932,ALP,ALP_OUL_SEC6_R,alp/oul_sec6_r/data,,,"(1, 48)",2,48,float32,alp27932.nc
27933,ALP,ALP_OUL_SEC6_R,alp/oul_sec6_r/data,,,"(1, 48)",2,48,float32,alp27933.nc
27934,ALP,ALP_OUL_SEC6_R,alp/oul_sec6_r/data,,,"(1, 48)",2,48,float32,alp27934.nc
27935,ALP,ALP_OUL_SEC6_R,alp/oul_sec6_r/data,,,"(1, 48)",2,48,float32,alp27935.nc
27936,ALP,ALP_OUL_SEC6_R,alp/oul_sec6_r/data,,,"(1, 48)",2,48,float32,alp27936.nc
27937,ALP,ALP_OUL_SEC6_R,alp/oul_sec6_r/data,,,"(1, 48)",2,48,float32,alp27937.nc
27938,ALP,ALP_OUL_SEC6_R,alp/oul_sec6_r/data,,,"(1, 48)",2,48,float32,alp27938.nc
27929,ALP,ALP_OUL_SEC6_TE,alp/oul_sec6_te/data,,,"(1, 196, 48)",3,9408,float32,alp27929.nc
27930,ALP,ALP_OUL_SEC6_TE,alp/oul_sec6_te/data,,,"(1, 196, 48)",3,9408,float32,alp27930 (2).nc
27931,ALP,ALP_OUL_SEC6_TE,alp/oul_sec6_te/data,,,"(1, 196, 48)",3,9408,float32,alp27931 (1).nc
27932,ALP,ALP_OUL_SEC6_TE,alp/oul_sec6_te/data,,,"(1, 196, 48)",3,9408,float32,alp27932.nc
27933,ALP,ALP_OUL_SEC6_TE,alp/oul_sec6_te/data,,,"(1, 196, 48)",3,9408,float32,alp27933.nc
27934,ALP,ALP_OUL_SEC6_TE,alp/oul_sec6_te/data,,,"(1, 196, 48)",3,9408,float32,alp27934.nc
27935,ALP,ALP_OUL_SEC6_TE,alp/oul_sec6_te/data,,,"(1, 196, 48)",3,9408,float32,alp27935.nc
27936,ALP,ALP_OUL_SEC6_TE,alp/oul_sec6_te/data,,,"(1, 196, 48)",3,9408,float32,alp27936.nc
27937,ALP,ALP_OUL_SEC6_TE,alp/oul_sec6_te/data,,,"(1, 196, 48)",3,9408,float32,alp27937.nc
27938,ALP,ALP_OUL_SEC6_TE,alp/oul_sec6_te/data,,,"(1, 196, 48)",3,9408,float32,alp27938.nc
27929,ALP,ALP_OUL_SEC6_TIME,alp/oul_sec6_time/data,,,"(1, 196)",2,196,float32,alp27929.nc
27930,ALP,ALP_OUL_SEC6_TIME,alp/oul_sec6_time/data,,,"(1, 196)",2,196,float32,alp27930 (2).nc
27931,ALP,ALP_OUL_SEC6_TIME,alp/oul_sec6_time/data,,,"(1, 196)",2,196,float32,alp27931 (1).nc
27932,ALP,ALP_OUL_SEC6_TIME,alp/oul_sec6_time/data,,,"(1, 196)",2,196,float32,alp27932.nc
27933,ALP,ALP_OUL_SEC6_TIME,alp/oul_sec6_time/data,,,"(1, 196)",2,196,float32,alp27933.nc
27934,ALP,ALP_OUL_SEC6_TIME,alp/oul_sec6_time/data,,,"(1, 196)",2,196,float32,alp27934.nc
27935,ALP,ALP_OUL_SEC6_TIME,alp/oul_sec6_time/data,,,"(1, 196)",2,196,float32,alp27935.nc
27936,ALP,ALP_OUL_SEC6_TIME,alp/oul_sec6_time/data,,,"(1, 196)",2,196,float32,alp27936.nc
27937,ALP,ALP_OUL_SEC6_TIME,alp/oul_sec6_time/data,,,"(1, 196)",2,196,float32,alp27937.nc
27938,ALP,ALP_OUL_SEC6_TIME,alp/oul_sec6_time/data,,,"(1, 196)",2,196,float32,alp27938.nc
27929,ALP,ALP_OUL_SEC6_TIMEMID,alp/oul_sec6_timemid/data,,,"(1, 196, 48)",3,9408,float32,alp27929.nc
27930,ALP,ALP_OUL_SEC6_TIMEMID,alp/oul_sec6_timemid/data,,,"(1, 196, 48)",3,9408,float32,alp27930 (2).nc
27931,ALP,ALP_OUL_SEC6_TIMEMID,alp/oul_sec6_timemid/data,,,"(1, 196, 48)",3,9408,float32,alp27931 (1).nc
27932,ALP,ALP_OUL_SEC6_TIMEMID,alp/oul_sec6_timemid/data,,,"(1, 196, 48)",3,9408,float32,alp27932.nc
27933,ALP,ALP_OUL_SEC6_TIMEMID,alp/oul_sec6_timemid/data,,,"(1, 196, 48)",3,9408,float32,alp27933.nc
27934,ALP,ALP_OUL_SEC6_TIMEMID,alp/oul_sec6_timemid/data,,,"(1, 196, 48)",3,9408,float32,alp27934.nc
27935,ALP,ALP_OUL_SEC6_TIMEMID,alp/oul_sec6_timemid/data,,,"(1, 196, 48)",3,9408,float32,alp27935.nc
27936,ALP,ALP_OUL_SEC6_TIMEMID,alp/oul_sec6_timemid/data,,,"(1, 196, 48)",3,9408,float32,alp27936.nc
27937,ALP,ALP_OUL_SEC6_TIMEMID,alp/oul_sec6_timemid/data,,,"(1, 196, 48)",3,9408,float32,alp27937.nc
27938,ALP,ALP_OUL_SEC6_TIMEMID,alp/oul_sec6_timemid/data,,,"(1, 196, 48)",3,9408,float32,alp27938.nc
27929,ALP,ALP_OUL_SEC6_VFLOAT,alp/oul_sec6_vfloat/data,,,"(1, 196, 48)",3,9408,float32,alp27929.nc
27930,ALP,ALP_OUL_SEC6_VFLOAT,alp/oul_sec6_vfloat/data,,,"(1, 196, 48)",3,9408,float32,alp27930 (2).nc
27931,ALP,ALP_OUL_SEC6_VFLOAT,alp/oul_sec6_vfloat/data,,,"(1, 196, 48)",3,9408,float32,alp27931 (1).nc
27932,ALP,ALP_OUL_SEC6_VFLOAT,alp/oul_sec6_vfloat/data,,,"(1, 196, 48)",3,9408,float32,alp27932.nc
27933,ALP,ALP_OUL_SEC6_VFLOAT,alp/oul_sec6_vfloat/data,,,"(1, 196, 48)",3,9408,float32,alp27933.nc
27934,ALP,ALP_OUL_SEC6_VFLOAT,alp/oul_sec6_vfloat/data,,,"(1, 196, 48)",3,9408,float32,alp27934.nc
27935,ALP,ALP_OUL_SEC6_VFLOAT,alp/oul_sec6_vfloat/data,,,"(1, 196, 48)",3,9408,float32,alp27935.nc
27936,ALP,ALP_OUL_SEC6_VFLOAT,alp/oul_sec6_vfloat/data,,,"(1, 196, 48)",3,9408,float32,alp27936.nc
27937,ALP,ALP_OUL_SEC6_VFLOAT,alp/oul_sec6_vfloat/data,,,"(1, 196, 48)",3,9408,float32,alp27937.nc
27938,ALP,ALP_OUL_SEC6_VFLOAT,alp/oul_sec6_vfloat/data,,,"(1, 196, 48)",3,9408,float32,alp27938.nc
27929,ALP,ALP_OUL_SEC6_Z,alp/oul_sec6_z/data,,,"(1, 48)",2,48,float32,alp27929.nc
27930,ALP,ALP_OUL_SEC6_Z,alp/oul_sec6_z/data,,,"(1, 48)",2,48,float32,alp27930 (2).nc
27931,ALP,ALP_OUL_SEC6_Z,alp/oul_sec6_z/data,,,"(1, 48)",2,48,float32,alp27931 (1).nc
27932,ALP,ALP_OUL_SEC6_Z,alp/oul_sec6_z/data,,,"(1, 48)",2,48,float32,alp27932.nc
27933,ALP,ALP_OUL_SEC6_Z,alp/oul_sec6_z/data,,,"(1, 48)",2,48,float32,alp27933.nc
27934,ALP,ALP_OUL_SEC6_Z,alp/oul_sec6_z/data,,,"(1, 48)",2,48,float32,alp27934.nc
27935,ALP,ALP_OUL_SEC6_Z,alp/oul_sec6_z/data,,,"(1, 48)",2,48,float32,alp27935.nc
27936,ALP,ALP_OUL_SEC6_Z,alp/oul_sec6_z/data,,,"(1, 48)",2,48,float32,alp27936.nc
27937,ALP,ALP_OUL_SEC6_Z,alp/oul_sec6_z/data,,,"(1, 48)",2,48,float32,alp27937.nc
27938,ALP,ALP_OUL_SEC6_Z,alp/oul_sec6_z/data,,,"(1, 48)",2,48,float32,alp27938.nc
27929,ALP,ALP_OUP_SEC4_CHISQ,alp/oup_sec4_chisq/data,,,"(1, 196, 48)",3,9408,float32,alp27929.nc
27930,ALP,ALP_OUP_SEC4_CHISQ,alp/oup_sec4_chisq/data,,,"(1, 196, 48)",3,9408,float32,alp27930 (2).nc
27931,ALP,ALP_OUP_SEC4_CHISQ,alp/oup_sec4_chisq/data,,,"(1, 196, 48)",3,9408,float32,alp27931 (1).nc
27932,ALP,ALP_OUP_SEC4_CHISQ,alp/oup_sec4_chisq/data,,,"(1, 196, 48)",3,9408,float32,alp27932.nc
27933,ALP,ALP_OUP_SEC4_CHISQ,alp/oup_sec4_chisq/data,,,"(1, 196, 48)",3,9408,float32,alp27933.nc
27934,ALP,ALP_OUP_SEC4_CHISQ,alp/oup_sec4_chisq/data,,,"(1, 196, 48)",3,9408,float32,alp27934.nc
27935,ALP,ALP_OUP_SEC4_CHISQ,alp/oup_sec4_chisq/data,,,"(1, 196, 48)",3,9408,float32,alp27935.nc
27936,ALP,ALP_OUP_SEC4_CHISQ,alp/oup_sec4_chisq/data,,,"(1, 196, 48)",3,9408,float32,alp27936.nc
27937,ALP,ALP_OUP_SEC4_CHISQ,alp/oup_sec4_chisq/data,,,"(1, 196, 48)",3,9408,float32,alp27937.nc
27938,ALP,ALP_OUP_SEC4_CHISQ,alp/oup_sec4_chisq/data,,,"(1, 196, 48)",3,9408,float32,alp27938.nc
27929,ALP,ALP_OUP_SEC4_DENSITY,alp/oup_sec4_density/data,,,"(1, 196, 48)",3,9408,float32,alp27929.nc
27930,ALP,ALP_OUP_SEC4_DENSITY,alp/oup_sec4_density/data,,,"(1, 196, 48)",3,9408,float32,alp27930 (2).nc
27931,ALP,ALP_OUP_SEC4_DENSITY,alp/oup_sec4_density/data,,,"(1, 196, 48)",3,9408,float32,alp27931 (1).nc
27932,ALP,ALP_OUP_SEC4_DENSITY,alp/oup_sec4_density/data,,,"(1, 196, 48)",3,9408,float32,alp27932.nc
27933,ALP,ALP_OUP_SEC4_DENSITY,alp/oup_sec4_density/data,,,"(1, 196, 48)",3,9408,float32,alp27933.nc
27934,ALP,ALP_OUP_SEC4_DENSITY,alp/oup_sec4_density/data,,,"(1, 196, 48)",3,9408,float32,alp27934.nc
27935,ALP,ALP_OUP_SEC4_DENSITY,alp/oup_sec4_density/data,,,"(1, 196, 48)",3,9408,float32,alp27935.nc
27936,ALP,ALP_OUP_SEC4_DENSITY,alp/oup_sec4_density/data,,,"(1, 196, 48)",3,9408,float32,alp27936.nc
27937,ALP,ALP_OUP_SEC4_DENSITY,alp/oup_sec4_density/data,,,"(1, 196, 48)",3,9408,float32,alp27937.nc
27938,ALP,ALP_OUP_SEC4_DENSITY,alp/oup_sec4_density/data,,,"(1, 196, 48)",3,9408,float32,alp27938.nc
27929,ALP,ALP_OUP_SEC4_JSAT,alp/oup_sec4_jsat/data,,,"(1, 196, 48)",3,9408,float32,alp27929.nc
27930,ALP,ALP_OUP_SEC4_JSAT,alp/oup_sec4_jsat/data,,,"(1, 196, 48)",3,9408,float32,alp27930 (2).nc
27931,ALP,ALP_OUP_SEC4_JSAT,alp/oup_sec4_jsat/data,,,"(1, 196, 48)",3,9408,float32,alp27931 (1).nc
27932,ALP,ALP_OUP_SEC4_JSAT,alp/oup_sec4_jsat/data,,,"(1, 196, 48)",3,9408,float32,alp27932.nc
27933,ALP,ALP_OUP_SEC4_JSAT,alp/oup_sec4_jsat/data,,,"(1, 196, 48)",3,9408,float32,alp27933.nc
27934,ALP,ALP_OUP_SEC4_JSAT,alp/oup_sec4_jsat/data,,,"(1, 196, 48)",3,9408,float32,alp27934.nc
27935,ALP,ALP_OUP_SEC4_JSAT,alp/oup_sec4_jsat/data,,,"(1, 196, 48)",3,9408,float32,alp27935.nc
27936,ALP,ALP_OUP_SEC4_JSAT,alp/oup_sec4_jsat/data,,,"(1, 196, 48)",3,9408,float32,alp27936.nc
27937,ALP,ALP_OUP_SEC4_JSAT,alp/oup_sec4_jsat/data,,,"(1, 196, 48)",3,9408,float32,alp27937.nc
27938,ALP,ALP_OUP_SEC4_JSAT,alp/oup_sec4_jsat/data,,,"(1, 196, 48)",3,9408,float32,alp27938.nc
27929,ALP,ALP_OUP_SEC4_JSOL,alp/oup_sec4_jsol/data,,,"(1, 196, 48)",3,9408,float32,alp27929.nc
27930,ALP,ALP_OUP_SEC4_JSOL,alp/oup_sec4_jsol/data,,,"(1, 196, 48)",3,9408,float32,alp27930 (2).nc
27931,ALP,ALP_OUP_SEC4_JSOL,alp/oup_sec4_jsol/data,,,"(1, 196, 48)",3,9408,float32,alp27931 (1).nc
27932,ALP,ALP_OUP_SEC4_JSOL,alp/oup_sec4_jsol/data,,,"(1, 196, 48)",3,9408,float32,alp27932.nc
27933,ALP,ALP_OUP_SEC4_JSOL,alp/oup_sec4_jsol/data,,,"(1, 196, 48)",3,9408,float32,alp27933.nc
27934,ALP,ALP_OUP_SEC4_JSOL,alp/oup_sec4_jsol/data,,,"(1, 196, 48)",3,9408,float32,alp27934.nc
27935,ALP,ALP_OUP_SEC4_JSOL,alp/oup_sec4_jsol/data,,,"(1, 196, 48)",3,9408,float32,alp27935.nc
27936,ALP,ALP_OUP_SEC4_JSOL,alp/oup_sec4_jsol/data,,,"(1, 196, 48)",3,9408,float32,alp27936.nc
27937,ALP,ALP_OUP_SEC4_JSOL,alp/oup_sec4_jsol/data,,,"(1, 196, 48)",3,9408,float32,alp27937.nc
27938,ALP,ALP_OUP_SEC4_JSOL,alp/oup_sec4_jsol/data,,,"(1, 196, 48)",3,9408,float32,alp27938.nc
27929,ALP,ALP_OUP_SEC4_POWER,alp/oup_sec4_power/data,,,"(1, 196, 48)",3,9408,float32,alp27929.nc
27930,ALP,ALP_OUP_SEC4_POWER,alp/oup_sec4_power/data,,,"(1, 196, 48)",3,9408,float32,alp27930 (2).nc
27931,ALP,ALP_OUP_SEC4_POWER,alp/oup_sec4_power/data,,,"(1, 196, 48)",3,9408,float32,alp27931 (1).nc
27932,ALP,ALP_OUP_SEC4_POWER,alp/oup_sec4_power/data,,,"(1, 196, 48)",3,9408,float32,alp27932.nc
27933,ALP,ALP_OUP_SEC4_POWER,alp/oup_sec4_power/data,,,"(1, 196, 48)",3,9408,float32,alp27933.nc
27934,ALP,ALP_OUP_SEC4_POWER,alp/oup_sec4_power/data,,,"(1, 196, 48)",3,9408,float32,alp27934.nc
27935,ALP,ALP_OUP_SEC4_POWER,alp/oup_sec4_power/data,,,"(1, 196, 48)",3,9408,float32,alp27935.nc
27936,ALP,ALP_OUP_SEC4_POWER,alp/oup_sec4_power/data,,,"(1, 196, 48)",3,9408,float32,alp27936.nc
27937,ALP,ALP_OUP_SEC4_POWER,alp/oup_sec4_power/data,,,"(1, 196, 48)",3,9408,float32,alp27937.nc
27938,ALP,ALP_OUP_SEC4_POWER,alp/oup_sec4_power/data,,,"(1, 196, 48)",3,9408,float32,alp27938.nc
27929,ALP,ALP_OUP_SEC4_R,alp/oup_sec4_r/data,,,"(1, 48)",2,48,float32,alp27929.nc
27930,ALP,ALP_OUP_SEC4_R,alp/oup_sec4_r/data,,,"(1, 48)",2,48,float32,alp27930 (2).nc
27931,ALP,ALP_OUP_SEC4_R,alp/oup_sec4_r/data,,,"(1, 48)",2,48,float32,alp27931 (1).nc
27932,ALP,ALP_OUP_SEC4_R,alp/oup_sec4_r/data,,,"(1, 48)",2,48,float32,alp27932.nc
27933,ALP,ALP_OUP_SEC4_R,alp/oup_sec4_r/data,,,"(1, 48)",2,48,float32,alp27933.nc
27934,ALP,ALP_OUP_SEC4_R,alp/oup_sec4_r/data,,,"(1, 48)",2,48,float32,alp27934.nc
27935,ALP,ALP_OUP_SEC4_R,alp/oup_sec4_r/data,,,"(1, 48)",2,48,float32,alp27935.nc
27936,ALP,ALP_OUP_SEC4_R,alp/oup_sec4_r/data,,,"(1, 48)",2,48,float32,alp27936.nc
27937,ALP,ALP_OUP_SEC4_R,alp/oup_sec4_r/data,,,"(1, 48)",2,48,float32,alp27937.nc
27938,ALP,ALP_OUP_SEC4_R,alp/oup_sec4_r/data,,,"(1, 48)",2,48,float32,alp27938.nc
27929,ALP,ALP_OUP_SEC4_TE,alp/oup_sec4_te/data,,,"(1, 196, 48)",3,9408,float32,alp27929.nc
27930,ALP,ALP_OUP_SEC4_TE,alp/oup_sec4_te/data,,,"(1, 196, 48)",3,9408,float32,alp27930 (2).nc
27931,ALP,ALP_OUP_SEC4_TE,alp/oup_sec4_te/data,,,"(1, 196, 48)",3,9408,float32,alp27931 (1).nc
27932,ALP,ALP_OUP_SEC4_TE,alp/oup_sec4_te/data,,,"(1, 196, 48)",3,9408,float32,alp27932.nc
27933,ALP,ALP_OUP_SEC4_TE,alp/oup_sec4_te/data,,,"(1, 196, 48)",3,9408,float32,alp27933.nc
27934,ALP,ALP_OUP_SEC4_TE,alp/oup_sec4_te/data,,,"(1, 196, 48)",3,9408,float32,alp27934.nc
27935,ALP,ALP_OUP_SEC4_TE,alp/oup_sec4_te/data,,,"(1, 196, 48)",3,9408,float32,alp27935.nc
27936,ALP,ALP_OUP_SEC4_TE,alp/oup_sec4_te/data,,,"(1, 196, 48)",3,9408,float32,alp27936.nc
27937,ALP,ALP_OUP_SEC4_TE,alp/oup_sec4_te/data,,,"(1, 196, 48)",3,9408,float32,alp27937.nc
27938,ALP,ALP_OUP_SEC4_TE,alp/oup_sec4_te/data,,,"(1, 196, 48)",3,9408,float32,alp27938.nc
27929,ALP,ALP_OUP_SEC4_TIME,alp/oup_sec4_time/data,,,"(1, 196)",2,196,float32,alp27929.nc
27930,ALP,ALP_OUP_SEC4_TIME,alp/oup_sec4_time/data,,,"(1, 196)",2,196,float32,alp27930 (2).nc
27931,ALP,ALP_OUP_SEC4_TIME,alp/oup_sec4_time/data,,,"(1, 196)",2,196,float32,alp27931 (1).nc
27932,ALP,ALP_OUP_SEC4_TIME,alp/oup_sec4_time/data,,,"(1, 196)",2,196,float32,alp27932.nc
27933,ALP,ALP_OUP_SEC4_TIME,alp/oup_sec4_time/data,,,"(1, 196)",2,196,float32,alp27933.nc
27934,ALP,ALP_OUP_SEC4_TIME,alp/oup_sec4_time/data,,,"(1, 196)",2,196,float32,alp27934.nc
27935,ALP,ALP_OUP_SEC4_TIME,alp/oup_sec4_time/data,,,"(1, 196)",2,196,float32,alp27935.nc
27936,ALP,ALP_OUP_SEC4_TIME,alp/oup_sec4_time/data,,,"(1, 196)",2,196,float32,alp27936.nc
27937,ALP,ALP_OUP_SEC4_TIME,alp/oup_sec4_time/data,,,"(1, 196)",2,196,float32,alp27937.nc
27938,ALP,ALP_OUP_SEC4_TIME,alp/oup_sec4_time/data,,,"(1, 196)",2,196,float32,alp27938.nc
27929,ALP,ALP_OUP_SEC4_TIMEMID,alp/oup_sec4_timemid/data,,,"(1, 196, 48)",3,9408,float32,alp27929.nc
27930,ALP,ALP_OUP_SEC4_TIMEMID,alp/oup_sec4_timemid/data,,,"(1, 196, 48)",3,9408,float32,alp27930 (2).nc
27931,ALP,ALP_OUP_SEC4_TIMEMID,alp/oup_sec4_timemid/data,,,"(1, 196, 48)",3,9408,float32,alp27931 (1).nc
27932,ALP,ALP_OUP_SEC4_TIMEMID,alp/oup_sec4_timemid/data,,,"(1, 196, 48)",3,9408,float32,alp27932.nc
27933,ALP,ALP_OUP_SEC4_TIMEMID,alp/oup_sec4_timemid/data,,,"(1, 196, 48)",3,9408,float32,alp27933.nc
27934,ALP,ALP_OUP_SEC4_TIMEMID,alp/oup_sec4_timemid/data,,,"(1, 196, 48)",3,9408,float32,alp27934.nc
27935,ALP,ALP_OUP_SEC4_TIMEMID,alp/oup_sec4_timemid/data,,,"(1, 196, 48)",3,9408,float32,alp27935.nc
27936,ALP,ALP_OUP_SEC4_TIMEMID,alp/oup_sec4_timemid/data,,,"(1, 196, 48)",3,9408,float32,alp27936.nc
27937,ALP,ALP_OUP_SEC4_TIMEMID,alp/oup_sec4_timemid/data,,,"(1, 196, 48)",3,9408,float32,alp27937.nc
27938,ALP,ALP_OUP_SEC4_TIMEMID,alp/oup_sec4_timemid/data,,,"(1, 196, 48)",3,9408,float32,alp27938.nc
27929,ALP,ALP_OUP_SEC4_VFLOAT,alp/oup_sec4_vfloat/data,,,"(1, 196, 48)",3,9408,float32,alp27929.nc
27930,ALP,ALP_OUP_SEC4_VFLOAT,alp/oup_sec4_vfloat/data,,,"(1, 196, 48)",3,9408,float32,alp27930 (2).nc
27931,ALP,ALP_OUP_SEC4_VFLOAT,alp/oup_sec4_vfloat/data,,,"(1, 196, 48)",3,9408,float32,alp27931 (1).nc
27932,ALP,ALP_OUP_SEC4_VFLOAT,alp/oup_sec4_vfloat/data,,,"(1, 196, 48)",3,9408,float32,alp27932.nc
27933,ALP,ALP_OUP_SEC4_VFLOAT,alp/oup_sec4_vfloat/data,,,"(1, 196, 48)",3,9408,float32,alp27933.nc
27934,ALP,ALP_OUP_SEC4_VFLOAT,alp/oup_sec4_vfloat/data,,,"(1, 196, 48)",3,9408,float32,alp27934.nc
27935,ALP,ALP_OUP_SEC4_VFLOAT,alp/oup_sec4_vfloat/data,,,"(1, 196, 48)",3,9408,float32,alp27935.nc
27936,ALP,ALP_OUP_SEC4_VFLOAT,alp/oup_sec4_vfloat/data,,,"(1, 196, 48)",3,9408,float32,alp27936.nc
27937,ALP,ALP_OUP_SEC4_VFLOAT,alp/oup_sec4_vfloat/data,,,"(1, 196, 48)",3,9408,float32,alp27937.nc
27938,ALP,ALP_OUP_SEC4_VFLOAT,alp/oup_sec4_vfloat/data,,,"(1, 196, 48)",3,9408,float32,alp27938.nc
27929,ALP,ALP_OUP_SEC4_Z,alp/oup_sec4_z/data,,,"(1, 48)",2,48,float32,alp27929.nc
27930,ALP,ALP_OUP_SEC4_Z,alp/oup_sec4_z/data,,,"(1, 48)",2,48,float32,alp27930 (2).nc
27931,ALP,ALP_OUP_SEC4_Z,alp/oup_sec4_z/data,,,"(1, 48)",2,48,float32,alp27931 (1).nc
27932,ALP,ALP_OUP_SEC4_Z,alp/oup_sec4_z/data,,,"(1, 48)",2,48,float32,alp27932.nc
27933,ALP,ALP_OUP_SEC4_Z,alp/oup_sec4_z/data,,,"(1, 48)",2,48,float32,alp27933.nc
27934,ALP,ALP_OUP_SEC4_Z,alp/oup_sec4_z/data,,,"(1, 48)",2,48,float32,alp27934.nc
27935,ALP,ALP_OUP_SEC4_Z,alp/oup_sec4_z/data,,,"(1, 48)",2,48,float32,alp27935.nc
27936,ALP,ALP_OUP_SEC4_Z,alp/oup_sec4_z/data,,,"(1, 48)",2,48,float32,alp27936.nc
27937,ALP,ALP_OUP_SEC4_Z,alp/oup_sec4_z/data,,,"(1, 48)",2,48,float32,alp27937.nc
27938,ALP,ALP_OUP_SEC4_Z,alp/oup_sec4_z/data,,,"(1, 48)",2,48,float32,alp27938.nc
27929,ALP,ALP_OUP_SEC6_CHISQ,alp/oup_sec6_chisq/data,,,"(1, 196, 48)",3,9408,float32,alp27929.nc
27930,ALP,ALP_OUP_SEC6_CHISQ,alp/oup_sec6_chisq/data,,,"(1, 196, 48)",3,9408,float32,alp27930 (2).nc
27931,ALP,ALP_OUP_SEC6_CHISQ,alp/oup_sec6_chisq/data,,,"(1, 196, 48)",3,9408,float32,alp27931 (1).nc
27932,ALP,ALP_OUP_SEC6_CHISQ,alp/oup_sec6_chisq/data,,,"(1, 196, 48)",3,9408,float32,alp27932.nc
27933,ALP,ALP_OUP_SEC6_CHISQ,alp/oup_sec6_chisq/data,,,"(1, 196, 48)",3,9408,float32,alp27933.nc
27934,ALP,ALP_OUP_SEC6_CHISQ,alp/oup_sec6_chisq/data,,,"(1, 196, 48)",3,9408,float32,alp27934.nc
27935,ALP,ALP_OUP_SEC6_CHISQ,alp/oup_sec6_chisq/data,,,"(1, 196, 48)",3,9408,float32,alp27935.nc
27936,ALP,ALP_OUP_SEC6_CHISQ,alp/oup_sec6_chisq/data,,,"(1, 196, 48)",3,9408,float32,alp27936.nc
27937,ALP,ALP_OUP_SEC6_CHISQ,alp/oup_sec6_chisq/data,,,"(1, 196, 48)",3,9408,float32,alp27937.nc
27938,ALP,ALP_OUP_SEC6_CHISQ,alp/oup_sec6_chisq/data,,,"(1, 196, 48)",3,9408,float32,alp27938.nc
27929,ALP,ALP_OUP_SEC6_DENSITY,alp/oup_sec6_density/data,,,"(1, 196, 48)",3,9408,float32,alp27929.nc
27930,ALP,ALP_OUP_SEC6_DENSITY,alp/oup_sec6_density/data,,,"(1, 196, 48)",3,9408,float32,alp27930 (2).nc
27931,ALP,ALP_OUP_SEC6_DENSITY,alp/oup_sec6_density/data,,,"(1, 196, 48)",3,9408,float32,alp27931 (1).nc
27932,ALP,ALP_OUP_SEC6_DENSITY,alp/oup_sec6_density/data,,,"(1, 196, 48)",3,9408,float32,alp27932.nc
27933,ALP,ALP_OUP_SEC6_DENSITY,alp/oup_sec6_density/data,,,"(1, 196, 48)",3,9408,float32,alp27933.nc
27934,ALP,ALP_OUP_SEC6_DENSITY,alp/oup_sec6_density/data,,,"(1, 196, 48)",3,9408,float32,alp27934.nc
27935,ALP,ALP_OUP_SEC6_DENSITY,alp/oup_sec6_density/data,,,"(1, 196, 48)",3,9408,float32,alp27935.nc
27936,ALP,ALP_OUP_SEC6_DENSITY,alp/oup_sec6_density/data,,,"(1, 196, 48)",3,9408,float32,alp27936.nc
27937,ALP,ALP_OUP_SEC6_DENSITY,alp/oup_sec6_density/data,,,"(1, 196, 48)",3,9408,float32,alp27937.nc
27938,ALP,ALP_OUP_SEC6_DENSITY,alp/oup_sec6_density/data,,,"(1, 196, 48)",3,9408,float32,alp27938.nc
27929,ALP,ALP_OUP_SEC6_JSAT,alp/oup_sec6_jsat/data,,,"(1, 196, 48)",3,9408,float32,alp27929.nc
27930,ALP,ALP_OUP_SEC6_JSAT,alp/oup_sec6_jsat/data,,,"(1, 196, 48)",3,9408,float32,alp27930 (2).nc
27931,ALP,ALP_OUP_SEC6_JSAT,alp/oup_sec6_jsat/data,,,"(1, 196, 48)",3,9408,float32,alp27931 (1).nc
27932,ALP,ALP_OUP_SEC6_JSAT,alp/oup_sec6_jsat/data,,,"(1, 196, 48)",3,9408,float32,alp27932.nc
27933,ALP,ALP_OUP_SEC6_JSAT,alp/oup_sec6_jsat/data,,,"(1, 196, 48)",3,9408,float32,alp27933.nc
27934,ALP,ALP_OUP_SEC6_JSAT,alp/oup_sec6_jsat/data,,,"(1, 196, 48)",3,9408,float32,alp27934.nc
27935,ALP,ALP_OUP_SEC6_JSAT,alp/oup_sec6_jsat/data,,,"(1, 196, 48)",3,9408,float32,alp27935.nc
27936,ALP,ALP_OUP_SEC6_JSAT,alp/oup_sec6_jsat/data,,,"(1, 196, 48)",3,9408,float32,alp27936.nc
27937,ALP,ALP_OUP_SEC6_JSAT,alp/oup_sec6_jsat/data,,,"(1, 196, 48)",3,9408,float32,alp27937.nc
27938,ALP,ALP_OUP_SEC6_JSAT,alp/oup_sec6_jsat/data,,,"(1, 196, 48)",3,9408,float32,alp27938.nc
27929,ALP,ALP_OUP_SEC6_JSOL,alp/oup_sec6_jsol/data,,,"(1, 196, 48)",3,9408,float32,alp27929.nc
27930,ALP,ALP_OUP_SEC6_JSOL,alp/oup_sec6_jsol/data,,,"(1, 196, 48)",3,9408,float32,alp27930 (2).nc
27931,ALP,ALP_OUP_SEC6_JSOL,alp/oup_sec6_jsol/data,,,"(1, 196, 48)",3,9408,float32,alp27931 (1).nc
27932,ALP,ALP_OUP_SEC6_JSOL,alp/oup_sec6_jsol/data,,,"(1, 196, 48)",3,9408,float32,alp27932.nc
27933,ALP,ALP_OUP_SEC6_JSOL,alp/oup_sec6_jsol/data,,,"(1, 196, 48)",3,9408,float32,alp27933.nc
27934,ALP,ALP_OUP_SEC6_JSOL,alp/oup_sec6_jsol/data,,,"(1, 196, 48)",3,9408,float32,alp27934.nc
27935,ALP,ALP_OUP_SEC6_JSOL,alp/oup_sec6_jsol/data,,,"(1, 196, 48)",3,9408,float32,alp27935.nc
27936,ALP,ALP_OUP_SEC6_JSOL,alp/oup_sec6_jsol/data,,,"(1, 196, 48)",3,9408,float32,alp27936.nc
27937,ALP,ALP_OUP_SEC6_JSOL,alp/oup_sec6_jsol/data,,,"(1, 196, 48)",3,9408,float32,alp27937.nc
27938,ALP,ALP_OUP_SEC6_JSOL,alp/oup_sec6_jsol/data,,,"(1, 196, 48)",3,9408,float32,alp27938.nc
27929,ALP,ALP_OUP_SEC6_POWER,alp/oup_sec6_power/data,,,"(1, 196, 48)",3,9408,float32,alp27929.nc
27930,ALP,ALP_OUP_SEC6_POWER,alp/oup_sec6_power/data,,,"(1, 196, 48)",3,9408,float32,alp27930 (2).nc
27931,ALP,ALP_OUP_SEC6_POWER,alp/oup_sec6_power/data,,,"(1, 196, 48)",3,9408,float32,alp27931 (1).nc
27932,ALP,ALP_OUP_SEC6_POWER,alp/oup_sec6_power/data,,,"(1, 196, 48)",3,9408,float32,alp27932.nc
27933,ALP,ALP_OUP_SEC6_POWER,alp/oup_sec6_power/data,,,"(1, 196, 48)",3,9408,float32,alp27933.nc
27934,ALP,ALP_OUP_SEC6_POWER,alp/oup_sec6_power/data,,,"(1, 196, 48)",3,9408,float32,alp27934.nc
27935,ALP,ALP_OUP_SEC6_POWER,alp/oup_sec6_power/data,,,"(1, 196, 48)",3,9408,float32,alp27935.nc
27936,ALP,ALP_OUP_SEC6_POWER,alp/oup_sec6_power/data,,,"(1, 196, 48)",3,9408,float32,alp27936.nc
27937,ALP,ALP_OUP_SEC6_POWER,alp/oup_sec6_power/data,,,"(1, 196, 48)",3,9408,float32,alp27937.nc
27938,ALP,ALP_OUP_SEC6_POWER,alp/oup_sec6_power/data,,,"(1, 196, 48)",3,9408,float32,alp27938.nc
27929,ALP,ALP_OUP_SEC6_R,alp/oup_sec6_r/data,,,"(1, 48)",2,48,float32,alp27929.nc
27930,ALP,ALP_OUP_SEC6_R,alp/oup_sec6_r/data,,,"(1, 48)",2,48,float32,alp27930 (2).nc
27931,ALP,ALP_OUP_SEC6_R,alp/oup_sec6_r/data,,,"(1, 48)",2,48,float32,alp27931 (1).nc
27932,ALP,ALP_OUP_SEC6_R,alp/oup_sec6_r/data,,,"(1, 48)",2,48,float32,alp27932.nc
27933,ALP,ALP_OUP_SEC6_R,alp/oup_sec6_r/data,,,"(1, 48)",2,48,float32,alp27933.nc
27934,ALP,ALP_OUP_SEC6_R,alp/oup_sec6_r/data,,,"(1, 48)",2,48,float32,alp27934.nc
27935,ALP,ALP_OUP_SEC6_R,alp/oup_sec6_r/data,,,"(1, 48)",2,48,float32,alp27935.nc
27936,ALP,ALP_OUP_SEC6_R,alp/oup_sec6_r/data,,,"(1, 48)",2,48,float32,alp27936.nc
27937,ALP,ALP_OUP_SEC6_R,alp/oup_sec6_r/data,,,"(1, 48)",2,48,float32,alp27937.nc
27938,ALP,ALP_OUP_SEC6_R,alp/oup_sec6_r/data,,,"(1, 48)",2,48,float32,alp27938.nc
27929,ALP,ALP_OUP_SEC6_TE,alp/oup_sec6_te/data,,,"(1, 196, 48)",3,9408,float32,alp27929.nc
27930,ALP,ALP_OUP_SEC6_TE,alp/oup_sec6_te/data,,,"(1, 196, 48)",3,9408,float32,alp27930 (2).nc
27931,ALP,ALP_OUP_SEC6_TE,alp/oup_sec6_te/data,,,"(1, 196, 48)",3,9408,float32,alp27931 (1).nc
27932,ALP,ALP_OUP_SEC6_TE,alp/oup_sec6_te/data,,,"(1, 196, 48)",3,9408,float32,alp27932.nc
27933,ALP,ALP_OUP_SEC6_TE,alp/oup_sec6_te/data,,,"(1, 196, 48)",3,9408,float32,alp27933.nc
27934,ALP,ALP_OUP_SEC6_TE,alp/oup_sec6_te/data,,,"(1, 196, 48)",3,9408,float32,alp27934.nc
27935,ALP,ALP_OUP_SEC6_TE,alp/oup_sec6_te/data,,,"(1, 196, 48)",3,9408,float32,alp27935.nc
27936,ALP,ALP_OUP_SEC6_TE,alp/oup_sec6_te/data,,,"(1, 196, 48)",3,9408,float32,alp27936.nc
27937,ALP,ALP_OUP_SEC6_TE,alp/oup_sec6_te/data,,,"(1, 196, 48)",3,9408,float32,alp27937.nc
27938,ALP,ALP_OUP_SEC6_TE,alp/oup_sec6_te/data,,,"(1, 196, 48)",3,9408,float32,alp27938.nc
27929,ALP,ALP_OUP_SEC6_TIME,alp/oup_sec6_time/data,,,"(1, 196)",2,196,float32,alp27929.nc
27930,ALP,ALP_OUP_SEC6_TIME,alp/oup_sec6_time/data,,,"(1, 196)",2,196,float32,alp27930 (2).nc
27931,ALP,ALP_OUP_SEC6_TIME,alp/oup_sec6_time/data,,,"(1, 196)",2,196,float32,alp27931 (1).nc
27932,ALP,ALP_OUP_SEC6_TIME,alp/oup_sec6_time/data,,,"(1, 196)",2,196,float32,alp27932.nc
27933,ALP,ALP_OUP_SEC6_TIME,alp/oup_sec6_time/data,,,"(1, 196)",2,196,float32,alp27933.nc
27934,ALP,ALP_OUP_SEC6_TIME,alp/oup_sec6_time/data,,,"(1, 196)",2,196,float32,alp27934.nc
27935,ALP,ALP_OUP_SEC6_TIME,alp/oup_sec6_time/data,,,"(1, 196)",2,196,float32,alp27935.nc
27936,ALP,ALP_OUP_SEC6_TIME,alp/oup_sec6_time/data,,,"(1, 196)",2,196,float32,alp27936.nc
27937,ALP,ALP_OUP_SEC6_TIME,alp/oup_sec6_time/data,,,"(1, 196)",2,196,float32,alp27937.nc
27938,ALP,ALP_OUP_SEC6_TIME,alp/oup_sec6_time/data,,,"(1, 196)",2,196,float32,alp27938.nc
27929,ALP,ALP_OUP_SEC6_TIMEMID,alp/oup_sec6_timemid/data,,,"(1, 196, 48)",3,9408,float32,alp27929.nc
27930,ALP,ALP_OUP_SEC6_TIMEMID,alp/oup_sec6_timemid/data,,,"(1, 196, 48)",3,9408,float32,alp27930 (2).nc
27931,ALP,ALP_OUP_SEC6_TIMEMID,alp/oup_sec6_timemid/data,,,"(1, 196, 48)",3,9408,float32,alp27931 (1).nc
27932,ALP,ALP_OUP_SEC6_TIMEMID,alp/oup_sec6_timemid/data,,,"(1, 196, 48)",3,9408,float32,alp27932.nc
27933,ALP,ALP_OUP_SEC6_TIMEMID,alp/oup_sec6_timemid/data,,,"(1, 196, 48)",3,9408,float32,alp27933.nc
27934,ALP,ALP_OUP_SEC6_TIMEMID,alp/oup_sec6_timemid/data,,,"(1, 196, 48)",3,9408,float32,alp27934.nc
27935,ALP,ALP_OUP_SEC6_TIMEMID,alp/oup_sec6_timemid/data,,,"(1, 196, 48)",3,9408,float32,alp27935.nc
27936,ALP,ALP_OUP_SEC6_TIMEMID,alp/oup_sec6_timemid/data,,,"(1, 196, 48)",3,9408,float32,alp27936.nc
27937,ALP,ALP_OUP_SEC6_TIMEMID,alp/oup_sec6_timemid/data,,,"(1, 196, 48)",3,9408,float32,alp27937.nc
27938,ALP,ALP_OUP_SEC6_TIMEMID,alp/oup_sec6_timemid/data,,,"(1, 196, 48)",3,9408,float32,alp27938.nc
27929,ALP,ALP_OUP_SEC6_VFLOAT,alp/oup_sec6_vfloat/data,,,"(1, 196, 48)",3,9408,float32,alp27929.nc
27930,ALP,ALP_OUP_SEC6_VFLOAT,alp/oup_sec6_vfloat/data,,,"(1, 196, 48)",3,9408,float32,alp27930 (2).nc
27931,ALP,ALP_OUP_SEC6_VFLOAT,alp/oup_sec6_vfloat/data,,,"(1, 196, 48)",3,9408,float32,alp27931 (1).nc
27932,ALP,ALP_OUP_SEC6_VFLOAT,alp/oup_sec6_vfloat/data,,,"(1, 196, 48)",3,9408,float32,alp27932.nc
27933,ALP,ALP_OUP_SEC6_VFLOAT,alp/oup_sec6_vfloat/data,,,"(1, 196, 48)",3,9408,float32,alp27933.nc
27934,ALP,ALP_OUP_SEC6_VFLOAT,alp/oup_sec6_vfloat/data,,,"(1, 196, 48)",3,9408,float32,alp27934.nc
27935,ALP,ALP_OUP_SEC6_VFLOAT,alp/oup_sec6_vfloat/data,,,"(1, 196, 48)",3,9408,float32,alp27935.nc
27936,ALP,ALP_OUP_SEC6_VFLOAT,alp/oup_sec6_vfloat/data,,,"(1, 196, 48)",3,9408,float32,alp27936.nc
27937,ALP,ALP_OUP_SEC6_VFLOAT,alp/oup_sec6_vfloat/data,,,"(1, 196, 48)",3,9408,float32,alp27937.nc
27938,ALP,ALP_OUP_SEC6_VFLOAT,alp/oup_sec6_vfloat/data,,,"(1, 196, 48)",3,9408,float32,alp27938.nc
27929,ALP,ALP_OUP_SEC6_Z,alp/oup_sec6_z/data,,,"(1, 48)",2,48,float32,alp27929.nc
27930,ALP,ALP_OUP_SEC6_Z,alp/oup_sec6_z/data,,,"(1, 48)",2,48,float32,alp27930 (2).nc
27931,ALP,ALP_OUP_SEC6_Z,alp/oup_sec6_z/data,,,"(1, 48)",2,48,float32,alp27931 (1).nc
27932,ALP,ALP_OUP_SEC6_Z,alp/oup_sec6_z/data,,,"(1, 48)",2,48,float32,alp27932.nc
27933,ALP,ALP_OUP_SEC6_Z,alp/oup_sec6_z/data,,,"(1, 48)",2,48,float32,alp27933.nc
27934,ALP,ALP_OUP_SEC6_Z,alp/oup_sec6_z/data,,,"(1, 48)",2,48,float32,alp27934.nc
27935,ALP,ALP_OUP_SEC6_Z,alp/oup_sec6_z/data,,,"(1, 48)",2,48,float32,alp27935.nc
27936,ALP,ALP_OUP_SEC6_Z,alp/oup_sec6_z/data,,,"(1, 48)",2,48,float32,alp27936.nc
27937,ALP,ALP_OUP_SEC6_Z,alp/oup_sec6_z/data,,,"(1, 48)",2,48,float32,alp27937.nc
27938,ALP,ALP_OUP_SEC6_Z,alp/oup_sec6_z/data,,,"(1, 48)",2,48,float32,alp27938.nc
27929,ALP,ALP_OUTER_LO_CHISQ,alp/outer_lo_chisq/data,,,"(1, 196, 48)",3,9408,float32,alp27929.nc
27930,ALP,ALP_OUTER_LO_CHISQ,alp/outer_lo_chisq/data,,,"(1, 196, 48)",3,9408,float32,alp27930 (2).nc
27931,ALP,ALP_OUTER_LO_CHISQ,alp/outer_lo_chisq/data,,,"(1, 196, 48)",3,9408,float32,alp27931 (1).nc
27932,ALP,ALP_OUTER_LO_CHISQ,alp/outer_lo_chisq/data,,,"(1, 196, 48)",3,9408,float32,alp27932.nc
27933,ALP,ALP_OUTER_LO_CHISQ,alp/outer_lo_chisq/data,,,"(1, 196, 48)",3,9408,float32,alp27933.nc
27934,ALP,ALP_OUTER_LO_CHISQ,alp/outer_lo_chisq/data,,,"(1, 196, 48)",3,9408,float32,alp27934.nc
27935,ALP,ALP_OUTER_LO_CHISQ,alp/outer_lo_chisq/data,,,"(1, 196, 48)",3,9408,float32,alp27935.nc
27936,ALP,ALP_OUTER_LO_CHISQ,alp/outer_lo_chisq/data,,,"(1, 196, 48)",3,9408,float32,alp27936.nc
27937,ALP,ALP_OUTER_LO_CHISQ,alp/outer_lo_chisq/data,,,"(1, 196, 48)",3,9408,float32,alp27937.nc
27938,ALP,ALP_OUTER_LO_CHISQ,alp/outer_lo_chisq/data,,,"(1, 196, 48)",3,9408,float32,alp27938.nc
27929,ALP,ALP_OUTER_LO_DENPEAKVAL,alp/outer_lo_denpeakval/data,Peak density,m**-3,"(196,)",1,196,float32,alp27929.nc
27930,ALP,ALP_OUTER_LO_DENPEAKVAL,alp/outer_lo_denpeakval/data,Peak density,m**-3,"(196,)",1,196,float32,alp27930 (2).nc
27931,ALP,ALP_OUTER_LO_DENPEAKVAL,alp/outer_lo_denpeakval/data,Peak density,m**-3,"(196,)",1,196,float32,alp27931 (1).nc
27932,ALP,ALP_OUTER_LO_DENPEAKVAL,alp/outer_lo_denpeakval/data,Peak density,m**-3,"(196,)",1,196,float32,alp27932.nc
27933,ALP,ALP_OUTER_LO_DENPEAKVAL,alp/outer_lo_denpeakval/data,Peak density,m**-3,"(196,)",1,196,float32,alp27933.nc
27934,ALP,ALP_OUTER_LO_DENPEAKVAL,alp/outer_lo_denpeakval/data,Peak density,m**-3,"(196,)",1,196,float32,alp27934.nc
27935,ALP,ALP_OUTER_LO_DENPEAKVAL,alp/outer_lo_denpeakval/data,Peak density,m**-3,"(196,)",1,196,float32,alp27935.nc
27936,ALP,ALP_OUTER_LO_DENPEAKVAL,alp/outer_lo_denpeakval/data,Peak density,m**-3,"(196,)",1,196,float32,alp27936.nc
27937,ALP,ALP_OUTER_LO_DENPEAKVAL,alp/outer_lo_denpeakval/data,Peak density,m**-3,"(196,)",1,196,float32,alp27937.nc
27938,ALP,ALP_OUTER_LO_DENPEAKVAL,alp/outer_lo_denpeakval/data,Peak density,m**-3,"(196,)",1,196,float32,alp27938.nc
27929,ALP,ALP_OUTER_LO_DENSITY,alp/outer_lo_density/data,,,"(1, 196, 48)",3,9408,float32,alp27929.nc
27930,ALP,ALP_OUTER_LO_DENSITY,alp/outer_lo_density/data,,,"(1, 196, 48)",3,9408,float32,alp27930 (2).nc
27931,ALP,ALP_OUTER_LO_DENSITY,alp/outer_lo_density/data,,,"(1, 196, 48)",3,9408,float32,alp27931 (1).nc
27932,ALP,ALP_OUTER_LO_DENSITY,alp/outer_lo_density/data,,,"(1, 196, 48)",3,9408,float32,alp27932.nc
27933,ALP,ALP_OUTER_LO_DENSITY,alp/outer_lo_density/data,,,"(1, 196, 48)",3,9408,float32,alp27933.nc
27934,ALP,ALP_OUTER_LO_DENSITY,alp/outer_lo_density/data,,,"(1, 196, 48)",3,9408,float32,alp27934.nc
27935,ALP,ALP_OUTER_LO_DENSITY,alp/outer_lo_density/data,,,"(1, 196, 48)",3,9408,float32,alp27935.nc
27936,ALP,ALP_OUTER_LO_DENSITY,alp/outer_lo_density/data,,,"(1, 196, 48)",3,9408,float32,alp27936.nc
27937,ALP,ALP_OUTER_LO_DENSITY,alp/outer_lo_density/data,,,"(1, 196, 48)",3,9408,float32,alp27937.nc
27938,ALP,ALP_OUTER_LO_DENSITY,alp/outer_lo_density/data,,,"(1, 196, 48)",3,9408,float32,alp27938.nc
27929,ALP,ALP_OUTER_LO_JSAPEAKPOS,alp/outer_lo_jsapeakpos/data,Position of peak Jsat,mm,"(196,)",1,196,float32,alp27929.nc
27930,ALP,ALP_OUTER_LO_JSAPEAKPOS,alp/outer_lo_jsapeakpos/data,Position of peak Jsat,mm,"(196,)",1,196,float32,alp27930 (2).nc
27931,ALP,ALP_OUTER_LO_JSAPEAKPOS,alp/outer_lo_jsapeakpos/data,Position of peak Jsat,mm,"(196,)",1,196,float32,alp27931 (1).nc
27932,ALP,ALP_OUTER_LO_JSAPEAKPOS,alp/outer_lo_jsapeakpos/data,Position of peak Jsat,mm,"(196,)",1,196,float32,alp27932.nc
27933,ALP,ALP_OUTER_LO_JSAPEAKPOS,alp/outer_lo_jsapeakpos/data,Position of peak Jsat,mm,"(196,)",1,196,float32,alp27933.nc
27934,ALP,ALP_OUTER_LO_JSAPEAKPOS,alp/outer_lo_jsapeakpos/data,Position of peak Jsat,mm,"(196,)",1,196,float32,alp27934.nc
27935,ALP,ALP_OUTER_LO_JSAPEAKPOS,alp/outer_lo_jsapeakpos/data,Position of peak Jsat,mm,"(196,)",1,196,float32,alp27935.nc
27936,ALP,ALP_OUTER_LO_JSAPEAKPOS,alp/outer_lo_jsapeakpos/data,Position of peak Jsat,mm,"(196,)",1,196,float32,alp27936.nc
27937,ALP,ALP_OUTER_LO_JSAPEAKPOS,alp/outer_lo_jsapeakpos/data,Position of peak Jsat,mm,"(196,)",1,196,float32,alp27937.nc
27938,ALP,ALP_OUTER_LO_JSAPEAKPOS,alp/outer_lo_jsapeakpos/data,Position of peak Jsat,mm,"(196,)",1,196,float32,alp27938.nc
27929,ALP,ALP_OUTER_LO_JSAPEAKVAL,alp/outer_lo_jsapeakval/data,Peak Jsat value,A/m**2,"(196,)",1,196,float32,alp27929.nc
27930,ALP,ALP_OUTER_LO_JSAPEAKVAL,alp/outer_lo_jsapeakval/data,Peak Jsat value,A/m**2,"(196,)",1,196,float32,alp27930 (2).nc
27931,ALP,ALP_OUTER_LO_JSAPEAKVAL,alp/outer_lo_jsapeakval/data,Peak Jsat value,A/m**2,"(196,)",1,196,float32,alp27931 (1).nc
27932,ALP,ALP_OUTER_LO_JSAPEAKVAL,alp/outer_lo_jsapeakval/data,Peak Jsat value,A/m**2,"(196,)",1,196,float32,alp27932.nc
27933,ALP,ALP_OUTER_LO_JSAPEAKVAL,alp/outer_lo_jsapeakval/data,Peak Jsat value,A/m**2,"(196,)",1,196,float32,alp27933.nc
27934,ALP,ALP_OUTER_LO_JSAPEAKVAL,alp/outer_lo_jsapeakval/data,Peak Jsat value,A/m**2,"(196,)",1,196,float32,alp27934.nc
27935,ALP,ALP_OUTER_LO_JSAPEAKVAL,alp/outer_lo_jsapeakval/data,Peak Jsat value,A/m**2,"(196,)",1,196,float32,alp27935.nc
27936,ALP,ALP_OUTER_LO_JSAPEAKVAL,alp/outer_lo_jsapeakval/data,Peak Jsat value,A/m**2,"(196,)",1,196,float32,alp27936.nc
27937,ALP,ALP_OUTER_LO_JSAPEAKVAL,alp/outer_lo_jsapeakval/data,Peak Jsat value,A/m**2,"(196,)",1,196,float32,alp27937.nc
27938,ALP,ALP_OUTER_LO_JSAPEAKVAL,alp/outer_lo_jsapeakval/data,Peak Jsat value,A/m**2,"(196,)",1,196,float32,alp27938.nc
27929,ALP,ALP_OUTER_LO_JSAT,alp/outer_lo_jsat/data,,,"(1, 196, 48)",3,9408,float32,alp27929.nc
27930,ALP,ALP_OUTER_LO_JSAT,alp/outer_lo_jsat/data,,,"(1, 196, 48)",3,9408,float32,alp27930 (2).nc
27931,ALP,ALP_OUTER_LO_JSAT,alp/outer_lo_jsat/data,,,"(1, 196, 48)",3,9408,float32,alp27931 (1).nc
27932,ALP,ALP_OUTER_LO_JSAT,alp/outer_lo_jsat/data,,,"(1, 196, 48)",3,9408,float32,alp27932.nc
27933,ALP,ALP_OUTER_LO_JSAT,alp/outer_lo_jsat/data,,,"(1, 196, 48)",3,9408,float32,alp27933.nc
27934,ALP,ALP_OUTER_LO_JSAT,alp/outer_lo_jsat/data,,,"(1, 196, 48)",3,9408,float32,alp27934.nc
27935,ALP,ALP_OUTER_LO_JSAT,alp/outer_lo_jsat/data,,,"(1, 196, 48)",3,9408,float32,alp27935.nc
27936,ALP,ALP_OUTER_LO_JSAT,alp/outer_lo_jsat/data,,,"(1, 196, 48)",3,9408,float32,alp27936.nc
27937,ALP,ALP_OUTER_LO_JSAT,alp/outer_lo_jsat/data,,,"(1, 196, 48)",3,9408,float32,alp27937.nc
27938,ALP,ALP_OUTER_LO_JSAT,alp/outer_lo_jsat/data,,,"(1, 196, 48)",3,9408,float32,alp27938.nc
27929,ALP,ALP_OUTER_LO_JSOL,alp/outer_lo_jsol/data,,,"(1, 196, 48)",3,9408,float32,alp27929.nc
27930,ALP,ALP_OUTER_LO_JSOL,alp/outer_lo_jsol/data,,,"(1, 196, 48)",3,9408,float32,alp27930 (2).nc
27931,ALP,ALP_OUTER_LO_JSOL,alp/outer_lo_jsol/data,,,"(1, 196, 48)",3,9408,float32,alp27931 (1).nc
27932,ALP,ALP_OUTER_LO_JSOL,alp/outer_lo_jsol/data,,,"(1, 196, 48)",3,9408,float32,alp27932.nc
27933,ALP,ALP_OUTER_LO_JSOL,alp/outer_lo_jsol/data,,,"(1, 196, 48)",3,9408,float32,alp27933.nc
27934,ALP,ALP_OUTER_LO_JSOL,alp/outer_lo_jsol/data,,,"(1, 196, 48)",3,9408,float32,alp27934.nc
27935,ALP,ALP_OUTER_LO_JSOL,alp/outer_lo_jsol/data,,,"(1, 196, 48)",3,9408,float32,alp27935.nc
27936,ALP,ALP_OUTER_LO_JSOL,alp/outer_lo_jsol/data,,,"(1, 196, 48)",3,9408,float32,alp27936.nc
27937,ALP,ALP_OUTER_LO_JSOL,alp/outer_lo_jsol/data,,,"(1, 196, 48)",3,9408,float32,alp27937.nc
27938,ALP,ALP_OUTER_LO_JSOL,alp/outer_lo_jsol/data,,,"(1, 196, 48)",3,9408,float32,alp27938.nc
27929,ALP,ALP_OUTER_LO_KTEPEAKVAL,alp/outer_lo_ktepeakval/data,Peak KTe  value,eV,"(196,)",1,196,float32,alp27929.nc
27930,ALP,ALP_OUTER_LO_KTEPEAKVAL,alp/outer_lo_ktepeakval/data,Peak KTe  value,eV,"(196,)",1,196,float32,alp27930 (2).nc
27931,ALP,ALP_OUTER_LO_KTEPEAKVAL,alp/outer_lo_ktepeakval/data,Peak KTe  value,eV,"(196,)",1,196,float32,alp27931 (1).nc
27932,ALP,ALP_OUTER_LO_KTEPEAKVAL,alp/outer_lo_ktepeakval/data,Peak KTe  value,eV,"(196,)",1,196,float32,alp27932.nc
27933,ALP,ALP_OUTER_LO_KTEPEAKVAL,alp/outer_lo_ktepeakval/data,Peak KTe  value,eV,"(196,)",1,196,float32,alp27933.nc
27934,ALP,ALP_OUTER_LO_KTEPEAKVAL,alp/outer_lo_ktepeakval/data,Peak KTe  value,eV,"(196,)",1,196,float32,alp27934.nc
27935,ALP,ALP_OUTER_LO_KTEPEAKVAL,alp/outer_lo_ktepeakval/data,Peak KTe  value,eV,"(196,)",1,196,float32,alp27935.nc
27936,ALP,ALP_OUTER_LO_KTEPEAKVAL,alp/outer_lo_ktepeakval/data,Peak KTe  value,eV,"(196,)",1,196,float32,alp27936.nc
27937,ALP,ALP_OUTER_LO_KTEPEAKVAL,alp/outer_lo_ktepeakval/data,Peak KTe  value,eV,"(196,)",1,196,float32,alp27937.nc
27938,ALP,ALP_OUTER_LO_KTEPEAKVAL,alp/outer_lo_ktepeakval/data,Peak KTe  value,eV,"(196,)",1,196,float32,alp27938.nc
27929,ALP,ALP_OUTER_LO_LAMJSATPP,alp/outer_lo_lamjsatpp/data,Lambda Jsat pp,mm,"(196,)",1,196,float32,alp27929.nc
27930,ALP,ALP_OUTER_LO_LAMJSATPP,alp/outer_lo_lamjsatpp/data,Lambda Jsat pp,mm,"(196,)",1,196,float32,alp27930 (2).nc
27931,ALP,ALP_OUTER_LO_LAMJSATPP,alp/outer_lo_lamjsatpp/data,Lambda Jsat pp,mm,"(196,)",1,196,float32,alp27931 (1).nc
27932,ALP,ALP_OUTER_LO_LAMJSATPP,alp/outer_lo_lamjsatpp/data,Lambda Jsat pp,mm,"(196,)",1,196,float32,alp27932.nc
27933,ALP,ALP_OUTER_LO_LAMJSATPP,alp/outer_lo_lamjsatpp/data,Lambda Jsat pp,mm,"(196,)",1,196,float32,alp27933.nc
27934,ALP,ALP_OUTER_LO_LAMJSATPP,alp/outer_lo_lamjsatpp/data,Lambda Jsat pp,mm,"(196,)",1,196,float32,alp27934.nc
27935,ALP,ALP_OUTER_LO_LAMJSATPP,alp/outer_lo_lamjsatpp/data,Lambda Jsat pp,mm,"(196,)",1,196,float32,alp27935.nc
27936,ALP,ALP_OUTER_LO_LAMJSATPP,alp/outer_lo_lamjsatpp/data,Lambda Jsat pp,mm,"(196,)",1,196,float32,alp27936.nc
27937,ALP,ALP_OUTER_LO_LAMJSATPP,alp/outer_lo_lamjsatpp/data,Lambda Jsat pp,mm,"(196,)",1,196,float32,alp27937.nc
27938,ALP,ALP_OUTER_LO_LAMJSATPP,alp/outer_lo_lamjsatpp/data,Lambda Jsat pp,mm,"(196,)",1,196,float32,alp27938.nc
27929,ALP,ALP_OUTER_LO_LAMJSATSOL,alp/outer_lo_lamjsatsol/data,Lambda Jsat sol,mm,"(196,)",1,196,float32,alp27929.nc
27930,ALP,ALP_OUTER_LO_LAMJSATSOL,alp/outer_lo_lamjsatsol/data,Lambda Jsat sol,mm,"(196,)",1,196,float32,alp27930 (2).nc
27931,ALP,ALP_OUTER_LO_LAMJSATSOL,alp/outer_lo_lamjsatsol/data,Lambda Jsat sol,mm,"(196,)",1,196,float32,alp27931 (1).nc
27932,ALP,ALP_OUTER_LO_LAMJSATSOL,alp/outer_lo_lamjsatsol/data,Lambda Jsat sol,mm,"(196,)",1,196,float32,alp27932.nc
27933,ALP,ALP_OUTER_LO_LAMJSATSOL,alp/outer_lo_lamjsatsol/data,Lambda Jsat sol,mm,"(196,)",1,196,float32,alp27933.nc
27934,ALP,ALP_OUTER_LO_LAMJSATSOL,alp/outer_lo_lamjsatsol/data,Lambda Jsat sol,mm,"(196,)",1,196,float32,alp27934.nc
27935,ALP,ALP_OUTER_LO_LAMJSATSOL,alp/outer_lo_lamjsatsol/data,Lambda Jsat sol,mm,"(196,)",1,196,float32,alp27935.nc
27936,ALP,ALP_OUTER_LO_LAMJSATSOL,alp/outer_lo_lamjsatsol/data,Lambda Jsat sol,mm,"(196,)",1,196,float32,alp27936.nc
27937,ALP,ALP_OUTER_LO_LAMJSATSOL,alp/outer_lo_lamjsatsol/data,Lambda Jsat sol,mm,"(196,)",1,196,float32,alp27937.nc
27938,ALP,ALP_OUTER_LO_LAMJSATSOL,alp/outer_lo_lamjsatsol/data,Lambda Jsat sol,mm,"(196,)",1,196,float32,alp27938.nc
27929,ALP,ALP_OUTER_LO_POWER,alp/outer_lo_power/data,,,"(1, 196, 48)",3,9408,float32,alp27929.nc
27930,ALP,ALP_OUTER_LO_POWER,alp/outer_lo_power/data,,,"(1, 196, 48)",3,9408,float32,alp27930 (2).nc
27931,ALP,ALP_OUTER_LO_POWER,alp/outer_lo_power/data,,,"(1, 196, 48)",3,9408,float32,alp27931 (1).nc
27932,ALP,ALP_OUTER_LO_POWER,alp/outer_lo_power/data,,,"(1, 196, 48)",3,9408,float32,alp27932.nc
27933,ALP,ALP_OUTER_LO_POWER,alp/outer_lo_power/data,,,"(1, 196, 48)",3,9408,float32,alp27933.nc
27934,ALP,ALP_OUTER_LO_POWER,alp/outer_lo_power/data,,,"(1, 196, 48)",3,9408,float32,alp27934.nc
27935,ALP,ALP_OUTER_LO_POWER,alp/outer_lo_power/data,,,"(1, 196, 48)",3,9408,float32,alp27935.nc
27936,ALP,ALP_OUTER_LO_POWER,alp/outer_lo_power/data,,,"(1, 196, 48)",3,9408,float32,alp27936.nc
27937,ALP,ALP_OUTER_LO_POWER,alp/outer_lo_power/data,,,"(1, 196, 48)",3,9408,float32,alp27937.nc
27938,ALP,ALP_OUTER_LO_POWER,alp/outer_lo_power/data,,,"(1, 196, 48)",3,9408,float32,alp27938.nc
27929,ALP,ALP_OUTER_LO_POWPEAKVAL,alp/outer_lo_powpeakval/data,Peak power,kW/m**2,"(196,)",1,196,float32,alp27929.nc
27930,ALP,ALP_OUTER_LO_POWPEAKVAL,alp/outer_lo_powpeakval/data,Peak power,kW/m**2,"(196,)",1,196,float32,alp27930 (2).nc
27931,ALP,ALP_OUTER_LO_POWPEAKVAL,alp/outer_lo_powpeakval/data,Peak power,kW/m**2,"(196,)",1,196,float32,alp27931 (1).nc
27932,ALP,ALP_OUTER_LO_POWPEAKVAL,alp/outer_lo_powpeakval/data,Peak power,kW/m**2,"(196,)",1,196,float32,alp27932.nc
27933,ALP,ALP_OUTER_LO_POWPEAKVAL,alp/outer_lo_powpeakval/data,Peak power,kW/m**2,"(196,)",1,196,float32,alp27933.nc
27934,ALP,ALP_OUTER_LO_POWPEAKVAL,alp/outer_lo_powpeakval/data,Peak power,kW/m**2,"(196,)",1,196,float32,alp27934.nc
27935,ALP,ALP_OUTER_LO_POWPEAKVAL,alp/outer_lo_powpeakval/data,Peak power,kW/m**2,"(196,)",1,196,float32,alp27935.nc
27936,ALP,ALP_OUTER_LO_POWPEAKVAL,alp/outer_lo_powpeakval/data,Peak power,kW/m**2,"(196,)",1,196,float32,alp27936.nc
27937,ALP,ALP_OUTER_LO_POWPEAKVAL,alp/outer_lo_powpeakval/data,Peak power,kW/m**2,"(196,)",1,196,float32,alp27937.nc
27938,ALP,ALP_OUTER_LO_POWPEAKVAL,alp/outer_lo_powpeakval/data,Peak power,kW/m**2,"(196,)",1,196,float32,alp27938.nc
27929,ALP,ALP_OUTER_LO_POWSUM,alp/outer_lo_powsum/data,Power,kW,"(196,)",1,196,float32,alp27929.nc
27930,ALP,ALP_OUTER_LO_POWSUM,alp/outer_lo_powsum/data,Power,kW,"(196,)",1,196,float32,alp27930 (2).nc
27931,ALP,ALP_OUTER_LO_POWSUM,alp/outer_lo_powsum/data,Power,kW,"(196,)",1,196,float32,alp27931 (1).nc
27932,ALP,ALP_OUTER_LO_POWSUM,alp/outer_lo_powsum/data,Power,kW,"(196,)",1,196,float32,alp27932.nc
27933,ALP,ALP_OUTER_LO_POWSUM,alp/outer_lo_powsum/data,Power,kW,"(196,)",1,196,float32,alp27933.nc
27934,ALP,ALP_OUTER_LO_POWSUM,alp/outer_lo_powsum/data,Power,kW,"(196,)",1,196,float32,alp27934.nc
27935,ALP,ALP_OUTER_LO_POWSUM,alp/outer_lo_powsum/data,Power,kW,"(196,)",1,196,float32,alp27935.nc
27936,ALP,ALP_OUTER_LO_POWSUM,alp/outer_lo_powsum/data,Power,kW,"(196,)",1,196,float32,alp27936.nc
27937,ALP,ALP_OUTER_LO_POWSUM,alp/outer_lo_powsum/data,Power,kW,"(196,)",1,196,float32,alp27937.nc
27938,ALP,ALP_OUTER_LO_POWSUM,alp/outer_lo_powsum/data,Power,kW,"(196,)",1,196,float32,alp27938.nc
27929,ALP,ALP_OUTER_LO_POWTOT,alp/outer_lo_powtot/data,Power,kW,"(196,)",1,196,float32,alp27929.nc
27930,ALP,ALP_OUTER_LO_POWTOT,alp/outer_lo_powtot/data,Power,kW,"(196,)",1,196,float32,alp27930 (2).nc
27931,ALP,ALP_OUTER_LO_POWTOT,alp/outer_lo_powtot/data,Power,kW,"(196,)",1,196,float32,alp27931 (1).nc
27932,ALP,ALP_OUTER_LO_POWTOT,alp/outer_lo_powtot/data,Power,kW,"(196,)",1,196,float32,alp27932.nc
27933,ALP,ALP_OUTER_LO_POWTOT,alp/outer_lo_powtot/data,Power,kW,"(196,)",1,196,float32,alp27933.nc
27934,ALP,ALP_OUTER_LO_POWTOT,alp/outer_lo_powtot/data,Power,kW,"(196,)",1,196,float32,alp27934.nc
27935,ALP,ALP_OUTER_LO_POWTOT,alp/outer_lo_powtot/data,Power,kW,"(196,)",1,196,float32,alp27935.nc
27936,ALP,ALP_OUTER_LO_POWTOT,alp/outer_lo_powtot/data,Power,kW,"(196,)",1,196,float32,alp27936.nc
27937,ALP,ALP_OUTER_LO_POWTOT,alp/outer_lo_powtot/data,Power,kW,"(196,)",1,196,float32,alp27937.nc
27938,ALP,ALP_OUTER_LO_POWTOT,alp/outer_lo_powtot/data,Power,kW,"(196,)",1,196,float32,alp27938.nc
27929,ALP,ALP_OUTER_LO_R,alp/outer_lo_r/data,,,"(1, 48)",2,48,float32,alp27929.nc
27930,ALP,ALP_OUTER_LO_R,alp/outer_lo_r/data,,,"(1, 48)",2,48,float32,alp27930 (2).nc
27931,ALP,ALP_OUTER_LO_R,alp/outer_lo_r/data,,,"(1, 48)",2,48,float32,alp27931 (1).nc
27932,ALP,ALP_OUTER_LO_R,alp/outer_lo_r/data,,,"(1, 48)",2,48,float32,alp27932.nc
27933,ALP,ALP_OUTER_LO_R,alp/outer_lo_r/data,,,"(1, 48)",2,48,float32,alp27933.nc
27934,ALP,ALP_OUTER_LO_R,alp/outer_lo_r/data,,,"(1, 48)",2,48,float32,alp27934.nc
27935,ALP,ALP_OUTER_LO_R,alp/outer_lo_r/data,,,"(1, 48)",2,48,float32,alp27935.nc
27936,ALP,ALP_OUTER_LO_R,alp/outer_lo_r/data,,,"(1, 48)",2,48,float32,alp27936.nc
27937,ALP,ALP_OUTER_LO_R,alp/outer_lo_r/data,,,"(1, 48)",2,48,float32,alp27937.nc
27938,ALP,ALP_OUTER_LO_R,alp/outer_lo_r/data,,,"(1, 48)",2,48,float32,alp27938.nc
27929,ALP,ALP_OUTER_LO_TE,alp/outer_lo_te/data,,,"(1, 196, 48)",3,9408,float32,alp27929.nc
27930,ALP,ALP_OUTER_LO_TE,alp/outer_lo_te/data,,,"(1, 196, 48)",3,9408,float32,alp27930 (2).nc
27931,ALP,ALP_OUTER_LO_TE,alp/outer_lo_te/data,,,"(1, 196, 48)",3,9408,float32,alp27931 (1).nc
27932,ALP,ALP_OUTER_LO_TE,alp/outer_lo_te/data,,,"(1, 196, 48)",3,9408,float32,alp27932.nc
27933,ALP,ALP_OUTER_LO_TE,alp/outer_lo_te/data,,,"(1, 196, 48)",3,9408,float32,alp27933.nc
27934,ALP,ALP_OUTER_LO_TE,alp/outer_lo_te/data,,,"(1, 196, 48)",3,9408,float32,alp27934.nc
27935,ALP,ALP_OUTER_LO_TE,alp/outer_lo_te/data,,,"(1, 196, 48)",3,9408,float32,alp27935.nc
27936,ALP,ALP_OUTER_LO_TE,alp/outer_lo_te/data,,,"(1, 196, 48)",3,9408,float32,alp27936.nc
27937,ALP,ALP_OUTER_LO_TE,alp/outer_lo_te/data,,,"(1, 196, 48)",3,9408,float32,alp27937.nc
27938,ALP,ALP_OUTER_LO_TE,alp/outer_lo_te/data,,,"(1, 196, 48)",3,9408,float32,alp27938.nc
27929,ALP,ALP_OUTER_LO_TIME,alp/outer_lo_time/data,,,"(1, 196)",2,196,float32,alp27929.nc
27930,ALP,ALP_OUTER_LO_TIME,alp/outer_lo_time/data,,,"(1, 196)",2,196,float32,alp27930 (2).nc
27931,ALP,ALP_OUTER_LO_TIME,alp/outer_lo_time/data,,,"(1, 196)",2,196,float32,alp27931 (1).nc
27932,ALP,ALP_OUTER_LO_TIME,alp/outer_lo_time/data,,,"(1, 196)",2,196,float32,alp27932.nc
27933,ALP,ALP_OUTER_LO_TIME,alp/outer_lo_time/data,,,"(1, 196)",2,196,float32,alp27933.nc
27934,ALP,ALP_OUTER_LO_TIME,alp/outer_lo_time/data,,,"(1, 196)",2,196,float32,alp27934.nc
27935,ALP,ALP_OUTER_LO_TIME,alp/outer_lo_time/data,,,"(1, 196)",2,196,float32,alp27935.nc
27936,ALP,ALP_OUTER_LO_TIME,alp/outer_lo_time/data,,,"(1, 196)",2,196,float32,alp27936.nc
27937,ALP,ALP_OUTER_LO_TIME,alp/outer_lo_time/data,,,"(1, 196)",2,196,float32,alp27937.nc
27938,ALP,ALP_OUTER_LO_TIME,alp/outer_lo_time/data,,,"(1, 196)",2,196,float32,alp27938.nc
27929,ALP,ALP_OUTER_LO_TIMEMID,alp/outer_lo_timemid/data,,,"(1, 196, 48)",3,9408,float32,alp27929.nc
27930,ALP,ALP_OUTER_LO_TIMEMID,alp/outer_lo_timemid/data,,,"(1, 196, 48)",3,9408,float32,alp27930 (2).nc
27931,ALP,ALP_OUTER_LO_TIMEMID,alp/outer_lo_timemid/data,,,"(1, 196, 48)",3,9408,float32,alp27931 (1).nc
27932,ALP,ALP_OUTER_LO_TIMEMID,alp/outer_lo_timemid/data,,,"(1, 196, 48)",3,9408,float32,alp27932.nc
27933,ALP,ALP_OUTER_LO_TIMEMID,alp/outer_lo_timemid/data,,,"(1, 196, 48)",3,9408,float32,alp27933.nc
27934,ALP,ALP_OUTER_LO_TIMEMID,alp/outer_lo_timemid/data,,,"(1, 196, 48)",3,9408,float32,alp27934.nc
27935,ALP,ALP_OUTER_LO_TIMEMID,alp/outer_lo_timemid/data,,,"(1, 196, 48)",3,9408,float32,alp27935.nc
27936,ALP,ALP_OUTER_LO_TIMEMID,alp/outer_lo_timemid/data,,,"(1, 196, 48)",3,9408,float32,alp27936.nc
27937,ALP,ALP_OUTER_LO_TIMEMID,alp/outer_lo_timemid/data,,,"(1, 196, 48)",3,9408,float32,alp27937.nc
27938,ALP,ALP_OUTER_LO_TIMEMID,alp/outer_lo_timemid/data,,,"(1, 196, 48)",3,9408,float32,alp27938.nc
27929,ALP,ALP_OUTER_LO_VFLOAT,alp/outer_lo_vfloat/data,,,"(1, 196, 48)",3,9408,float32,alp27929.nc
27930,ALP,ALP_OUTER_LO_VFLOAT,alp/outer_lo_vfloat/data,,,"(1, 196, 48)",3,9408,float32,alp27930 (2).nc
27931,ALP,ALP_OUTER_LO_VFLOAT,alp/outer_lo_vfloat/data,,,"(1, 196, 48)",3,9408,float32,alp27931 (1).nc
27932,ALP,ALP_OUTER_LO_VFLOAT,alp/outer_lo_vfloat/data,,,"(1, 196, 48)",3,9408,float32,alp27932.nc
27933,ALP,ALP_OUTER_LO_VFLOAT,alp/outer_lo_vfloat/data,,,"(1, 196, 48)",3,9408,float32,alp27933.nc
27934,ALP,ALP_OUTER_LO_VFLOAT,alp/outer_lo_vfloat/data,,,"(1, 196, 48)",3,9408,float32,alp27934.nc
27935,ALP,ALP_OUTER_LO_VFLOAT,alp/outer_lo_vfloat/data,,,"(1, 196, 48)",3,9408,float32,alp27935.nc
27936,ALP,ALP_OUTER_LO_VFLOAT,alp/outer_lo_vfloat/data,,,"(1, 196, 48)",3,9408,float32,alp27936.nc
27937,ALP,ALP_OUTER_LO_VFLOAT,alp/outer_lo_vfloat/data,,,"(1, 196, 48)",3,9408,float32,alp27937.nc
27938,ALP,ALP_OUTER_LO_VFLOAT,alp/outer_lo_vfloat/data,,,"(1, 196, 48)",3,9408,float32,alp27938.nc
27929,ALP,ALP_OUTER_LO_Z,alp/outer_lo_z/data,,,"(1, 48)",2,48,float32,alp27929.nc
27930,ALP,ALP_OUTER_LO_Z,alp/outer_lo_z/data,,,"(1, 48)",2,48,float32,alp27930 (2).nc
27931,ALP,ALP_OUTER_LO_Z,alp/outer_lo_z/data,,,"(1, 48)",2,48,float32,alp27931 (1).nc
27932,ALP,ALP_OUTER_LO_Z,alp/outer_lo_z/data,,,"(1, 48)",2,48,float32,alp27932.nc
27933,ALP,ALP_OUTER_LO_Z,alp/outer_lo_z/data,,,"(1, 48)",2,48,float32,alp27933.nc
27934,ALP,ALP_OUTER_LO_Z,alp/outer_lo_z/data,,,"(1, 48)",2,48,float32,alp27934.nc
27935,ALP,ALP_OUTER_LO_Z,alp/outer_lo_z/data,,,"(1, 48)",2,48,float32,alp27935.nc
27936,ALP,ALP_OUTER_LO_Z,alp/outer_lo_z/data,,,"(1, 48)",2,48,float32,alp27936.nc
27937,ALP,ALP_OUTER_LO_Z,alp/outer_lo_z/data,,,"(1, 48)",2,48,float32,alp27937.nc
27938,ALP,ALP_OUTER_LO_Z,alp/outer_lo_z/data,,,"(1, 48)",2,48,float32,alp27938.nc
27929,ALP,ALP_OUTER_UP_CHISQ,alp/outer_up_chisq/data,,,"(1, 196, 48)",3,9408,float32,alp27929.nc
27930,ALP,ALP_OUTER_UP_CHISQ,alp/outer_up_chisq/data,,,"(1, 196, 48)",3,9408,float32,alp27930 (2).nc
27931,ALP,ALP_OUTER_UP_CHISQ,alp/outer_up_chisq/data,,,"(1, 196, 48)",3,9408,float32,alp27931 (1).nc
27932,ALP,ALP_OUTER_UP_CHISQ,alp/outer_up_chisq/data,,,"(1, 196, 48)",3,9408,float32,alp27932.nc
27933,ALP,ALP_OUTER_UP_CHISQ,alp/outer_up_chisq/data,,,"(1, 196, 48)",3,9408,float32,alp27933.nc
27934,ALP,ALP_OUTER_UP_CHISQ,alp/outer_up_chisq/data,,,"(1, 196, 48)",3,9408,float32,alp27934.nc
27935,ALP,ALP_OUTER_UP_CHISQ,alp/outer_up_chisq/data,,,"(1, 196, 48)",3,9408,float32,alp27935.nc
27936,ALP,ALP_OUTER_UP_CHISQ,alp/outer_up_chisq/data,,,"(1, 196, 48)",3,9408,float32,alp27936.nc
27937,ALP,ALP_OUTER_UP_CHISQ,alp/outer_up_chisq/data,,,"(1, 196, 48)",3,9408,float32,alp27937.nc
27938,ALP,ALP_OUTER_UP_CHISQ,alp/outer_up_chisq/data,,,"(1, 196, 48)",3,9408,float32,alp27938.nc
27929,ALP,ALP_OUTER_UP_DENPEAKVAL,alp/outer_up_denpeakval/data,Peak density,m**-3,"(196,)",1,196,float32,alp27929.nc
27930,ALP,ALP_OUTER_UP_DENPEAKVAL,alp/outer_up_denpeakval/data,Peak density,m**-3,"(196,)",1,196,float32,alp27930 (2).nc
27931,ALP,ALP_OUTER_UP_DENPEAKVAL,alp/outer_up_denpeakval/data,Peak density,m**-3,"(196,)",1,196,float32,alp27931 (1).nc
27932,ALP,ALP_OUTER_UP_DENPEAKVAL,alp/outer_up_denpeakval/data,Peak density,m**-3,"(196,)",1,196,float32,alp27932.nc
27933,ALP,ALP_OUTER_UP_DENPEAKVAL,alp/outer_up_denpeakval/data,Peak density,m**-3,"(196,)",1,196,float32,alp27933.nc
27934,ALP,ALP_OUTER_UP_DENPEAKVAL,alp/outer_up_denpeakval/data,Peak density,m**-3,"(196,)",1,196,float32,alp27934.nc
27935,ALP,ALP_OUTER_UP_DENPEAKVAL,alp/outer_up_denpeakval/data,Peak density,m**-3,"(196,)",1,196,float32,alp27935.nc
27936,ALP,ALP_OUTER_UP_DENPEAKVAL,alp/outer_up_denpeakval/data,Peak density,m**-3,"(196,)",1,196,float32,alp27936.nc
27937,ALP,ALP_OUTER_UP_DENPEAKVAL,alp/outer_up_denpeakval/data,Peak density,m**-3,"(196,)",1,196,float32,alp27937.nc
27938,ALP,ALP_OUTER_UP_DENPEAKVAL,alp/outer_up_denpeakval/data,Peak density,m**-3,"(196,)",1,196,float32,alp27938.nc
27929,ALP,ALP_OUTER_UP_DENSITY,alp/outer_up_density/data,,,"(1, 196, 48)",3,9408,float32,alp27929.nc
27930,ALP,ALP_OUTER_UP_DENSITY,alp/outer_up_density/data,,,"(1, 196, 48)",3,9408,float32,alp27930 (2).nc
27931,ALP,ALP_OUTER_UP_DENSITY,alp/outer_up_density/data,,,"(1, 196, 48)",3,9408,float32,alp27931 (1).nc
27932,ALP,ALP_OUTER_UP_DENSITY,alp/outer_up_density/data,,,"(1, 196, 48)",3,9408,float32,alp27932.nc
27933,ALP,ALP_OUTER_UP_DENSITY,alp/outer_up_density/data,,,"(1, 196, 48)",3,9408,float32,alp27933.nc
27934,ALP,ALP_OUTER_UP_DENSITY,alp/outer_up_density/data,,,"(1, 196, 48)",3,9408,float32,alp27934.nc
27935,ALP,ALP_OUTER_UP_DENSITY,alp/outer_up_density/data,,,"(1, 196, 48)",3,9408,float32,alp27935.nc
27936,ALP,ALP_OUTER_UP_DENSITY,alp/outer_up_density/data,,,"(1, 196, 48)",3,9408,float32,alp27936.nc
27937,ALP,ALP_OUTER_UP_DENSITY,alp/outer_up_density/data,,,"(1, 196, 48)",3,9408,float32,alp27937.nc
27938,ALP,ALP_OUTER_UP_DENSITY,alp/outer_up_density/data,,,"(1, 196, 48)",3,9408,float32,alp27938.nc
27929,ALP,ALP_OUTER_UP_JSAPEAKPOS,alp/outer_up_jsapeakpos/data,Position of peak Jsat,mm,"(196,)",1,196,float32,alp27929.nc
27930,ALP,ALP_OUTER_UP_JSAPEAKPOS,alp/outer_up_jsapeakpos/data,Position of peak Jsat,mm,"(196,)",1,196,float32,alp27930 (2).nc
27931,ALP,ALP_OUTER_UP_JSAPEAKPOS,alp/outer_up_jsapeakpos/data,Position of peak Jsat,mm,"(196,)",1,196,float32,alp27931 (1).nc
27932,ALP,ALP_OUTER_UP_JSAPEAKPOS,alp/outer_up_jsapeakpos/data,Position of peak Jsat,mm,"(196,)",1,196,float32,alp27932.nc
27933,ALP,ALP_OUTER_UP_JSAPEAKPOS,alp/outer_up_jsapeakpos/data,Position of peak Jsat,mm,"(196,)",1,196,float32,alp27933.nc
27934,ALP,ALP_OUTER_UP_JSAPEAKPOS,alp/outer_up_jsapeakpos/data,Position of peak Jsat,mm,"(196,)",1,196,float32,alp27934.nc
27935,ALP,ALP_OUTER_UP_JSAPEAKPOS,alp/outer_up_jsapeakpos/data,Position of peak Jsat,mm,"(196,)",1,196,float32,alp27935.nc
27936,ALP,ALP_OUTER_UP_JSAPEAKPOS,alp/outer_up_jsapeakpos/data,Position of peak Jsat,mm,"(196,)",1,196,float32,alp27936.nc
27937,ALP,ALP_OUTER_UP_JSAPEAKPOS,alp/outer_up_jsapeakpos/data,Position of peak Jsat,mm,"(196,)",1,196,float32,alp27937.nc
27938,ALP,ALP_OUTER_UP_JSAPEAKPOS,alp/outer_up_jsapeakpos/data,Position of peak Jsat,mm,"(196,)",1,196,float32,alp27938.nc
27929,ALP,ALP_OUTER_UP_JSAPEAKVAL,alp/outer_up_jsapeakval/data,Peak Jsat value,A/m**2,"(196,)",1,196,float32,alp27929.nc
27930,ALP,ALP_OUTER_UP_JSAPEAKVAL,alp/outer_up_jsapeakval/data,Peak Jsat value,A/m**2,"(196,)",1,196,float32,alp27930 (2).nc
27931,ALP,ALP_OUTER_UP_JSAPEAKVAL,alp/outer_up_jsapeakval/data,Peak Jsat value,A/m**2,"(196,)",1,196,float32,alp27931 (1).nc
27932,ALP,ALP_OUTER_UP_JSAPEAKVAL,alp/outer_up_jsapeakval/data,Peak Jsat value,A/m**2,"(196,)",1,196,float32,alp27932.nc
27933,ALP,ALP_OUTER_UP_JSAPEAKVAL,alp/outer_up_jsapeakval/data,Peak Jsat value,A/m**2,"(196,)",1,196,float32,alp27933.nc
27934,ALP,ALP_OUTER_UP_JSAPEAKVAL,alp/outer_up_jsapeakval/data,Peak Jsat value,A/m**2,"(196,)",1,196,float32,alp27934.nc
27935,ALP,ALP_OUTER_UP_JSAPEAKVAL,alp/outer_up_jsapeakval/data,Peak Jsat value,A/m**2,"(196,)",1,196,float32,alp27935.nc
27936,ALP,ALP_OUTER_UP_JSAPEAKVAL,alp/outer_up_jsapeakval/data,Peak Jsat value,A/m**2,"(196,)",1,196,float32,alp27936.nc
27937,ALP,ALP_OUTER_UP_JSAPEAKVAL,alp/outer_up_jsapeakval/data,Peak Jsat value,A/m**2,"(196,)",1,196,float32,alp27937.nc
27938,ALP,ALP_OUTER_UP_JSAPEAKVAL,alp/outer_up_jsapeakval/data,Peak Jsat value,A/m**2,"(196,)",1,196,float32,alp27938.nc
27929,ALP,ALP_OUTER_UP_JSAT,alp/outer_up_jsat/data,,,"(1, 196, 48)",3,9408,float32,alp27929.nc
27930,ALP,ALP_OUTER_UP_JSAT,alp/outer_up_jsat/data,,,"(1, 196, 48)",3,9408,float32,alp27930 (2).nc
27931,ALP,ALP_OUTER_UP_JSAT,alp/outer_up_jsat/data,,,"(1, 196, 48)",3,9408,float32,alp27931 (1).nc
27932,ALP,ALP_OUTER_UP_JSAT,alp/outer_up_jsat/data,,,"(1, 196, 48)",3,9408,float32,alp27932.nc
27933,ALP,ALP_OUTER_UP_JSAT,alp/outer_up_jsat/data,,,"(1, 196, 48)",3,9408,float32,alp27933.nc
27934,ALP,ALP_OUTER_UP_JSAT,alp/outer_up_jsat/data,,,"(1, 196, 48)",3,9408,float32,alp27934.nc
27935,ALP,ALP_OUTER_UP_JSAT,alp/outer_up_jsat/data,,,"(1, 196, 48)",3,9408,float32,alp27935.nc
27936,ALP,ALP_OUTER_UP_JSAT,alp/outer_up_jsat/data,,,"(1, 196, 48)",3,9408,float32,alp27936.nc
27937,ALP,ALP_OUTER_UP_JSAT,alp/outer_up_jsat/data,,,"(1, 196, 48)",3,9408,float32,alp27937.nc
27938,ALP,ALP_OUTER_UP_JSAT,alp/outer_up_jsat/data,,,"(1, 196, 48)",3,9408,float32,alp27938.nc
27929,ALP,ALP_OUTER_UP_JSOL,alp/outer_up_jsol/data,,,"(1, 196, 48)",3,9408,float32,alp27929.nc
27930,ALP,ALP_OUTER_UP_JSOL,alp/outer_up_jsol/data,,,"(1, 196, 48)",3,9408,float32,alp27930 (2).nc
27931,ALP,ALP_OUTER_UP_JSOL,alp/outer_up_jsol/data,,,"(1, 196, 48)",3,9408,float32,alp27931 (1).nc
27932,ALP,ALP_OUTER_UP_JSOL,alp/outer_up_jsol/data,,,"(1, 196, 48)",3,9408,float32,alp27932.nc
27933,ALP,ALP_OUTER_UP_JSOL,alp/outer_up_jsol/data,,,"(1, 196, 48)",3,9408,float32,alp27933.nc
27934,ALP,ALP_OUTER_UP_JSOL,alp/outer_up_jsol/data,,,"(1, 196, 48)",3,9408,float32,alp27934.nc
27935,ALP,ALP_OUTER_UP_JSOL,alp/outer_up_jsol/data,,,"(1, 196, 48)",3,9408,float32,alp27935.nc
27936,ALP,ALP_OUTER_UP_JSOL,alp/outer_up_jsol/data,,,"(1, 196, 48)",3,9408,float32,alp27936.nc
27937,ALP,ALP_OUTER_UP_JSOL,alp/outer_up_jsol/data,,,"(1, 196, 48)",3,9408,float32,alp27937.nc
27938,ALP,ALP_OUTER_UP_JSOL,alp/outer_up_jsol/data,,,"(1, 196, 48)",3,9408,float32,alp27938.nc
27929,ALP,ALP_OUTER_UP_KTEPEAKVAL,alp/outer_up_ktepeakval/data,Peak KTe  value,eV,"(196,)",1,196,float32,alp27929.nc
27930,ALP,ALP_OUTER_UP_KTEPEAKVAL,alp/outer_up_ktepeakval/data,Peak KTe  value,eV,"(196,)",1,196,float32,alp27930 (2).nc
27931,ALP,ALP_OUTER_UP_KTEPEAKVAL,alp/outer_up_ktepeakval/data,Peak KTe  value,eV,"(196,)",1,196,float32,alp27931 (1).nc
27932,ALP,ALP_OUTER_UP_KTEPEAKVAL,alp/outer_up_ktepeakval/data,Peak KTe  value,eV,"(196,)",1,196,float32,alp27932.nc
27933,ALP,ALP_OUTER_UP_KTEPEAKVAL,alp/outer_up_ktepeakval/data,Peak KTe  value,eV,"(196,)",1,196,float32,alp27933.nc
27934,ALP,ALP_OUTER_UP_KTEPEAKVAL,alp/outer_up_ktepeakval/data,Peak KTe  value,eV,"(196,)",1,196,float32,alp27934.nc
27935,ALP,ALP_OUTER_UP_KTEPEAKVAL,alp/outer_up_ktepeakval/data,Peak KTe  value,eV,"(196,)",1,196,float32,alp27935.nc
27936,ALP,ALP_OUTER_UP_KTEPEAKVAL,alp/outer_up_ktepeakval/data,Peak KTe  value,eV,"(196,)",1,196,float32,alp27936.nc
27937,ALP,ALP_OUTER_UP_KTEPEAKVAL,alp/outer_up_ktepeakval/data,Peak KTe  value,eV,"(196,)",1,196,float32,alp27937.nc
27938,ALP,ALP_OUTER_UP_KTEPEAKVAL,alp/outer_up_ktepeakval/data,Peak KTe  value,eV,"(196,)",1,196,float32,alp27938.nc
27929,ALP,ALP_OUTER_UP_LAMJSATPP,alp/outer_up_lamjsatpp/data,Lambda Jsat pp,mm,"(196,)",1,196,float32,alp27929.nc
27930,ALP,ALP_OUTER_UP_LAMJSATPP,alp/outer_up_lamjsatpp/data,Lambda Jsat pp,mm,"(196,)",1,196,float32,alp27930 (2).nc
27931,ALP,ALP_OUTER_UP_LAMJSATPP,alp/outer_up_lamjsatpp/data,Lambda Jsat pp,mm,"(196,)",1,196,float32,alp27931 (1).nc
27932,ALP,ALP_OUTER_UP_LAMJSATPP,alp/outer_up_lamjsatpp/data,Lambda Jsat pp,mm,"(196,)",1,196,float32,alp27932.nc
27933,ALP,ALP_OUTER_UP_LAMJSATPP,alp/outer_up_lamjsatpp/data,Lambda Jsat pp,mm,"(196,)",1,196,float32,alp27933.nc
27934,ALP,ALP_OUTER_UP_LAMJSATPP,alp/outer_up_lamjsatpp/data,Lambda Jsat pp,mm,"(196,)",1,196,float32,alp27934.nc
27935,ALP,ALP_OUTER_UP_LAMJSATPP,alp/outer_up_lamjsatpp/data,Lambda Jsat pp,mm,"(196,)",1,196,float32,alp27935.nc
27936,ALP,ALP_OUTER_UP_LAMJSATPP,alp/outer_up_lamjsatpp/data,Lambda Jsat pp,mm,"(196,)",1,196,float32,alp27936.nc
27937,ALP,ALP_OUTER_UP_LAMJSATPP,alp/outer_up_lamjsatpp/data,Lambda Jsat pp,mm,"(196,)",1,196,float32,alp27937.nc
27938,ALP,ALP_OUTER_UP_LAMJSATPP,alp/outer_up_lamjsatpp/data,Lambda Jsat pp,mm,"(196,)",1,196,float32,alp27938.nc
27929,ALP,ALP_OUTER_UP_LAMJSATSOL,alp/outer_up_lamjsatsol/data,Lambda Jsat sol,mm,"(196,)",1,196,float32,alp27929.nc
27930,ALP,ALP_OUTER_UP_LAMJSATSOL,alp/outer_up_lamjsatsol/data,Lambda Jsat sol,mm,"(196,)",1,196,float32,alp27930 (2).nc
27931,ALP,ALP_OUTER_UP_LAMJSATSOL,alp/outer_up_lamjsatsol/data,Lambda Jsat sol,mm,"(196,)",1,196,float32,alp27931 (1).nc
27932,ALP,ALP_OUTER_UP_LAMJSATSOL,alp/outer_up_lamjsatsol/data,Lambda Jsat sol,mm,"(196,)",1,196,float32,alp27932.nc
27933,ALP,ALP_OUTER_UP_LAMJSATSOL,alp/outer_up_lamjsatsol/data,Lambda Jsat sol,mm,"(196,)",1,196,float32,alp27933.nc
27934,ALP,ALP_OUTER_UP_LAMJSATSOL,alp/outer_up_lamjsatsol/data,Lambda Jsat sol,mm,"(196,)",1,196,float32,alp27934.nc
27935,ALP,ALP_OUTER_UP_LAMJSATSOL,alp/outer_up_lamjsatsol/data,Lambda Jsat sol,mm,"(196,)",1,196,float32,alp27935.nc
27936,ALP,ALP_OUTER_UP_LAMJSATSOL,alp/outer_up_lamjsatsol/data,Lambda Jsat sol,mm,"(196,)",1,196,float32,alp27936.nc
27937,ALP,ALP_OUTER_UP_LAMJSATSOL,alp/outer_up_lamjsatsol/data,Lambda Jsat sol,mm,"(196,)",1,196,float32,alp27937.nc
27938,ALP,ALP_OUTER_UP_LAMJSATSOL,alp/outer_up_lamjsatsol/data,Lambda Jsat sol,mm,"(196,)",1,196,float32,alp27938.nc
27929,ALP,ALP_OUTER_UP_POWER,alp/outer_up_power/data,,,"(1, 196, 48)",3,9408,float32,alp27929.nc
27930,ALP,ALP_OUTER_UP_POWER,alp/outer_up_power/data,,,"(1, 196, 48)",3,9408,float32,alp27930 (2).nc
27931,ALP,ALP_OUTER_UP_POWER,alp/outer_up_power/data,,,"(1, 196, 48)",3,9408,float32,alp27931 (1).nc
27932,ALP,ALP_OUTER_UP_POWER,alp/outer_up_power/data,,,"(1, 196, 48)",3,9408,float32,alp27932.nc
27933,ALP,ALP_OUTER_UP_POWER,alp/outer_up_power/data,,,"(1, 196, 48)",3,9408,float32,alp27933.nc
27934,ALP,ALP_OUTER_UP_POWER,alp/outer_up_power/data,,,"(1, 196, 48)",3,9408,float32,alp27934.nc
27935,ALP,ALP_OUTER_UP_POWER,alp/outer_up_power/data,,,"(1, 196, 48)",3,9408,float32,alp27935.nc
27936,ALP,ALP_OUTER_UP_POWER,alp/outer_up_power/data,,,"(1, 196, 48)",3,9408,float32,alp27936.nc
27937,ALP,ALP_OUTER_UP_POWER,alp/outer_up_power/data,,,"(1, 196, 48)",3,9408,float32,alp27937.nc
27938,ALP,ALP_OUTER_UP_POWER,alp/outer_up_power/data,,,"(1, 196, 48)",3,9408,float32,alp27938.nc
27929,ALP,ALP_OUTER_UP_POWPEAKVAL,alp/outer_up_powpeakval/data,Peak power,kW/m**2,"(196,)",1,196,float32,alp27929.nc
27930,ALP,ALP_OUTER_UP_POWPEAKVAL,alp/outer_up_powpeakval/data,Peak power,kW/m**2,"(196,)",1,196,float32,alp27930 (2).nc
27931,ALP,ALP_OUTER_UP_POWPEAKVAL,alp/outer_up_powpeakval/data,Peak power,kW/m**2,"(196,)",1,196,float32,alp27931 (1).nc
27932,ALP,ALP_OUTER_UP_POWPEAKVAL,alp/outer_up_powpeakval/data,Peak power,kW/m**2,"(196,)",1,196,float32,alp27932.nc
27933,ALP,ALP_OUTER_UP_POWPEAKVAL,alp/outer_up_powpeakval/data,Peak power,kW/m**2,"(196,)",1,196,float32,alp27933.nc
27934,ALP,ALP_OUTER_UP_POWPEAKVAL,alp/outer_up_powpeakval/data,Peak power,kW/m**2,"(196,)",1,196,float32,alp27934.nc
27935,ALP,ALP_OUTER_UP_POWPEAKVAL,alp/outer_up_powpeakval/data,Peak power,kW/m**2,"(196,)",1,196,float32,alp27935.nc
27936,ALP,ALP_OUTER_UP_POWPEAKVAL,alp/outer_up_powpeakval/data,Peak power,kW/m**2,"(196,)",1,196,float32,alp27936.nc
27937,ALP,ALP_OUTER_UP_POWPEAKVAL,alp/outer_up_powpeakval/data,Peak power,kW/m**2,"(196,)",1,196,float32,alp27937.nc
27938,ALP,ALP_OUTER_UP_POWPEAKVAL,alp/outer_up_powpeakval/data,Peak power,kW/m**2,"(196,)",1,196,float32,alp27938.nc
27929,ALP,ALP_OUTER_UP_POWSUM,alp/outer_up_powsum/data,Power,kW,"(196,)",1,196,float32,alp27929.nc
27930,ALP,ALP_OUTER_UP_POWSUM,alp/outer_up_powsum/data,Power,kW,"(196,)",1,196,float32,alp27930 (2).nc
27931,ALP,ALP_OUTER_UP_POWSUM,alp/outer_up_powsum/data,Power,kW,"(196,)",1,196,float32,alp27931 (1).nc
27932,ALP,ALP_OUTER_UP_POWSUM,alp/outer_up_powsum/data,Power,kW,"(196,)",1,196,float32,alp27932.nc
27933,ALP,ALP_OUTER_UP_POWSUM,alp/outer_up_powsum/data,Power,kW,"(196,)",1,196,float32,alp27933.nc
27934,ALP,ALP_OUTER_UP_POWSUM,alp/outer_up_powsum/data,Power,kW,"(196,)",1,196,float32,alp27934.nc
27935,ALP,ALP_OUTER_UP_POWSUM,alp/outer_up_powsum/data,Power,kW,"(196,)",1,196,float32,alp27935.nc
27936,ALP,ALP_OUTER_UP_POWSUM,alp/outer_up_powsum/data,Power,kW,"(196,)",1,196,float32,alp27936.nc
27937,ALP,ALP_OUTER_UP_POWSUM,alp/outer_up_powsum/data,Power,kW,"(196,)",1,196,float32,alp27937.nc
27938,ALP,ALP_OUTER_UP_POWSUM,alp/outer_up_powsum/data,Power,kW,"(196,)",1,196,float32,alp27938.nc
27929,ALP,ALP_OUTER_UP_POWTOT,alp/outer_up_powtot/data,Power,kW,"(196,)",1,196,float32,alp27929.nc
27930,ALP,ALP_OUTER_UP_POWTOT,alp/outer_up_powtot/data,Power,kW,"(196,)",1,196,float32,alp27930 (2).nc
27931,ALP,ALP_OUTER_UP_POWTOT,alp/outer_up_powtot/data,Power,kW,"(196,)",1,196,float32,alp27931 (1).nc
27932,ALP,ALP_OUTER_UP_POWTOT,alp/outer_up_powtot/data,Power,kW,"(196,)",1,196,float32,alp27932.nc
27933,ALP,ALP_OUTER_UP_POWTOT,alp/outer_up_powtot/data,Power,kW,"(196,)",1,196,float32,alp27933.nc
27934,ALP,ALP_OUTER_UP_POWTOT,alp/outer_up_powtot/data,Power,kW,"(196,)",1,196,float32,alp27934.nc
27935,ALP,ALP_OUTER_UP_POWTOT,alp/outer_up_powtot/data,Power,kW,"(196,)",1,196,float32,alp27935.nc
27936,ALP,ALP_OUTER_UP_POWTOT,alp/outer_up_powtot/data,Power,kW,"(196,)",1,196,float32,alp27936.nc
27937,ALP,ALP_OUTER_UP_POWTOT,alp/outer_up_powtot/data,Power,kW,"(196,)",1,196,float32,alp27937.nc
27938,ALP,ALP_OUTER_UP_POWTOT,alp/outer_up_powtot/data,Power,kW,"(196,)",1,196,float32,alp27938.nc
27929,ALP,ALP_OUTER_UP_R,alp/outer_up_r/data,,,"(1, 48)",2,48,float32,alp27929.nc
27930,ALP,ALP_OUTER_UP_R,alp/outer_up_r/data,,,"(1, 48)",2,48,float32,alp27930 (2).nc
27931,ALP,ALP_OUTER_UP_R,alp/outer_up_r/data,,,"(1, 48)",2,48,float32,alp27931 (1).nc
27932,ALP,ALP_OUTER_UP_R,alp/outer_up_r/data,,,"(1, 48)",2,48,float32,alp27932.nc
27933,ALP,ALP_OUTER_UP_R,alp/outer_up_r/data,,,"(1, 48)",2,48,float32,alp27933.nc
27934,ALP,ALP_OUTER_UP_R,alp/outer_up_r/data,,,"(1, 48)",2,48,float32,alp27934.nc
27935,ALP,ALP_OUTER_UP_R,alp/outer_up_r/data,,,"(1, 48)",2,48,float32,alp27935.nc
27936,ALP,ALP_OUTER_UP_R,alp/outer_up_r/data,,,"(1, 48)",2,48,float32,alp27936.nc
27937,ALP,ALP_OUTER_UP_R,alp/outer_up_r/data,,,"(1, 48)",2,48,float32,alp27937.nc
27938,ALP,ALP_OUTER_UP_R,alp/outer_up_r/data,,,"(1, 48)",2,48,float32,alp27938.nc
27929,ALP,ALP_OUTER_UP_TE,alp/outer_up_te/data,,,"(1, 196, 48)",3,9408,float32,alp27929.nc
27930,ALP,ALP_OUTER_UP_TE,alp/outer_up_te/data,,,"(1, 196, 48)",3,9408,float32,alp27930 (2).nc
27931,ALP,ALP_OUTER_UP_TE,alp/outer_up_te/data,,,"(1, 196, 48)",3,9408,float32,alp27931 (1).nc
27932,ALP,ALP_OUTER_UP_TE,alp/outer_up_te/data,,,"(1, 196, 48)",3,9408,float32,alp27932.nc
27933,ALP,ALP_OUTER_UP_TE,alp/outer_up_te/data,,,"(1, 196, 48)",3,9408,float32,alp27933.nc
27934,ALP,ALP_OUTER_UP_TE,alp/outer_up_te/data,,,"(1, 196, 48)",3,9408,float32,alp27934.nc
27935,ALP,ALP_OUTER_UP_TE,alp/outer_up_te/data,,,"(1, 196, 48)",3,9408,float32,alp27935.nc
27936,ALP,ALP_OUTER_UP_TE,alp/outer_up_te/data,,,"(1, 196, 48)",3,9408,float32,alp27936.nc
27937,ALP,ALP_OUTER_UP_TE,alp/outer_up_te/data,,,"(1, 196, 48)",3,9408,float32,alp27937.nc
27938,ALP,ALP_OUTER_UP_TE,alp/outer_up_te/data,,,"(1, 196, 48)",3,9408,float32,alp27938.nc
27929,ALP,ALP_OUTER_UP_TIME,alp/outer_up_time/data,,,"(1, 196)",2,196,float32,alp27929.nc
27930,ALP,ALP_OUTER_UP_TIME,alp/outer_up_time/data,,,"(1, 196)",2,196,float32,alp27930 (2).nc
27931,ALP,ALP_OUTER_UP_TIME,alp/outer_up_time/data,,,"(1, 196)",2,196,float32,alp27931 (1).nc
27932,ALP,ALP_OUTER_UP_TIME,alp/outer_up_time/data,,,"(1, 196)",2,196,float32,alp27932.nc
27933,ALP,ALP_OUTER_UP_TIME,alp/outer_up_time/data,,,"(1, 196)",2,196,float32,alp27933.nc
27934,ALP,ALP_OUTER_UP_TIME,alp/outer_up_time/data,,,"(1, 196)",2,196,float32,alp27934.nc
27935,ALP,ALP_OUTER_UP_TIME,alp/outer_up_time/data,,,"(1, 196)",2,196,float32,alp27935.nc
27936,ALP,ALP_OUTER_UP_TIME,alp/outer_up_time/data,,,"(1, 196)",2,196,float32,alp27936.nc
27937,ALP,ALP_OUTER_UP_TIME,alp/outer_up_time/data,,,"(1, 196)",2,196,float32,alp27937.nc
27938,ALP,ALP_OUTER_UP_TIME,alp/outer_up_time/data,,,"(1, 196)",2,196,float32,alp27938.nc
27929,ALP,ALP_OUTER_UP_TIMEMID,alp/outer_up_timemid/data,,,"(1, 196, 48)",3,9408,float32,alp27929.nc
27930,ALP,ALP_OUTER_UP_TIMEMID,alp/outer_up_timemid/data,,,"(1, 196, 48)",3,9408,float32,alp27930 (2).nc
27931,ALP,ALP_OUTER_UP_TIMEMID,alp/outer_up_timemid/data,,,"(1, 196, 48)",3,9408,float32,alp27931 (1).nc
27932,ALP,ALP_OUTER_UP_TIMEMID,alp/outer_up_timemid/data,,,"(1, 196, 48)",3,9408,float32,alp27932.nc
27933,ALP,ALP_OUTER_UP_TIMEMID,alp/outer_up_timemid/data,,,"(1, 196, 48)",3,9408,float32,alp27933.nc
27934,ALP,ALP_OUTER_UP_TIMEMID,alp/outer_up_timemid/data,,,"(1, 196, 48)",3,9408,float32,alp27934.nc
27935,ALP,ALP_OUTER_UP_TIMEMID,alp/outer_up_timemid/data,,,"(1, 196, 48)",3,9408,float32,alp27935.nc
27936,ALP,ALP_OUTER_UP_TIMEMID,alp/outer_up_timemid/data,,,"(1, 196, 48)",3,9408,float32,alp27936.nc
27937,ALP,ALP_OUTER_UP_TIMEMID,alp/outer_up_timemid/data,,,"(1, 196, 48)",3,9408,float32,alp27937.nc
27938,ALP,ALP_OUTER_UP_TIMEMID,alp/outer_up_timemid/data,,,"(1, 196, 48)",3,9408,float32,alp27938.nc
27929,ALP,ALP_OUTER_UP_VFLOAT,alp/outer_up_vfloat/data,,,"(1, 196, 48)",3,9408,float32,alp27929.nc
27930,ALP,ALP_OUTER_UP_VFLOAT,alp/outer_up_vfloat/data,,,"(1, 196, 48)",3,9408,float32,alp27930 (2).nc
27931,ALP,ALP_OUTER_UP_VFLOAT,alp/outer_up_vfloat/data,,,"(1, 196, 48)",3,9408,float32,alp27931 (1).nc
27932,ALP,ALP_OUTER_UP_VFLOAT,alp/outer_up_vfloat/data,,,"(1, 196, 48)",3,9408,float32,alp27932.nc
27933,ALP,ALP_OUTER_UP_VFLOAT,alp/outer_up_vfloat/data,,,"(1, 196, 48)",3,9408,float32,alp27933.nc
27934,ALP,ALP_OUTER_UP_VFLOAT,alp/outer_up_vfloat/data,,,"(1, 196, 48)",3,9408,float32,alp27934.nc
27935,ALP,ALP_OUTER_UP_VFLOAT,alp/outer_up_vfloat/data,,,"(1, 196, 48)",3,9408,float32,alp27935.nc
27936,ALP,ALP_OUTER_UP_VFLOAT,alp/outer_up_vfloat/data,,,"(1, 196, 48)",3,9408,float32,alp27936.nc
27937,ALP,ALP_OUTER_UP_VFLOAT,alp/outer_up_vfloat/data,,,"(1, 196, 48)",3,9408,float32,alp27937.nc
27938,ALP,ALP_OUTER_UP_VFLOAT,alp/outer_up_vfloat/data,,,"(1, 196, 48)",3,9408,float32,alp27938.nc
27929,ALP,ALP_OUTER_UP_Z,alp/outer_up_z/data,,,"(1, 48)",2,48,float32,alp27929.nc
27930,ALP,ALP_OUTER_UP_Z,alp/outer_up_z/data,,,"(1, 48)",2,48,float32,alp27930 (2).nc
27931,ALP,ALP_OUTER_UP_Z,alp/outer_up_z/data,,,"(1, 48)",2,48,float32,alp27931 (1).nc
27932,ALP,ALP_OUTER_UP_Z,alp/outer_up_z/data,,,"(1, 48)",2,48,float32,alp27932.nc
27933,ALP,ALP_OUTER_UP_Z,alp/outer_up_z/data,,,"(1, 48)",2,48,float32,alp27933.nc
27934,ALP,ALP_OUTER_UP_Z,alp/outer_up_z/data,,,"(1, 48)",2,48,float32,alp27934.nc
27935,ALP,ALP_OUTER_UP_Z,alp/outer_up_z/data,,,"(1, 48)",2,48,float32,alp27935.nc
27936,ALP,ALP_OUTER_UP_Z,alp/outer_up_z/data,,,"(1, 48)",2,48,float32,alp27936.nc
27937,ALP,ALP_OUTER_UP_Z,alp/outer_up_z/data,,,"(1, 48)",2,48,float32,alp27937.nc
27938,ALP,ALP_OUTER_UP_Z,alp/outer_up_z/data,,,"(1, 48)",2,48,float32,alp27938.nc
27929,ALP,ALP_PASSNUMBER,alp/passnumber/data,,,"(1, 1)",2,1,float32,alp27929.nc
27930,ALP,ALP_PASSNUMBER,alp/passnumber/data,,,"(1, 1)",2,1,float32,alp27930 (2).nc
27931,ALP,ALP_PASSNUMBER,alp/passnumber/data,,,"(1, 1)",2,1,float32,alp27931 (1).nc
27932,ALP,ALP_PASSNUMBER,alp/passnumber/data,,,"(1, 1)",2,1,float32,alp27932.nc
27933,ALP,ALP_PASSNUMBER,alp/passnumber/data,,,"(1, 1)",2,1,float32,alp27933.nc
27934,ALP,ALP_PASSNUMBER,alp/passnumber/data,,,"(1, 1)",2,1,float32,alp27934.nc
27935,ALP,ALP_PASSNUMBER,alp/passnumber/data,,,"(1, 1)",2,1,float32,alp27935.nc
27936,ALP,ALP_PASSNUMBER,alp/passnumber/data,,,"(1, 1)",2,1,float32,alp27936.nc
27937,ALP,ALP_PASSNUMBER,alp/passnumber/data,,,"(1, 1)",2,1,float32,alp27937.nc
27938,ALP,ALP_PASSNUMBER,alp/passnumber/data,,,"(1, 1)",2,1,float32,alp27938.nc
27929,ALP,ALP_STATUS,alp/status/data,,,"(1, 1)",2,1,float32,alp27929.nc
27930,ALP,ALP_STATUS,alp/status/data,,,"(1, 1)",2,1,float32,alp27930 (2).nc
27931,ALP,ALP_STATUS,alp/status/data,,,"(1, 1)",2,1,float32,alp27931 (1).nc
27932,ALP,ALP_STATUS,alp/status/data,,,"(1, 1)",2,1,float32,alp27932.nc
27933,ALP,ALP_STATUS,alp/status/data,,,"(1, 1)",2,1,float32,alp27933.nc
27934,ALP,ALP_STATUS,alp/status/data,,,"(1, 1)",2,1,float32,alp27934.nc
27935,ALP,ALP_STATUS,alp/status/data,,,"(1, 1)",2,1,float32,alp27935.nc
27936,ALP,ALP_STATUS,alp/status/data,,,"(1, 1)",2,1,float32,alp27936.nc
27937,ALP,ALP_STATUS,alp/status/data,,,"(1, 1)",2,1,float32,alp27937.nc
27938,ALP,ALP_STATUS,alp/status/data,,,"(1, 1)",2,1,float32,alp27938.nc
27929,AMA,AMA_N=2 AMPLITUDE,ama/n_2_amplitude/data,n=2 amplitude,Tesla,"(650000,)",1,650000,float32,ama27929.nc
27930,AMA,AMA_N=2 AMPLITUDE,ama/n_2_amplitude/data,n=2 amplitude,Tesla,"(650000,)",1,650000,float32,ama27930 (2).nc
27931,AMA,AMA_N=2 AMPLITUDE,ama/n_2_amplitude/data,n=2 amplitude,Tesla,"(650000,)",1,650000,float32,ama27931.nc
27932,AMA,AMA_N=2 AMPLITUDE,ama/n_2_amplitude/data,n=2 amplitude,Tesla,"(650000,)",1,650000,float32,ama27932.nc
27933,AMA,AMA_N=2 AMPLITUDE,ama/n_2_amplitude/data,n=2 amplitude,Tesla,"(650000,)",1,650000,float32,ama27933.nc
27934,AMA,AMA_N=2 AMPLITUDE,ama/n_2_amplitude/data,n=2 amplitude,Tesla,"(650000,)",1,650000,float32,ama27934.nc
27935,AMA,AMA_N=2 AMPLITUDE,ama/n_2_amplitude/data,n=2 amplitude,Tesla,"(650000,)",1,650000,float32,ama27935.nc
27936,AMA,AMA_N=2 AMPLITUDE,ama/n_2_amplitude/data,n=2 amplitude,Tesla,"(650000,)",1,650000,float32,ama27936.nc
27937,AMA,AMA_N=2 AMPLITUDE,ama/n_2_amplitude/data,n=2 amplitude,Tesla,"(650000,)",1,650000,float32,ama27937.nc
27938,AMA,AMA_N=2 AMPLITUDE,ama/n_2_amplitude/data,n=2 amplitude,Tesla,"(650000,)",1,650000,float32,ama27938.nc
27929,AMA,AMA_N=2 FREQUENCY,ama/n_2_frequency/data,n=2 frequency,Hz,"(650000,)",1,650000,float32,ama27929.nc
27930,AMA,AMA_N=2 FREQUENCY,ama/n_2_frequency/data,n=2 frequency,Hz,"(650000,)",1,650000,float32,ama27930 (2).nc
27931,AMA,AMA_N=2 FREQUENCY,ama/n_2_frequency/data,n=2 frequency,Hz,"(650000,)",1,650000,float32,ama27931.nc
27932,AMA,AMA_N=2 FREQUENCY,ama/n_2_frequency/data,n=2 frequency,Hz,"(650000,)",1,650000,float32,ama27932.nc
27933,AMA,AMA_N=2 FREQUENCY,ama/n_2_frequency/data,n=2 frequency,Hz,"(650000,)",1,650000,float32,ama27933.nc
27934,AMA,AMA_N=2 FREQUENCY,ama/n_2_frequency/data,n=2 frequency,Hz,"(650000,)",1,650000,float32,ama27934.nc
27935,AMA,AMA_N=2 FREQUENCY,ama/n_2_frequency/data,n=2 frequency,Hz,"(650000,)",1,650000,float32,ama27935.nc
27936,AMA,AMA_N=2 FREQUENCY,ama/n_2_frequency/data,n=2 frequency,Hz,"(650000,)",1,650000,float32,ama27936.nc
27937,AMA,AMA_N=2 FREQUENCY,ama/n_2_frequency/data,n=2 frequency,Hz,"(650000,)",1,650000,float32,ama27937.nc
27938,AMA,AMA_N=2 FREQUENCY,ama/n_2_frequency/data,n=2 frequency,Hz,"(650000,)",1,650000,float32,ama27938.nc
27929,AMA,AMA_N=2 SIGNAL,ama/n_2_signal/data,n=2 signal,Tesla,"(650000,)",1,650000,float32,ama27929.nc
27930,AMA,AMA_N=2 SIGNAL,ama/n_2_signal/data,n=2 signal,Tesla,"(650000,)",1,650000,float32,ama27930 (2).nc
27931,AMA,AMA_N=2 SIGNAL,ama/n_2_signal/data,n=2 signal,Tesla,"(650000,)",1,650000,float32,ama27931.nc
27932,AMA,AMA_N=2 SIGNAL,ama/n_2_signal/data,n=2 signal,Tesla,"(650000,)",1,650000,float32,ama27932.nc
27933,AMA,AMA_N=2 SIGNAL,ama/n_2_signal/data,n=2 signal,Tesla,"(650000,)",1,650000,float32,ama27933.nc
27934,AMA,AMA_N=2 SIGNAL,ama/n_2_signal/data,n=2 signal,Tesla,"(650000,)",1,650000,float32,ama27934.nc
27935,AMA,AMA_N=2 SIGNAL,ama/n_2_signal/data,n=2 signal,Tesla,"(650000,)",1,650000,float32,ama27935.nc
27936,AMA,AMA_N=2 SIGNAL,ama/n_2_signal/data,n=2 signal,Tesla,"(650000,)",1,650000,float32,ama27936.nc
27937,AMA,AMA_N=2 SIGNAL,ama/n_2_signal/data,n=2 signal,Tesla,"(650000,)",1,650000,float32,ama27937.nc
27938,AMA,AMA_N=2 SIGNAL,ama/n_2_signal/data,n=2 signal,Tesla,"(650000,)",1,650000,float32,ama27938.nc
27929,AMA,AMA_N=ODD AMPLITUDE,ama/n_odd_amplitude/data,n=odd amplitude,Tesla,"(650000,)",1,650000,float32,ama27929.nc
27930,AMA,AMA_N=ODD AMPLITUDE,ama/n_odd_amplitude/data,n=odd amplitude,Tesla,"(650000,)",1,650000,float32,ama27930 (2).nc
27931,AMA,AMA_N=ODD AMPLITUDE,ama/n_odd_amplitude/data,n=odd amplitude,Tesla,"(650000,)",1,650000,float32,ama27931.nc
27932,AMA,AMA_N=ODD AMPLITUDE,ama/n_odd_amplitude/data,n=odd amplitude,Tesla,"(650000,)",1,650000,float32,ama27932.nc
27933,AMA,AMA_N=ODD AMPLITUDE,ama/n_odd_amplitude/data,n=odd amplitude,Tesla,"(650000,)",1,650000,float32,ama27933.nc
27934,AMA,AMA_N=ODD AMPLITUDE,ama/n_odd_amplitude/data,n=odd amplitude,Tesla,"(650000,)",1,650000,float32,ama27934.nc
27935,AMA,AMA_N=ODD AMPLITUDE,ama/n_odd_amplitude/data,n=odd amplitude,Tesla,"(650000,)",1,650000,float32,ama27935.nc
27936,AMA,AMA_N=ODD AMPLITUDE,ama/n_odd_amplitude/data,n=odd amplitude,Tesla,"(650000,)",1,650000,float32,ama27936.nc
27937,AMA,AMA_N=ODD AMPLITUDE,ama/n_odd_amplitude/data,n=odd amplitude,Tesla,"(650000,)",1,650000,float32,ama27937.nc
27938,AMA,AMA_N=ODD AMPLITUDE,ama/n_odd_amplitude/data,n=odd amplitude,Tesla,"(650000,)",1,650000,float32,ama27938.nc
27929,AMA,AMA_N=ODD FREQUENCY,ama/n_odd_frequency/data,n=odd frequency,Hz,"(650000,)",1,650000,float32,ama27929.nc
27930,AMA,AMA_N=ODD FREQUENCY,ama/n_odd_frequency/data,n=odd frequency,Hz,"(650000,)",1,650000,float32,ama27930 (2).nc
27931,AMA,AMA_N=ODD FREQUENCY,ama/n_odd_frequency/data,n=odd frequency,Hz,"(650000,)",1,650000,float32,ama27931.nc
27932,AMA,AMA_N=ODD FREQUENCY,ama/n_odd_frequency/data,n=odd frequency,Hz,"(650000,)",1,650000,float32,ama27932.nc
27933,AMA,AMA_N=ODD FREQUENCY,ama/n_odd_frequency/data,n=odd frequency,Hz,"(650000,)",1,650000,float32,ama27933.nc
27934,AMA,AMA_N=ODD FREQUENCY,ama/n_odd_frequency/data,n=odd frequency,Hz,"(650000,)",1,650000,float32,ama27934.nc
27935,AMA,AMA_N=ODD FREQUENCY,ama/n_odd_frequency/data,n=odd frequency,Hz,"(650000,)",1,650000,float32,ama27935.nc
27936,AMA,AMA_N=ODD FREQUENCY,ama/n_odd_frequency/data,n=odd frequency,Hz,"(650000,)",1,650000,float32,ama27936.nc
27937,AMA,AMA_N=ODD FREQUENCY,ama/n_odd_frequency/data,n=odd frequency,Hz,"(650000,)",1,650000,float32,ama27937.nc
27938,AMA,AMA_N=ODD FREQUENCY,ama/n_odd_frequency/data,n=odd frequency,Hz,"(650000,)",1,650000,float32,ama27938.nc
27929,AMA,AMA_N=ODD SIGNAL,ama/n_odd_signal/data,n=odd signal,Tesla,"(650000,)",1,650000,float32,ama27929.nc
27930,AMA,AMA_N=ODD SIGNAL,ama/n_odd_signal/data,n=odd signal,Tesla,"(650000,)",1,650000,float32,ama27930 (2).nc
27931,AMA,AMA_N=ODD SIGNAL,ama/n_odd_signal/data,n=odd signal,Tesla,"(650000,)",1,650000,float32,ama27931.nc
27932,AMA,AMA_N=ODD SIGNAL,ama/n_odd_signal/data,n=odd signal,Tesla,"(650000,)",1,650000,float32,ama27932.nc
27933,AMA,AMA_N=ODD SIGNAL,ama/n_odd_signal/data,n=odd signal,Tesla,"(650000,)",1,650000,float32,ama27933.nc
27934,AMA,AMA_N=ODD SIGNAL,ama/n_odd_signal/data,n=odd signal,Tesla,"(650000,)",1,650000,float32,ama27934.nc
27935,AMA,AMA_N=ODD SIGNAL,ama/n_odd_signal/data,n=odd signal,Tesla,"(650000,)",1,650000,float32,ama27935.nc
27936,AMA,AMA_N=ODD SIGNAL,ama/n_odd_signal/data,n=odd signal,Tesla,"(650000,)",1,650000,float32,ama27936.nc
27937,AMA,AMA_N=ODD SIGNAL,ama/n_odd_signal/data,n=odd signal,Tesla,"(650000,)",1,650000,float32,ama27937.nc
27938,AMA,AMA_N=ODD SIGNAL,ama/n_odd_signal/data,n=odd signal,Tesla,"(650000,)",1,650000,float32,ama27938.nc
27929,AMA,AMA_PASSNUMBER,ama/passnumber/data,,,"(1,)",1,1,float32,ama27929.nc
27930,AMA,AMA_PASSNUMBER,ama/passnumber/data,,,"(1,)",1,1,float32,ama27930 (2).nc
27931,AMA,AMA_PASSNUMBER,ama/passnumber/data,,,"(1,)",1,1,float32,ama27931.nc
27932,AMA,AMA_PASSNUMBER,ama/passnumber/data,,,"(1,)",1,1,float32,ama27932.nc
27933,AMA,AMA_PASSNUMBER,ama/passnumber/data,,,"(1,)",1,1,float32,ama27933.nc
27934,AMA,AMA_PASSNUMBER,ama/passnumber/data,,,"(1,)",1,1,float32,ama27934.nc
27935,AMA,AMA_PASSNUMBER,ama/passnumber/data,,,"(1,)",1,1,float32,ama27935.nc
27936,AMA,AMA_PASSNUMBER,ama/passnumber/data,,,"(1,)",1,1,float32,ama27936.nc
27937,AMA,AMA_PASSNUMBER,ama/passnumber/data,,,"(1,)",1,1,float32,ama27937.nc
27938,AMA,AMA_PASSNUMBER,ama/passnumber/data,,,"(1,)",1,1,float32,ama27938.nc
27929,AMA,AMA_STATUS,ama/status/data,,,"(1,)",1,1,float32,ama27929.nc
27930,AMA,AMA_STATUS,ama/status/data,,,"(1,)",1,1,float32,ama27930 (2).nc
27931,AMA,AMA_STATUS,ama/status/data,,,"(1,)",1,1,float32,ama27931.nc
27932,AMA,AMA_STATUS,ama/status/data,,,"(1,)",1,1,float32,ama27932.nc
27933,AMA,AMA_STATUS,ama/status/data,,,"(1,)",1,1,float32,ama27933.nc
27934,AMA,AMA_STATUS,ama/status/data,,,"(1,)",1,1,float32,ama27934.nc
27935,AMA,AMA_STATUS,ama/status/data,,,"(1,)",1,1,float32,ama27935.nc
27936,AMA,AMA_STATUS,ama/status/data,,,"(1,)",1,1,float32,ama27936.nc
27937,AMA,AMA_STATUS,ama/status/data,,,"(1,)",1,1,float32,ama27937.nc
27938,AMA,AMA_STATUS,ama/status/data,,,"(1,)",1,1,float32,ama27938.nc
27929,AMA,VERSION,ama/version/data,,,"(1,)",1,1,float32,ama27929.nc
27930,AMA,VERSION,ama/version/data,,,"(1,)",1,1,float32,ama27930 (2).nc
27931,AMA,VERSION,ama/version/data,,,"(1,)",1,1,float32,ama27931.nc
27932,AMA,VERSION,ama/version/data,,,"(1,)",1,1,float32,ama27932.nc
27933,AMA,VERSION,ama/version/data,,,"(1,)",1,1,float32,ama27933.nc
27934,AMA,VERSION,ama/version/data,,,"(1,)",1,1,float32,ama27934.nc
27935,AMA,VERSION,ama/version/data,,,"(1,)",1,1,float32,ama27935.nc
27936,AMA,VERSION,ama/version/data,,,"(1,)",1,1,float32,ama27936.nc
27937,AMA,VERSION,ama/version/data,,,"(1,)",1,1,float32,ama27937.nc
27938,AMA,VERSION,ama/version/data,,,"(1,)",1,1,float32,ama27938.nc
27929,AMB,AMB_CCBV01,amb/ccbv01/data,CCBV01,Tesla,"(23000,)",1,23000,float32,amb27929.nc
27930,AMB,AMB_CCBV01,amb/ccbv01/data,CCBV01,Tesla,"(23000,)",1,23000,float32,amb27930 (2).nc
27931,AMB,AMB_CCBV01,amb/ccbv01/data,CCBV01,Tesla,"(23000,)",1,23000,float32,amb27931.nc
27932,AMB,AMB_CCBV01,amb/ccbv01/data,CCBV01,Tesla,"(23000,)",1,23000,float32,amb27932.nc
27933,AMB,AMB_CCBV01,amb/ccbv01/data,CCBV01,Tesla,"(23000,)",1,23000,float32,amb27933.nc
27934,AMB,AMB_CCBV01,amb/ccbv01/data,CCBV01,Tesla,"(23000,)",1,23000,float32,amb27934.nc
27935,AMB,AMB_CCBV01,amb/ccbv01/data,CCBV01,Tesla,"(23000,)",1,23000,float32,amb27935.nc
27936,AMB,AMB_CCBV01,amb/ccbv01/data,CCBV01,Tesla,"(23000,)",1,23000,float32,amb27936.nc
27937,AMB,AMB_CCBV01,amb/ccbv01/data,CCBV01,Tesla,"(23000,)",1,23000,float32,amb27937.nc
27938,AMB,AMB_CCBV01,amb/ccbv01/data,CCBV01,Tesla,"(23000,)",1,23000,float32,amb27938.nc
27929,AMB,AMB_CCBV02,amb/ccbv02/data,CCBV02,Tesla,"(23000,)",1,23000,float32,amb27929.nc
27930,AMB,AMB_CCBV02,amb/ccbv02/data,CCBV02,Tesla,"(23000,)",1,23000,float32,amb27930 (2).nc
27931,AMB,AMB_CCBV02,amb/ccbv02/data,CCBV02,Tesla,"(23000,)",1,23000,float32,amb27931.nc
27932,AMB,AMB_CCBV02,amb/ccbv02/data,CCBV02,Tesla,"(23000,)",1,23000,float32,amb27932.nc
27933,AMB,AMB_CCBV02,amb/ccbv02/data,CCBV02,Tesla,"(23000,)",1,23000,float32,amb27933.nc
27934,AMB,AMB_CCBV02,amb/ccbv02/data,CCBV02,Tesla,"(23000,)",1,23000,float32,amb27934.nc
27935,AMB,AMB_CCBV02,amb/ccbv02/data,CCBV02,Tesla,"(23000,)",1,23000,float32,amb27935.nc
27936,AMB,AMB_CCBV02,amb/ccbv02/data,CCBV02,Tesla,"(23000,)",1,23000,float32,amb27936.nc
27937,AMB,AMB_CCBV02,amb/ccbv02/data,CCBV02,Tesla,"(23000,)",1,23000,float32,amb27937.nc
27938,AMB,AMB_CCBV02,amb/ccbv02/data,CCBV02,Tesla,"(23000,)",1,23000,float32,amb27938.nc
27929,AMB,AMB_CCBV03,amb/ccbv03/data,CCBV03,Tesla,"(23000,)",1,23000,float32,amb27929.nc
27930,AMB,AMB_CCBV03,amb/ccbv03/data,CCBV03,Tesla,"(23000,)",1,23000,float32,amb27930 (2).nc
27931,AMB,AMB_CCBV03,amb/ccbv03/data,CCBV03,Tesla,"(23000,)",1,23000,float32,amb27931.nc
27932,AMB,AMB_CCBV03,amb/ccbv03/data,CCBV03,Tesla,"(23000,)",1,23000,float32,amb27932.nc
27933,AMB,AMB_CCBV03,amb/ccbv03/data,CCBV03,Tesla,"(23000,)",1,23000,float32,amb27933.nc
27934,AMB,AMB_CCBV03,amb/ccbv03/data,CCBV03,Tesla,"(23000,)",1,23000,float32,amb27934.nc
27935,AMB,AMB_CCBV03,amb/ccbv03/data,CCBV03,Tesla,"(23000,)",1,23000,float32,amb27935.nc
27936,AMB,AMB_CCBV03,amb/ccbv03/data,CCBV03,Tesla,"(23000,)",1,23000,float32,amb27936.nc
27937,AMB,AMB_CCBV03,amb/ccbv03/data,CCBV03,Tesla,"(23000,)",1,23000,float32,amb27937.nc
27938,AMB,AMB_CCBV03,amb/ccbv03/data,CCBV03,Tesla,"(23000,)",1,23000,float32,amb27938.nc
27929,AMB,AMB_CCBV04,amb/ccbv04/data,CCBV04,Tesla,"(23000,)",1,23000,float32,amb27929.nc
27930,AMB,AMB_CCBV04,amb/ccbv04/data,CCBV04,Tesla,"(23000,)",1,23000,float32,amb27930 (2).nc
27931,AMB,AMB_CCBV04,amb/ccbv04/data,CCBV04,Tesla,"(23000,)",1,23000,float32,amb27931.nc
27932,AMB,AMB_CCBV04,amb/ccbv04/data,CCBV04,Tesla,"(23000,)",1,23000,float32,amb27932.nc
27933,AMB,AMB_CCBV04,amb/ccbv04/data,CCBV04,Tesla,"(23000,)",1,23000,float32,amb27933.nc
27934,AMB,AMB_CCBV04,amb/ccbv04/data,CCBV04,Tesla,"(23000,)",1,23000,float32,amb27934.nc
27935,AMB,AMB_CCBV04,amb/ccbv04/data,CCBV04,Tesla,"(23000,)",1,23000,float32,amb27935.nc
27936,AMB,AMB_CCBV04,amb/ccbv04/data,CCBV04,Tesla,"(23000,)",1,23000,float32,amb27936.nc
27937,AMB,AMB_CCBV04,amb/ccbv04/data,CCBV04,Tesla,"(23000,)",1,23000,float32,amb27937.nc
27938,AMB,AMB_CCBV04,amb/ccbv04/data,CCBV04,Tesla,"(23000,)",1,23000,float32,amb27938.nc
27929,AMB,AMB_CCBV05,amb/ccbv05/data,CCBV05,Tesla,"(23000,)",1,23000,float32,amb27929.nc
27930,AMB,AMB_CCBV05,amb/ccbv05/data,CCBV05,Tesla,"(23000,)",1,23000,float32,amb27930 (2).nc
27931,AMB,AMB_CCBV05,amb/ccbv05/data,CCBV05,Tesla,"(23000,)",1,23000,float32,amb27931.nc
27932,AMB,AMB_CCBV05,amb/ccbv05/data,CCBV05,Tesla,"(23000,)",1,23000,float32,amb27932.nc
27933,AMB,AMB_CCBV05,amb/ccbv05/data,CCBV05,Tesla,"(23000,)",1,23000,float32,amb27933.nc
27934,AMB,AMB_CCBV05,amb/ccbv05/data,CCBV05,Tesla,"(23000,)",1,23000,float32,amb27934.nc
27935,AMB,AMB_CCBV05,amb/ccbv05/data,CCBV05,Tesla,"(23000,)",1,23000,float32,amb27935.nc
27936,AMB,AMB_CCBV05,amb/ccbv05/data,CCBV05,Tesla,"(23000,)",1,23000,float32,amb27936.nc
27937,AMB,AMB_CCBV05,amb/ccbv05/data,CCBV05,Tesla,"(23000,)",1,23000,float32,amb27937.nc
27938,AMB,AMB_CCBV05,amb/ccbv05/data,CCBV05,Tesla,"(23000,)",1,23000,float32,amb27938.nc
27929,AMB,AMB_CCBV07,amb/ccbv07/data,CCBV07,Tesla,"(23000,)",1,23000,float32,amb27929.nc
27930,AMB,AMB_CCBV07,amb/ccbv07/data,CCBV07,Tesla,"(23000,)",1,23000,float32,amb27930 (2).nc
27931,AMB,AMB_CCBV07,amb/ccbv07/data,CCBV07,Tesla,"(23000,)",1,23000,float32,amb27931.nc
27932,AMB,AMB_CCBV07,amb/ccbv07/data,CCBV07,Tesla,"(23000,)",1,23000,float32,amb27932.nc
27933,AMB,AMB_CCBV07,amb/ccbv07/data,CCBV07,Tesla,"(23000,)",1,23000,float32,amb27933.nc
27934,AMB,AMB_CCBV07,amb/ccbv07/data,CCBV07,Tesla,"(23000,)",1,23000,float32,amb27934.nc
27935,AMB,AMB_CCBV07,amb/ccbv07/data,CCBV07,Tesla,"(23000,)",1,23000,float32,amb27935.nc
27936,AMB,AMB_CCBV07,amb/ccbv07/data,CCBV07,Tesla,"(23000,)",1,23000,float32,amb27936.nc
27937,AMB,AMB_CCBV07,amb/ccbv07/data,CCBV07,Tesla,"(23000,)",1,23000,float32,amb27937.nc
27938,AMB,AMB_CCBV07,amb/ccbv07/data,CCBV07,Tesla,"(23000,)",1,23000,float32,amb27938.nc
27929,AMB,AMB_CCBV08,amb/ccbv08/data,CCBV08,Tesla,"(23000,)",1,23000,float32,amb27929.nc
27930,AMB,AMB_CCBV08,amb/ccbv08/data,CCBV08,Tesla,"(23000,)",1,23000,float32,amb27930 (2).nc
27931,AMB,AMB_CCBV08,amb/ccbv08/data,CCBV08,Tesla,"(23000,)",1,23000,float32,amb27931.nc
27932,AMB,AMB_CCBV08,amb/ccbv08/data,CCBV08,Tesla,"(23000,)",1,23000,float32,amb27932.nc
27933,AMB,AMB_CCBV08,amb/ccbv08/data,CCBV08,Tesla,"(23000,)",1,23000,float32,amb27933.nc
27934,AMB,AMB_CCBV08,amb/ccbv08/data,CCBV08,Tesla,"(23000,)",1,23000,float32,amb27934.nc
27935,AMB,AMB_CCBV08,amb/ccbv08/data,CCBV08,Tesla,"(23000,)",1,23000,float32,amb27935.nc
27936,AMB,AMB_CCBV08,amb/ccbv08/data,CCBV08,Tesla,"(23000,)",1,23000,float32,amb27936.nc
27937,AMB,AMB_CCBV08,amb/ccbv08/data,CCBV08,Tesla,"(23000,)",1,23000,float32,amb27937.nc
27938,AMB,AMB_CCBV08,amb/ccbv08/data,CCBV08,Tesla,"(23000,)",1,23000,float32,amb27938.nc
27929,AMB,AMB_CCBV09,amb/ccbv09/data,CCBV09,Tesla,"(23000,)",1,23000,float32,amb27929.nc
27930,AMB,AMB_CCBV09,amb/ccbv09/data,CCBV09,Tesla,"(23000,)",1,23000,float32,amb27930 (2).nc
27931,AMB,AMB_CCBV09,amb/ccbv09/data,CCBV09,Tesla,"(23000,)",1,23000,float32,amb27931.nc
27932,AMB,AMB_CCBV09,amb/ccbv09/data,CCBV09,Tesla,"(23000,)",1,23000,float32,amb27932.nc
27933,AMB,AMB_CCBV09,amb/ccbv09/data,CCBV09,Tesla,"(23000,)",1,23000,float32,amb27933.nc
27934,AMB,AMB_CCBV09,amb/ccbv09/data,CCBV09,Tesla,"(23000,)",1,23000,float32,amb27934.nc
27935,AMB,AMB_CCBV09,amb/ccbv09/data,CCBV09,Tesla,"(23000,)",1,23000,float32,amb27935.nc
27936,AMB,AMB_CCBV09,amb/ccbv09/data,CCBV09,Tesla,"(23000,)",1,23000,float32,amb27936.nc
27937,AMB,AMB_CCBV09,amb/ccbv09/data,CCBV09,Tesla,"(23000,)",1,23000,float32,amb27937.nc
27938,AMB,AMB_CCBV09,amb/ccbv09/data,CCBV09,Tesla,"(23000,)",1,23000,float32,amb27938.nc
27929,AMB,AMB_CCBV10,amb/ccbv10/data,CCBV10,Tesla,"(23000,)",1,23000,float32,amb27929.nc
27930,AMB,AMB_CCBV10,amb/ccbv10/data,CCBV10,Tesla,"(23000,)",1,23000,float32,amb27930 (2).nc
27931,AMB,AMB_CCBV10,amb/ccbv10/data,CCBV10,Tesla,"(23000,)",1,23000,float32,amb27931.nc
27932,AMB,AMB_CCBV10,amb/ccbv10/data,CCBV10,Tesla,"(23000,)",1,23000,float32,amb27932.nc
27933,AMB,AMB_CCBV10,amb/ccbv10/data,CCBV10,Tesla,"(23000,)",1,23000,float32,amb27933.nc
27934,AMB,AMB_CCBV10,amb/ccbv10/data,CCBV10,Tesla,"(23000,)",1,23000,float32,amb27934.nc
27935,AMB,AMB_CCBV10,amb/ccbv10/data,CCBV10,Tesla,"(23000,)",1,23000,float32,amb27935.nc
27936,AMB,AMB_CCBV10,amb/ccbv10/data,CCBV10,Tesla,"(23000,)",1,23000,float32,amb27936.nc
27937,AMB,AMB_CCBV10,amb/ccbv10/data,CCBV10,Tesla,"(23000,)",1,23000,float32,amb27937.nc
27938,AMB,AMB_CCBV10,amb/ccbv10/data,CCBV10,Tesla,"(23000,)",1,23000,float32,amb27938.nc
27929,AMB,AMB_CCBV11,amb/ccbv11/data,CCBV11,Tesla,"(23000,)",1,23000,float32,amb27929.nc
27930,AMB,AMB_CCBV11,amb/ccbv11/data,CCBV11,Tesla,"(23000,)",1,23000,float32,amb27930 (2).nc
27931,AMB,AMB_CCBV11,amb/ccbv11/data,CCBV11,Tesla,"(23000,)",1,23000,float32,amb27931.nc
27932,AMB,AMB_CCBV11,amb/ccbv11/data,CCBV11,Tesla,"(23000,)",1,23000,float32,amb27932.nc
27933,AMB,AMB_CCBV11,amb/ccbv11/data,CCBV11,Tesla,"(23000,)",1,23000,float32,amb27933.nc
27934,AMB,AMB_CCBV11,amb/ccbv11/data,CCBV11,Tesla,"(23000,)",1,23000,float32,amb27934.nc
27935,AMB,AMB_CCBV11,amb/ccbv11/data,CCBV11,Tesla,"(23000,)",1,23000,float32,amb27935.nc
27936,AMB,AMB_CCBV11,amb/ccbv11/data,CCBV11,Tesla,"(23000,)",1,23000,float32,amb27936.nc
27937,AMB,AMB_CCBV11,amb/ccbv11/data,CCBV11,Tesla,"(23000,)",1,23000,float32,amb27937.nc
27938,AMB,AMB_CCBV11,amb/ccbv11/data,CCBV11,Tesla,"(23000,)",1,23000,float32,amb27938.nc
27929,AMB,AMB_CCBV12,amb/ccbv12/data,CCBV12,Tesla,"(23000,)",1,23000,float32,amb27929.nc
27930,AMB,AMB_CCBV12,amb/ccbv12/data,CCBV12,Tesla,"(23000,)",1,23000,float32,amb27930 (2).nc
27931,AMB,AMB_CCBV12,amb/ccbv12/data,CCBV12,Tesla,"(23000,)",1,23000,float32,amb27931.nc
27932,AMB,AMB_CCBV12,amb/ccbv12/data,CCBV12,Tesla,"(23000,)",1,23000,float32,amb27932.nc
27933,AMB,AMB_CCBV12,amb/ccbv12/data,CCBV12,Tesla,"(23000,)",1,23000,float32,amb27933.nc
27934,AMB,AMB_CCBV12,amb/ccbv12/data,CCBV12,Tesla,"(23000,)",1,23000,float32,amb27934.nc
27935,AMB,AMB_CCBV12,amb/ccbv12/data,CCBV12,Tesla,"(23000,)",1,23000,float32,amb27935.nc
27936,AMB,AMB_CCBV12,amb/ccbv12/data,CCBV12,Tesla,"(23000,)",1,23000,float32,amb27936.nc
27937,AMB,AMB_CCBV12,amb/ccbv12/data,CCBV12,Tesla,"(23000,)",1,23000,float32,amb27937.nc
27938,AMB,AMB_CCBV12,amb/ccbv12/data,CCBV12,Tesla,"(23000,)",1,23000,float32,amb27938.nc
27929,AMB,AMB_CCBV13,amb/ccbv13/data,CCBV13,Tesla,"(23000,)",1,23000,float32,amb27929.nc
27930,AMB,AMB_CCBV13,amb/ccbv13/data,CCBV13,Tesla,"(23000,)",1,23000,float32,amb27930 (2).nc
27931,AMB,AMB_CCBV13,amb/ccbv13/data,CCBV13,Tesla,"(23000,)",1,23000,float32,amb27931.nc
27932,AMB,AMB_CCBV13,amb/ccbv13/data,CCBV13,Tesla,"(23000,)",1,23000,float32,amb27932.nc
27933,AMB,AMB_CCBV13,amb/ccbv13/data,CCBV13,Tesla,"(23000,)",1,23000,float32,amb27933.nc
27934,AMB,AMB_CCBV13,amb/ccbv13/data,CCBV13,Tesla,"(23000,)",1,23000,float32,amb27934.nc
27935,AMB,AMB_CCBV13,amb/ccbv13/data,CCBV13,Tesla,"(23000,)",1,23000,float32,amb27935.nc
27936,AMB,AMB_CCBV13,amb/ccbv13/data,CCBV13,Tesla,"(23000,)",1,23000,float32,amb27936.nc
27937,AMB,AMB_CCBV13,amb/ccbv13/data,CCBV13,Tesla,"(23000,)",1,23000,float32,amb27937.nc
27938,AMB,AMB_CCBV13,amb/ccbv13/data,CCBV13,Tesla,"(23000,)",1,23000,float32,amb27938.nc
27929,AMB,AMB_CCBV14,amb/ccbv14/data,CCBV14,Tesla,"(23000,)",1,23000,float32,amb27929.nc
27930,AMB,AMB_CCBV14,amb/ccbv14/data,CCBV14,Tesla,"(23000,)",1,23000,float32,amb27930 (2).nc
27931,AMB,AMB_CCBV14,amb/ccbv14/data,CCBV14,Tesla,"(23000,)",1,23000,float32,amb27931.nc
27932,AMB,AMB_CCBV14,amb/ccbv14/data,CCBV14,Tesla,"(23000,)",1,23000,float32,amb27932.nc
27933,AMB,AMB_CCBV14,amb/ccbv14/data,CCBV14,Tesla,"(23000,)",1,23000,float32,amb27933.nc
27934,AMB,AMB_CCBV14,amb/ccbv14/data,CCBV14,Tesla,"(23000,)",1,23000,float32,amb27934.nc
27935,AMB,AMB_CCBV14,amb/ccbv14/data,CCBV14,Tesla,"(23000,)",1,23000,float32,amb27935.nc
27936,AMB,AMB_CCBV14,amb/ccbv14/data,CCBV14,Tesla,"(23000,)",1,23000,float32,amb27936.nc
27937,AMB,AMB_CCBV14,amb/ccbv14/data,CCBV14,Tesla,"(23000,)",1,23000,float32,amb27937.nc
27938,AMB,AMB_CCBV14,amb/ccbv14/data,CCBV14,Tesla,"(23000,)",1,23000,float32,amb27938.nc
27929,AMB,AMB_CCBV15,amb/ccbv15/data,CCBV15,Tesla,"(23000,)",1,23000,float32,amb27929.nc
27930,AMB,AMB_CCBV15,amb/ccbv15/data,CCBV15,Tesla,"(23000,)",1,23000,float32,amb27930 (2).nc
27931,AMB,AMB_CCBV15,amb/ccbv15/data,CCBV15,Tesla,"(23000,)",1,23000,float32,amb27931.nc
27932,AMB,AMB_CCBV15,amb/ccbv15/data,CCBV15,Tesla,"(23000,)",1,23000,float32,amb27932.nc
27933,AMB,AMB_CCBV15,amb/ccbv15/data,CCBV15,Tesla,"(23000,)",1,23000,float32,amb27933.nc
27934,AMB,AMB_CCBV15,amb/ccbv15/data,CCBV15,Tesla,"(23000,)",1,23000,float32,amb27934.nc
27935,AMB,AMB_CCBV15,amb/ccbv15/data,CCBV15,Tesla,"(23000,)",1,23000,float32,amb27935.nc
27936,AMB,AMB_CCBV15,amb/ccbv15/data,CCBV15,Tesla,"(23000,)",1,23000,float32,amb27936.nc
27937,AMB,AMB_CCBV15,amb/ccbv15/data,CCBV15,Tesla,"(23000,)",1,23000,float32,amb27937.nc
27938,AMB,AMB_CCBV15,amb/ccbv15/data,CCBV15,Tesla,"(23000,)",1,23000,float32,amb27938.nc
27929,AMB,AMB_CCBV16,amb/ccbv16/data,CCBV16,Tesla,"(23000,)",1,23000,float32,amb27929.nc
27930,AMB,AMB_CCBV16,amb/ccbv16/data,CCBV16,Tesla,"(23000,)",1,23000,float32,amb27930 (2).nc
27931,AMB,AMB_CCBV16,amb/ccbv16/data,CCBV16,Tesla,"(23000,)",1,23000,float32,amb27931.nc
27932,AMB,AMB_CCBV16,amb/ccbv16/data,CCBV16,Tesla,"(23000,)",1,23000,float32,amb27932.nc
27933,AMB,AMB_CCBV16,amb/ccbv16/data,CCBV16,Tesla,"(23000,)",1,23000,float32,amb27933.nc
27934,AMB,AMB_CCBV16,amb/ccbv16/data,CCBV16,Tesla,"(23000,)",1,23000,float32,amb27934.nc
27935,AMB,AMB_CCBV16,amb/ccbv16/data,CCBV16,Tesla,"(23000,)",1,23000,float32,amb27935.nc
27936,AMB,AMB_CCBV16,amb/ccbv16/data,CCBV16,Tesla,"(23000,)",1,23000,float32,amb27936.nc
27937,AMB,AMB_CCBV16,amb/ccbv16/data,CCBV16,Tesla,"(23000,)",1,23000,float32,amb27937.nc
27938,AMB,AMB_CCBV16,amb/ccbv16/data,CCBV16,Tesla,"(23000,)",1,23000,float32,amb27938.nc
27929,AMB,AMB_CCBV17,amb/ccbv17/data,CCBV17,Tesla,"(23000,)",1,23000,float32,amb27929.nc
27930,AMB,AMB_CCBV17,amb/ccbv17/data,CCBV17,Tesla,"(23000,)",1,23000,float32,amb27930 (2).nc
27931,AMB,AMB_CCBV17,amb/ccbv17/data,CCBV17,Tesla,"(23000,)",1,23000,float32,amb27931.nc
27932,AMB,AMB_CCBV17,amb/ccbv17/data,CCBV17,Tesla,"(23000,)",1,23000,float32,amb27932.nc
27933,AMB,AMB_CCBV17,amb/ccbv17/data,CCBV17,Tesla,"(23000,)",1,23000,float32,amb27933.nc
27934,AMB,AMB_CCBV17,amb/ccbv17/data,CCBV17,Tesla,"(23000,)",1,23000,float32,amb27934.nc
27935,AMB,AMB_CCBV17,amb/ccbv17/data,CCBV17,Tesla,"(23000,)",1,23000,float32,amb27935.nc
27936,AMB,AMB_CCBV17,amb/ccbv17/data,CCBV17,Tesla,"(23000,)",1,23000,float32,amb27936.nc
27937,AMB,AMB_CCBV17,amb/ccbv17/data,CCBV17,Tesla,"(23000,)",1,23000,float32,amb27937.nc
27938,AMB,AMB_CCBV17,amb/ccbv17/data,CCBV17,Tesla,"(23000,)",1,23000,float32,amb27938.nc
27929,AMB,AMB_CCBV18,amb/ccbv18/data,CCBV18,Tesla,"(23000,)",1,23000,float32,amb27929.nc
27930,AMB,AMB_CCBV18,amb/ccbv18/data,CCBV18,Tesla,"(23000,)",1,23000,float32,amb27930 (2).nc
27931,AMB,AMB_CCBV18,amb/ccbv18/data,CCBV18,Tesla,"(23000,)",1,23000,float32,amb27931.nc
27932,AMB,AMB_CCBV18,amb/ccbv18/data,CCBV18,Tesla,"(23000,)",1,23000,float32,amb27932.nc
27933,AMB,AMB_CCBV18,amb/ccbv18/data,CCBV18,Tesla,"(23000,)",1,23000,float32,amb27933.nc
27934,AMB,AMB_CCBV18,amb/ccbv18/data,CCBV18,Tesla,"(23000,)",1,23000,float32,amb27934.nc
27935,AMB,AMB_CCBV18,amb/ccbv18/data,CCBV18,Tesla,"(23000,)",1,23000,float32,amb27935.nc
27936,AMB,AMB_CCBV18,amb/ccbv18/data,CCBV18,Tesla,"(23000,)",1,23000,float32,amb27936.nc
27937,AMB,AMB_CCBV18,amb/ccbv18/data,CCBV18,Tesla,"(23000,)",1,23000,float32,amb27937.nc
27938,AMB,AMB_CCBV18,amb/ccbv18/data,CCBV18,Tesla,"(23000,)",1,23000,float32,amb27938.nc
27929,AMB,AMB_CCBV19,amb/ccbv19/data,CCBV19,Tesla,"(23000,)",1,23000,float32,amb27929.nc
27930,AMB,AMB_CCBV19,amb/ccbv19/data,CCBV19,Tesla,"(23000,)",1,23000,float32,amb27930 (2).nc
27931,AMB,AMB_CCBV19,amb/ccbv19/data,CCBV19,Tesla,"(23000,)",1,23000,float32,amb27931.nc
27932,AMB,AMB_CCBV19,amb/ccbv19/data,CCBV19,Tesla,"(23000,)",1,23000,float32,amb27932.nc
27933,AMB,AMB_CCBV19,amb/ccbv19/data,CCBV19,Tesla,"(23000,)",1,23000,float32,amb27933.nc
27934,AMB,AMB_CCBV19,amb/ccbv19/data,CCBV19,Tesla,"(23000,)",1,23000,float32,amb27934.nc
27935,AMB,AMB_CCBV19,amb/ccbv19/data,CCBV19,Tesla,"(23000,)",1,23000,float32,amb27935.nc
27936,AMB,AMB_CCBV19,amb/ccbv19/data,CCBV19,Tesla,"(23000,)",1,23000,float32,amb27936.nc
27937,AMB,AMB_CCBV19,amb/ccbv19/data,CCBV19,Tesla,"(23000,)",1,23000,float32,amb27937.nc
27938,AMB,AMB_CCBV19,amb/ccbv19/data,CCBV19,Tesla,"(23000,)",1,23000,float32,amb27938.nc
27929,AMB,AMB_CCBV20,amb/ccbv20/data,CCBV20,Tesla,"(23000,)",1,23000,float32,amb27929.nc
27930,AMB,AMB_CCBV20,amb/ccbv20/data,CCBV20,Tesla,"(23000,)",1,23000,float32,amb27930 (2).nc
27931,AMB,AMB_CCBV20,amb/ccbv20/data,CCBV20,Tesla,"(23000,)",1,23000,float32,amb27931.nc
27932,AMB,AMB_CCBV20,amb/ccbv20/data,CCBV20,Tesla,"(23000,)",1,23000,float32,amb27932.nc
27933,AMB,AMB_CCBV20,amb/ccbv20/data,CCBV20,Tesla,"(23000,)",1,23000,float32,amb27933.nc
27934,AMB,AMB_CCBV20,amb/ccbv20/data,CCBV20,Tesla,"(23000,)",1,23000,float32,amb27934.nc
27935,AMB,AMB_CCBV20,amb/ccbv20/data,CCBV20,Tesla,"(23000,)",1,23000,float32,amb27935.nc
27936,AMB,AMB_CCBV20,amb/ccbv20/data,CCBV20,Tesla,"(23000,)",1,23000,float32,amb27936.nc
27937,AMB,AMB_CCBV20,amb/ccbv20/data,CCBV20,Tesla,"(23000,)",1,23000,float32,amb27937.nc
27938,AMB,AMB_CCBV20,amb/ccbv20/data,CCBV20,Tesla,"(23000,)",1,23000,float32,amb27938.nc
27929,AMB,AMB_CCBV21,amb/ccbv21/data,CCBV21,Tesla,"(23000,)",1,23000,float32,amb27929.nc
27930,AMB,AMB_CCBV21,amb/ccbv21/data,CCBV21,Tesla,"(23000,)",1,23000,float32,amb27930 (2).nc
27931,AMB,AMB_CCBV21,amb/ccbv21/data,CCBV21,Tesla,"(23000,)",1,23000,float32,amb27931.nc
27932,AMB,AMB_CCBV21,amb/ccbv21/data,CCBV21,Tesla,"(23000,)",1,23000,float32,amb27932.nc
27933,AMB,AMB_CCBV21,amb/ccbv21/data,CCBV21,Tesla,"(23000,)",1,23000,float32,amb27933.nc
27934,AMB,AMB_CCBV21,amb/ccbv21/data,CCBV21,Tesla,"(23000,)",1,23000,float32,amb27934.nc
27935,AMB,AMB_CCBV21,amb/ccbv21/data,CCBV21,Tesla,"(23000,)",1,23000,float32,amb27935.nc
27936,AMB,AMB_CCBV21,amb/ccbv21/data,CCBV21,Tesla,"(23000,)",1,23000,float32,amb27936.nc
27937,AMB,AMB_CCBV21,amb/ccbv21/data,CCBV21,Tesla,"(23000,)",1,23000,float32,amb27937.nc
27938,AMB,AMB_CCBV21,amb/ccbv21/data,CCBV21,Tesla,"(23000,)",1,23000,float32,amb27938.nc
27929,AMB,AMB_CCBV22,amb/ccbv22/data,CCBV22,Tesla,"(23000,)",1,23000,float32,amb27929.nc
27930,AMB,AMB_CCBV22,amb/ccbv22/data,CCBV22,Tesla,"(23000,)",1,23000,float32,amb27930 (2).nc
27931,AMB,AMB_CCBV22,amb/ccbv22/data,CCBV22,Tesla,"(23000,)",1,23000,float32,amb27931.nc
27932,AMB,AMB_CCBV22,amb/ccbv22/data,CCBV22,Tesla,"(23000,)",1,23000,float32,amb27932.nc
27933,AMB,AMB_CCBV22,amb/ccbv22/data,CCBV22,Tesla,"(23000,)",1,23000,float32,amb27933.nc
27934,AMB,AMB_CCBV22,amb/ccbv22/data,CCBV22,Tesla,"(23000,)",1,23000,float32,amb27934.nc
27935,AMB,AMB_CCBV22,amb/ccbv22/data,CCBV22,Tesla,"(23000,)",1,23000,float32,amb27935.nc
27936,AMB,AMB_CCBV22,amb/ccbv22/data,CCBV22,Tesla,"(23000,)",1,23000,float32,amb27936.nc
27937,AMB,AMB_CCBV22,amb/ccbv22/data,CCBV22,Tesla,"(23000,)",1,23000,float32,amb27937.nc
27938,AMB,AMB_CCBV22,amb/ccbv22/data,CCBV22,Tesla,"(23000,)",1,23000,float32,amb27938.nc
27929,AMB,AMB_CCBV24,amb/ccbv24/data,CCBV24,Tesla,"(23000,)",1,23000,float32,amb27929.nc
27930,AMB,AMB_CCBV24,amb/ccbv24/data,CCBV24,Tesla,"(23000,)",1,23000,float32,amb27930 (2).nc
27931,AMB,AMB_CCBV24,amb/ccbv24/data,CCBV24,Tesla,"(23000,)",1,23000,float32,amb27931.nc
27932,AMB,AMB_CCBV24,amb/ccbv24/data,CCBV24,Tesla,"(23000,)",1,23000,float32,amb27932.nc
27933,AMB,AMB_CCBV24,amb/ccbv24/data,CCBV24,Tesla,"(23000,)",1,23000,float32,amb27933.nc
27934,AMB,AMB_CCBV24,amb/ccbv24/data,CCBV24,Tesla,"(23000,)",1,23000,float32,amb27934.nc
27935,AMB,AMB_CCBV24,amb/ccbv24/data,CCBV24,Tesla,"(23000,)",1,23000,float32,amb27935.nc
27936,AMB,AMB_CCBV24,amb/ccbv24/data,CCBV24,Tesla,"(23000,)",1,23000,float32,amb27936.nc
27937,AMB,AMB_CCBV24,amb/ccbv24/data,CCBV24,Tesla,"(23000,)",1,23000,float32,amb27937.nc
27938,AMB,AMB_CCBV24,amb/ccbv24/data,CCBV24,Tesla,"(23000,)",1,23000,float32,amb27938.nc
27929,AMB,AMB_CCBV25,amb/ccbv25/data,CCBV25,Tesla,"(23000,)",1,23000,float32,amb27929.nc
27930,AMB,AMB_CCBV25,amb/ccbv25/data,CCBV25,Tesla,"(23000,)",1,23000,float32,amb27930 (2).nc
27931,AMB,AMB_CCBV25,amb/ccbv25/data,CCBV25,Tesla,"(23000,)",1,23000,float32,amb27931.nc
27932,AMB,AMB_CCBV25,amb/ccbv25/data,CCBV25,Tesla,"(23000,)",1,23000,float32,amb27932.nc
27933,AMB,AMB_CCBV25,amb/ccbv25/data,CCBV25,Tesla,"(23000,)",1,23000,float32,amb27933.nc
27934,AMB,AMB_CCBV25,amb/ccbv25/data,CCBV25,Tesla,"(23000,)",1,23000,float32,amb27934.nc
27935,AMB,AMB_CCBV25,amb/ccbv25/data,CCBV25,Tesla,"(23000,)",1,23000,float32,amb27935.nc
27936,AMB,AMB_CCBV25,amb/ccbv25/data,CCBV25,Tesla,"(23000,)",1,23000,float32,amb27936.nc
27937,AMB,AMB_CCBV25,amb/ccbv25/data,CCBV25,Tesla,"(23000,)",1,23000,float32,amb27937.nc
27938,AMB,AMB_CCBV25,amb/ccbv25/data,CCBV25,Tesla,"(23000,)",1,23000,float32,amb27938.nc
27929,AMB,AMB_CCBV26,amb/ccbv26/data,CCBV26,Tesla,"(23000,)",1,23000,float32,amb27929.nc
27930,AMB,AMB_CCBV26,amb/ccbv26/data,CCBV26,Tesla,"(23000,)",1,23000,float32,amb27930 (2).nc
27931,AMB,AMB_CCBV26,amb/ccbv26/data,CCBV26,Tesla,"(23000,)",1,23000,float32,amb27931.nc
27932,AMB,AMB_CCBV26,amb/ccbv26/data,CCBV26,Tesla,"(23000,)",1,23000,float32,amb27932.nc
27933,AMB,AMB_CCBV26,amb/ccbv26/data,CCBV26,Tesla,"(23000,)",1,23000,float32,amb27933.nc
27934,AMB,AMB_CCBV26,amb/ccbv26/data,CCBV26,Tesla,"(23000,)",1,23000,float32,amb27934.nc
27935,AMB,AMB_CCBV26,amb/ccbv26/data,CCBV26,Tesla,"(23000,)",1,23000,float32,amb27935.nc
27936,AMB,AMB_CCBV26,amb/ccbv26/data,CCBV26,Tesla,"(23000,)",1,23000,float32,amb27936.nc
27937,AMB,AMB_CCBV26,amb/ccbv26/data,CCBV26,Tesla,"(23000,)",1,23000,float32,amb27937.nc
27938,AMB,AMB_CCBV26,amb/ccbv26/data,CCBV26,Tesla,"(23000,)",1,23000,float32,amb27938.nc
27929,AMB,AMB_CCBV27,amb/ccbv27/data,CCBV27,Tesla,"(23000,)",1,23000,float32,amb27929.nc
27930,AMB,AMB_CCBV27,amb/ccbv27/data,CCBV27,Tesla,"(23000,)",1,23000,float32,amb27930 (2).nc
27931,AMB,AMB_CCBV27,amb/ccbv27/data,CCBV27,Tesla,"(23000,)",1,23000,float32,amb27931.nc
27932,AMB,AMB_CCBV27,amb/ccbv27/data,CCBV27,Tesla,"(23000,)",1,23000,float32,amb27932.nc
27933,AMB,AMB_CCBV27,amb/ccbv27/data,CCBV27,Tesla,"(23000,)",1,23000,float32,amb27933.nc
27934,AMB,AMB_CCBV27,amb/ccbv27/data,CCBV27,Tesla,"(23000,)",1,23000,float32,amb27934.nc
27935,AMB,AMB_CCBV27,amb/ccbv27/data,CCBV27,Tesla,"(23000,)",1,23000,float32,amb27935.nc
27936,AMB,AMB_CCBV27,amb/ccbv27/data,CCBV27,Tesla,"(23000,)",1,23000,float32,amb27936.nc
27937,AMB,AMB_CCBV27,amb/ccbv27/data,CCBV27,Tesla,"(23000,)",1,23000,float32,amb27937.nc
27938,AMB,AMB_CCBV27,amb/ccbv27/data,CCBV27,Tesla,"(23000,)",1,23000,float32,amb27938.nc
27929,AMB,AMB_CCBV28,amb/ccbv28/data,CCBV28,Tesla,"(23000,)",1,23000,float32,amb27929.nc
27930,AMB,AMB_CCBV28,amb/ccbv28/data,CCBV28,Tesla,"(23000,)",1,23000,float32,amb27930 (2).nc
27931,AMB,AMB_CCBV28,amb/ccbv28/data,CCBV28,Tesla,"(23000,)",1,23000,float32,amb27931.nc
27932,AMB,AMB_CCBV28,amb/ccbv28/data,CCBV28,Tesla,"(23000,)",1,23000,float32,amb27932.nc
27933,AMB,AMB_CCBV28,amb/ccbv28/data,CCBV28,Tesla,"(23000,)",1,23000,float32,amb27933.nc
27934,AMB,AMB_CCBV28,amb/ccbv28/data,CCBV28,Tesla,"(23000,)",1,23000,float32,amb27934.nc
27935,AMB,AMB_CCBV28,amb/ccbv28/data,CCBV28,Tesla,"(23000,)",1,23000,float32,amb27935.nc
27936,AMB,AMB_CCBV28,amb/ccbv28/data,CCBV28,Tesla,"(23000,)",1,23000,float32,amb27936.nc
27937,AMB,AMB_CCBV28,amb/ccbv28/data,CCBV28,Tesla,"(23000,)",1,23000,float32,amb27937.nc
27938,AMB,AMB_CCBV28,amb/ccbv28/data,CCBV28,Tesla,"(23000,)",1,23000,float32,amb27938.nc
27929,AMB,AMB_CCBV29,amb/ccbv29/data,CCBV29,Tesla,"(23000,)",1,23000,float32,amb27929.nc
27930,AMB,AMB_CCBV29,amb/ccbv29/data,CCBV29,Tesla,"(23000,)",1,23000,float32,amb27930 (2).nc
27931,AMB,AMB_CCBV29,amb/ccbv29/data,CCBV29,Tesla,"(23000,)",1,23000,float32,amb27931.nc
27932,AMB,AMB_CCBV29,amb/ccbv29/data,CCBV29,Tesla,"(23000,)",1,23000,float32,amb27932.nc
27933,AMB,AMB_CCBV29,amb/ccbv29/data,CCBV29,Tesla,"(23000,)",1,23000,float32,amb27933.nc
27934,AMB,AMB_CCBV29,amb/ccbv29/data,CCBV29,Tesla,"(23000,)",1,23000,float32,amb27934.nc
27935,AMB,AMB_CCBV29,amb/ccbv29/data,CCBV29,Tesla,"(23000,)",1,23000,float32,amb27935.nc
27936,AMB,AMB_CCBV29,amb/ccbv29/data,CCBV29,Tesla,"(23000,)",1,23000,float32,amb27936.nc
27937,AMB,AMB_CCBV29,amb/ccbv29/data,CCBV29,Tesla,"(23000,)",1,23000,float32,amb27937.nc
27938,AMB,AMB_CCBV29,amb/ccbv29/data,CCBV29,Tesla,"(23000,)",1,23000,float32,amb27938.nc
27929,AMB,AMB_CCBV30,amb/ccbv30/data,CCBV30,Tesla,"(23000,)",1,23000,float32,amb27929.nc
27930,AMB,AMB_CCBV30,amb/ccbv30/data,CCBV30,Tesla,"(23000,)",1,23000,float32,amb27930 (2).nc
27931,AMB,AMB_CCBV30,amb/ccbv30/data,CCBV30,Tesla,"(23000,)",1,23000,float32,amb27931.nc
27932,AMB,AMB_CCBV30,amb/ccbv30/data,CCBV30,Tesla,"(23000,)",1,23000,float32,amb27932.nc
27933,AMB,AMB_CCBV30,amb/ccbv30/data,CCBV30,Tesla,"(23000,)",1,23000,float32,amb27933.nc
27934,AMB,AMB_CCBV30,amb/ccbv30/data,CCBV30,Tesla,"(23000,)",1,23000,float32,amb27934.nc
27935,AMB,AMB_CCBV30,amb/ccbv30/data,CCBV30,Tesla,"(23000,)",1,23000,float32,amb27935.nc
27936,AMB,AMB_CCBV30,amb/ccbv30/data,CCBV30,Tesla,"(23000,)",1,23000,float32,amb27936.nc
27937,AMB,AMB_CCBV30,amb/ccbv30/data,CCBV30,Tesla,"(23000,)",1,23000,float32,amb27937.nc
27938,AMB,AMB_CCBV30,amb/ccbv30/data,CCBV30,Tesla,"(23000,)",1,23000,float32,amb27938.nc
27929,AMB,AMB_CCBV31,amb/ccbv31/data,CCBV31,Tesla,"(23000,)",1,23000,float32,amb27929.nc
27930,AMB,AMB_CCBV31,amb/ccbv31/data,CCBV31,Tesla,"(23000,)",1,23000,float32,amb27930 (2).nc
27931,AMB,AMB_CCBV31,amb/ccbv31/data,CCBV31,Tesla,"(23000,)",1,23000,float32,amb27931.nc
27932,AMB,AMB_CCBV31,amb/ccbv31/data,CCBV31,Tesla,"(23000,)",1,23000,float32,amb27932.nc
27933,AMB,AMB_CCBV31,amb/ccbv31/data,CCBV31,Tesla,"(23000,)",1,23000,float32,amb27933.nc
27934,AMB,AMB_CCBV31,amb/ccbv31/data,CCBV31,Tesla,"(23000,)",1,23000,float32,amb27934.nc
27935,AMB,AMB_CCBV31,amb/ccbv31/data,CCBV31,Tesla,"(23000,)",1,23000,float32,amb27935.nc
27936,AMB,AMB_CCBV31,amb/ccbv31/data,CCBV31,Tesla,"(23000,)",1,23000,float32,amb27936.nc
27937,AMB,AMB_CCBV31,amb/ccbv31/data,CCBV31,Tesla,"(23000,)",1,23000,float32,amb27937.nc
27938,AMB,AMB_CCBV31,amb/ccbv31/data,CCBV31,Tesla,"(23000,)",1,23000,float32,amb27938.nc
27929,AMB,AMB_CCBV32,amb/ccbv32/data,CCBV32,Tesla,"(23000,)",1,23000,float32,amb27929.nc
27930,AMB,AMB_CCBV32,amb/ccbv32/data,CCBV32,Tesla,"(23000,)",1,23000,float32,amb27930 (2).nc
27931,AMB,AMB_CCBV32,amb/ccbv32/data,CCBV32,Tesla,"(23000,)",1,23000,float32,amb27931.nc
27932,AMB,AMB_CCBV32,amb/ccbv32/data,CCBV32,Tesla,"(23000,)",1,23000,float32,amb27932.nc
27933,AMB,AMB_CCBV32,amb/ccbv32/data,CCBV32,Tesla,"(23000,)",1,23000,float32,amb27933.nc
27934,AMB,AMB_CCBV32,amb/ccbv32/data,CCBV32,Tesla,"(23000,)",1,23000,float32,amb27934.nc
27935,AMB,AMB_CCBV32,amb/ccbv32/data,CCBV32,Tesla,"(23000,)",1,23000,float32,amb27935.nc
27936,AMB,AMB_CCBV32,amb/ccbv32/data,CCBV32,Tesla,"(23000,)",1,23000,float32,amb27936.nc
27937,AMB,AMB_CCBV32,amb/ccbv32/data,CCBV32,Tesla,"(23000,)",1,23000,float32,amb27937.nc
27938,AMB,AMB_CCBV32,amb/ccbv32/data,CCBV32,Tesla,"(23000,)",1,23000,float32,amb27938.nc
27929,AMB,AMB_CCBV33,amb/ccbv33/data,CCBV33,Tesla,"(23000,)",1,23000,float32,amb27929.nc
27930,AMB,AMB_CCBV33,amb/ccbv33/data,CCBV33,Tesla,"(23000,)",1,23000,float32,amb27930 (2).nc
27931,AMB,AMB_CCBV33,amb/ccbv33/data,CCBV33,Tesla,"(23000,)",1,23000,float32,amb27931.nc
27932,AMB,AMB_CCBV33,amb/ccbv33/data,CCBV33,Tesla,"(23000,)",1,23000,float32,amb27932.nc
27933,AMB,AMB_CCBV33,amb/ccbv33/data,CCBV33,Tesla,"(23000,)",1,23000,float32,amb27933.nc
27934,AMB,AMB_CCBV33,amb/ccbv33/data,CCBV33,Tesla,"(23000,)",1,23000,float32,amb27934.nc
27935,AMB,AMB_CCBV33,amb/ccbv33/data,CCBV33,Tesla,"(23000,)",1,23000,float32,amb27935.nc
27936,AMB,AMB_CCBV33,amb/ccbv33/data,CCBV33,Tesla,"(23000,)",1,23000,float32,amb27936.nc
27937,AMB,AMB_CCBV33,amb/ccbv33/data,CCBV33,Tesla,"(23000,)",1,23000,float32,amb27937.nc
27938,AMB,AMB_CCBV33,amb/ccbv33/data,CCBV33,Tesla,"(23000,)",1,23000,float32,amb27938.nc
27929,AMB,AMB_CCBV34,amb/ccbv34/data,CCBV34,Tesla,"(23000,)",1,23000,float32,amb27929.nc
27930,AMB,AMB_CCBV34,amb/ccbv34/data,CCBV34,Tesla,"(23000,)",1,23000,float32,amb27930 (2).nc
27931,AMB,AMB_CCBV34,amb/ccbv34/data,CCBV34,Tesla,"(23000,)",1,23000,float32,amb27931.nc
27932,AMB,AMB_CCBV34,amb/ccbv34/data,CCBV34,Tesla,"(23000,)",1,23000,float32,amb27932.nc
27933,AMB,AMB_CCBV34,amb/ccbv34/data,CCBV34,Tesla,"(23000,)",1,23000,float32,amb27933.nc
27934,AMB,AMB_CCBV34,amb/ccbv34/data,CCBV34,Tesla,"(23000,)",1,23000,float32,amb27934.nc
27935,AMB,AMB_CCBV34,amb/ccbv34/data,CCBV34,Tesla,"(23000,)",1,23000,float32,amb27935.nc
27936,AMB,AMB_CCBV34,amb/ccbv34/data,CCBV34,Tesla,"(23000,)",1,23000,float32,amb27936.nc
27937,AMB,AMB_CCBV34,amb/ccbv34/data,CCBV34,Tesla,"(23000,)",1,23000,float32,amb27937.nc
27938,AMB,AMB_CCBV34,amb/ccbv34/data,CCBV34,Tesla,"(23000,)",1,23000,float32,amb27938.nc
27929,AMB,AMB_CCBV36,amb/ccbv36/data,CCBV36,Tesla,"(23000,)",1,23000,float32,amb27929.nc
27930,AMB,AMB_CCBV36,amb/ccbv36/data,CCBV36,Tesla,"(23000,)",1,23000,float32,amb27930 (2).nc
27931,AMB,AMB_CCBV36,amb/ccbv36/data,CCBV36,Tesla,"(23000,)",1,23000,float32,amb27931.nc
27932,AMB,AMB_CCBV36,amb/ccbv36/data,CCBV36,Tesla,"(23000,)",1,23000,float32,amb27932.nc
27933,AMB,AMB_CCBV36,amb/ccbv36/data,CCBV36,Tesla,"(23000,)",1,23000,float32,amb27933.nc
27934,AMB,AMB_CCBV36,amb/ccbv36/data,CCBV36,Tesla,"(23000,)",1,23000,float32,amb27934.nc
27935,AMB,AMB_CCBV36,amb/ccbv36/data,CCBV36,Tesla,"(23000,)",1,23000,float32,amb27935.nc
27936,AMB,AMB_CCBV36,amb/ccbv36/data,CCBV36,Tesla,"(23000,)",1,23000,float32,amb27936.nc
27937,AMB,AMB_CCBV36,amb/ccbv36/data,CCBV36,Tesla,"(23000,)",1,23000,float32,amb27937.nc
27938,AMB,AMB_CCBV36,amb/ccbv36/data,CCBV36,Tesla,"(23000,)",1,23000,float32,amb27938.nc
27929,AMB,AMB_CCBV37,amb/ccbv37/data,CCBV37,Tesla,"(23000,)",1,23000,float32,amb27929.nc
27930,AMB,AMB_CCBV37,amb/ccbv37/data,CCBV37,Tesla,"(23000,)",1,23000,float32,amb27930 (2).nc
27931,AMB,AMB_CCBV37,amb/ccbv37/data,CCBV37,Tesla,"(23000,)",1,23000,float32,amb27931.nc
27932,AMB,AMB_CCBV37,amb/ccbv37/data,CCBV37,Tesla,"(23000,)",1,23000,float32,amb27932.nc
27933,AMB,AMB_CCBV37,amb/ccbv37/data,CCBV37,Tesla,"(23000,)",1,23000,float32,amb27933.nc
27934,AMB,AMB_CCBV37,amb/ccbv37/data,CCBV37,Tesla,"(23000,)",1,23000,float32,amb27934.nc
27935,AMB,AMB_CCBV37,amb/ccbv37/data,CCBV37,Tesla,"(23000,)",1,23000,float32,amb27935.nc
27936,AMB,AMB_CCBV37,amb/ccbv37/data,CCBV37,Tesla,"(23000,)",1,23000,float32,amb27936.nc
27937,AMB,AMB_CCBV37,amb/ccbv37/data,CCBV37,Tesla,"(23000,)",1,23000,float32,amb27937.nc
27938,AMB,AMB_CCBV37,amb/ccbv37/data,CCBV37,Tesla,"(23000,)",1,23000,float32,amb27938.nc
27929,AMB,AMB_CCBV38,amb/ccbv38/data,CCBV38,Tesla,"(23000,)",1,23000,float32,amb27929.nc
27930,AMB,AMB_CCBV38,amb/ccbv38/data,CCBV38,Tesla,"(23000,)",1,23000,float32,amb27930 (2).nc
27931,AMB,AMB_CCBV38,amb/ccbv38/data,CCBV38,Tesla,"(23000,)",1,23000,float32,amb27931.nc
27932,AMB,AMB_CCBV38,amb/ccbv38/data,CCBV38,Tesla,"(23000,)",1,23000,float32,amb27932.nc
27933,AMB,AMB_CCBV38,amb/ccbv38/data,CCBV38,Tesla,"(23000,)",1,23000,float32,amb27933.nc
27934,AMB,AMB_CCBV38,amb/ccbv38/data,CCBV38,Tesla,"(23000,)",1,23000,float32,amb27934.nc
27935,AMB,AMB_CCBV38,amb/ccbv38/data,CCBV38,Tesla,"(23000,)",1,23000,float32,amb27935.nc
27936,AMB,AMB_CCBV38,amb/ccbv38/data,CCBV38,Tesla,"(23000,)",1,23000,float32,amb27936.nc
27937,AMB,AMB_CCBV38,amb/ccbv38/data,CCBV38,Tesla,"(23000,)",1,23000,float32,amb27937.nc
27938,AMB,AMB_CCBV38,amb/ccbv38/data,CCBV38,Tesla,"(23000,)",1,23000,float32,amb27938.nc
27929,AMB,AMB_CCBV39,amb/ccbv39/data,CCBV39,Tesla,"(23000,)",1,23000,float32,amb27929.nc
27930,AMB,AMB_CCBV39,amb/ccbv39/data,CCBV39,Tesla,"(23000,)",1,23000,float32,amb27930 (2).nc
27931,AMB,AMB_CCBV39,amb/ccbv39/data,CCBV39,Tesla,"(23000,)",1,23000,float32,amb27931.nc
27932,AMB,AMB_CCBV39,amb/ccbv39/data,CCBV39,Tesla,"(23000,)",1,23000,float32,amb27932.nc
27933,AMB,AMB_CCBV39,amb/ccbv39/data,CCBV39,Tesla,"(23000,)",1,23000,float32,amb27933.nc
27934,AMB,AMB_CCBV39,amb/ccbv39/data,CCBV39,Tesla,"(23000,)",1,23000,float32,amb27934.nc
27935,AMB,AMB_CCBV39,amb/ccbv39/data,CCBV39,Tesla,"(23000,)",1,23000,float32,amb27935.nc
27936,AMB,AMB_CCBV39,amb/ccbv39/data,CCBV39,Tesla,"(23000,)",1,23000,float32,amb27936.nc
27937,AMB,AMB_CCBV39,amb/ccbv39/data,CCBV39,Tesla,"(23000,)",1,23000,float32,amb27937.nc
27938,AMB,AMB_CCBV39,amb/ccbv39/data,CCBV39,Tesla,"(23000,)",1,23000,float32,amb27938.nc
27929,AMB,AMB_CCBV40,amb/ccbv40/data,CCBV40,Tesla,"(23000,)",1,23000,float32,amb27929.nc
27930,AMB,AMB_CCBV40,amb/ccbv40/data,CCBV40,Tesla,"(23000,)",1,23000,float32,amb27930 (2).nc
27931,AMB,AMB_CCBV40,amb/ccbv40/data,CCBV40,Tesla,"(23000,)",1,23000,float32,amb27931.nc
27932,AMB,AMB_CCBV40,amb/ccbv40/data,CCBV40,Tesla,"(23000,)",1,23000,float32,amb27932.nc
27933,AMB,AMB_CCBV40,amb/ccbv40/data,CCBV40,Tesla,"(23000,)",1,23000,float32,amb27933.nc
27934,AMB,AMB_CCBV40,amb/ccbv40/data,CCBV40,Tesla,"(23000,)",1,23000,float32,amb27934.nc
27935,AMB,AMB_CCBV40,amb/ccbv40/data,CCBV40,Tesla,"(23000,)",1,23000,float32,amb27935.nc
27936,AMB,AMB_CCBV40,amb/ccbv40/data,CCBV40,Tesla,"(23000,)",1,23000,float32,amb27936.nc
27937,AMB,AMB_CCBV40,amb/ccbv40/data,CCBV40,Tesla,"(23000,)",1,23000,float32,amb27937.nc
27938,AMB,AMB_CCBV40,amb/ccbv40/data,CCBV40,Tesla,"(23000,)",1,23000,float32,amb27938.nc
27929,AMB,AMB_FL/CC03,amb/fl/cc03/data,FL/CC03,Wb,"(30000,)",1,30000,float32,amb27929.nc
27930,AMB,AMB_FL/CC03,amb/fl/cc03/data,FL/CC03,Wb,"(30000,)",1,30000,float32,amb27930 (2).nc
27931,AMB,AMB_FL/CC03,amb/fl/cc03/data,FL/CC03,Wb,"(30000,)",1,30000,float32,amb27931.nc
27932,AMB,AMB_FL/CC03,amb/fl/cc03/data,FL/CC03,Wb,"(30000,)",1,30000,float32,amb27932.nc
27933,AMB,AMB_FL/CC03,amb/fl/cc03/data,FL/CC03,Wb,"(30000,)",1,30000,float32,amb27933.nc
27934,AMB,AMB_FL/CC03,amb/fl/cc03/data,FL/CC03,Wb,"(30000,)",1,30000,float32,amb27934.nc
27935,AMB,AMB_FL/CC03,amb/fl/cc03/data,FL/CC03,Wb,"(30000,)",1,30000,float32,amb27935.nc
27936,AMB,AMB_FL/CC03,amb/fl/cc03/data,FL/CC03,Wb,"(30000,)",1,30000,float32,amb27936.nc
27937,AMB,AMB_FL/CC03,amb/fl/cc03/data,FL/CC03,Wb,"(30000,)",1,30000,float32,amb27937.nc
27938,AMB,AMB_FL/CC03,amb/fl/cc03/data,FL/CC03,Wb,"(30000,)",1,30000,float32,amb27938.nc
27929,AMB,AMB_FL/CC04,amb/fl/cc04/data,FL/CC04,Wb,"(30000,)",1,30000,float32,amb27929.nc
27930,AMB,AMB_FL/CC04,amb/fl/cc04/data,FL/CC04,Wb,"(30000,)",1,30000,float32,amb27930 (2).nc
27931,AMB,AMB_FL/CC04,amb/fl/cc04/data,FL/CC04,Wb,"(30000,)",1,30000,float32,amb27931.nc
27932,AMB,AMB_FL/CC04,amb/fl/cc04/data,FL/CC04,Wb,"(30000,)",1,30000,float32,amb27932.nc
27933,AMB,AMB_FL/CC04,amb/fl/cc04/data,FL/CC04,Wb,"(30000,)",1,30000,float32,amb27933.nc
27934,AMB,AMB_FL/CC04,amb/fl/cc04/data,FL/CC04,Wb,"(30000,)",1,30000,float32,amb27934.nc
27935,AMB,AMB_FL/CC04,amb/fl/cc04/data,FL/CC04,Wb,"(30000,)",1,30000,float32,amb27935.nc
27936,AMB,AMB_FL/CC04,amb/fl/cc04/data,FL/CC04,Wb,"(30000,)",1,30000,float32,amb27936.nc
27937,AMB,AMB_FL/CC04,amb/fl/cc04/data,FL/CC04,Wb,"(30000,)",1,30000,float32,amb27937.nc
27938,AMB,AMB_FL/CC04,amb/fl/cc04/data,FL/CC04,Wb,"(30000,)",1,30000,float32,amb27938.nc
27929,AMB,AMB_FL/CC05,amb/fl/cc05/data,FL/CC05,Wb,"(30000,)",1,30000,float32,amb27929.nc
27930,AMB,AMB_FL/CC05,amb/fl/cc05/data,FL/CC05,Wb,"(30000,)",1,30000,float32,amb27930 (2).nc
27931,AMB,AMB_FL/CC05,amb/fl/cc05/data,FL/CC05,Wb,"(30000,)",1,30000,float32,amb27931.nc
27932,AMB,AMB_FL/CC05,amb/fl/cc05/data,FL/CC05,Wb,"(30000,)",1,30000,float32,amb27932.nc
27933,AMB,AMB_FL/CC05,amb/fl/cc05/data,FL/CC05,Wb,"(30000,)",1,30000,float32,amb27933.nc
27934,AMB,AMB_FL/CC05,amb/fl/cc05/data,FL/CC05,Wb,"(30000,)",1,30000,float32,amb27934.nc
27935,AMB,AMB_FL/CC05,amb/fl/cc05/data,FL/CC05,Wb,"(30000,)",1,30000,float32,amb27935.nc
27936,AMB,AMB_FL/CC05,amb/fl/cc05/data,FL/CC05,Wb,"(30000,)",1,30000,float32,amb27936.nc
27937,AMB,AMB_FL/CC05,amb/fl/cc05/data,FL/CC05,Wb,"(30000,)",1,30000,float32,amb27937.nc
27938,AMB,AMB_FL/CC05,amb/fl/cc05/data,FL/CC05,Wb,"(30000,)",1,30000,float32,amb27938.nc
27929,AMB,AMB_FL/CC07,amb/fl/cc07/data,FL/CC07,Wb,"(30000,)",1,30000,float32,amb27929.nc
27930,AMB,AMB_FL/CC07,amb/fl/cc07/data,FL/CC07,Wb,"(30000,)",1,30000,float32,amb27930 (2).nc
27931,AMB,AMB_FL/CC07,amb/fl/cc07/data,FL/CC07,Wb,"(30000,)",1,30000,float32,amb27931.nc
27932,AMB,AMB_FL/CC07,amb/fl/cc07/data,FL/CC07,Wb,"(30000,)",1,30000,float32,amb27932.nc
27933,AMB,AMB_FL/CC07,amb/fl/cc07/data,FL/CC07,Wb,"(30000,)",1,30000,float32,amb27933.nc
27934,AMB,AMB_FL/CC07,amb/fl/cc07/data,FL/CC07,Wb,"(30000,)",1,30000,float32,amb27934.nc
27935,AMB,AMB_FL/CC07,amb/fl/cc07/data,FL/CC07,Wb,"(30000,)",1,30000,float32,amb27935.nc
27936,AMB,AMB_FL/CC07,amb/fl/cc07/data,FL/CC07,Wb,"(30000,)",1,30000,float32,amb27936.nc
27937,AMB,AMB_FL/CC07,amb/fl/cc07/data,FL/CC07,Wb,"(30000,)",1,30000,float32,amb27937.nc
27938,AMB,AMB_FL/CC07,amb/fl/cc07/data,FL/CC07,Wb,"(30000,)",1,30000,float32,amb27938.nc
27929,AMB,AMB_FL/CC09,amb/fl/cc09/data,FL/CC09,Wb,"(30000,)",1,30000,float32,amb27929.nc
27930,AMB,AMB_FL/CC09,amb/fl/cc09/data,FL/CC09,Wb,"(30000,)",1,30000,float32,amb27930 (2).nc
27931,AMB,AMB_FL/CC09,amb/fl/cc09/data,FL/CC09,Wb,"(30000,)",1,30000,float32,amb27931.nc
27932,AMB,AMB_FL/CC09,amb/fl/cc09/data,FL/CC09,Wb,"(30000,)",1,30000,float32,amb27932.nc
27933,AMB,AMB_FL/CC09,amb/fl/cc09/data,FL/CC09,Wb,"(30000,)",1,30000,float32,amb27933.nc
27934,AMB,AMB_FL/CC09,amb/fl/cc09/data,FL/CC09,Wb,"(30000,)",1,30000,float32,amb27934.nc
27935,AMB,AMB_FL/CC09,amb/fl/cc09/data,FL/CC09,Wb,"(30000,)",1,30000,float32,amb27935.nc
27936,AMB,AMB_FL/CC09,amb/fl/cc09/data,FL/CC09,Wb,"(30000,)",1,30000,float32,amb27936.nc
27937,AMB,AMB_FL/CC09,amb/fl/cc09/data,FL/CC09,Wb,"(30000,)",1,30000,float32,amb27937.nc
27938,AMB,AMB_FL/CC09,amb/fl/cc09/data,FL/CC09,Wb,"(30000,)",1,30000,float32,amb27938.nc
27929,AMB,AMB_FL/P2L/1,amb/fl/p2l/1/data,FL/P2L/1,Wb,"(30000,)",1,30000,float32,amb27929.nc
27930,AMB,AMB_FL/P2L/1,amb/fl/p2l/1/data,FL/P2L/1,Wb,"(30000,)",1,30000,float32,amb27930 (2).nc
27931,AMB,AMB_FL/P2L/1,amb/fl/p2l/1/data,FL/P2L/1,Wb,"(30000,)",1,30000,float32,amb27931.nc
27932,AMB,AMB_FL/P2L/1,amb/fl/p2l/1/data,FL/P2L/1,Wb,"(30000,)",1,30000,float32,amb27932.nc
27933,AMB,AMB_FL/P2L/1,amb/fl/p2l/1/data,FL/P2L/1,Wb,"(30000,)",1,30000,float32,amb27933.nc
27934,AMB,AMB_FL/P2L/1,amb/fl/p2l/1/data,FL/P2L/1,Wb,"(30000,)",1,30000,float32,amb27934.nc
27935,AMB,AMB_FL/P2L/1,amb/fl/p2l/1/data,FL/P2L/1,Wb,"(30000,)",1,30000,float32,amb27935.nc
27936,AMB,AMB_FL/P2L/1,amb/fl/p2l/1/data,FL/P2L/1,Wb,"(30000,)",1,30000,float32,amb27936.nc
27937,AMB,AMB_FL/P2L/1,amb/fl/p2l/1/data,FL/P2L/1,Wb,"(30000,)",1,30000,float32,amb27937.nc
27938,AMB,AMB_FL/P2L/1,amb/fl/p2l/1/data,FL/P2L/1,Wb,"(30000,)",1,30000,float32,amb27938.nc
27929,AMB,AMB_FL/P3L/4,amb/fl/p3l/4/data,FL/P3L/4,Wb,"(30000,)",1,30000,float32,amb27929.nc
27930,AMB,AMB_FL/P3L/4,amb/fl/p3l/4/data,FL/P3L/4,Wb,"(30000,)",1,30000,float32,amb27930 (2).nc
27931,AMB,AMB_FL/P3L/4,amb/fl/p3l/4/data,FL/P3L/4,Wb,"(30000,)",1,30000,float32,amb27931.nc
27932,AMB,AMB_FL/P3L/4,amb/fl/p3l/4/data,FL/P3L/4,Wb,"(30000,)",1,30000,float32,amb27932.nc
27933,AMB,AMB_FL/P3L/4,amb/fl/p3l/4/data,FL/P3L/4,Wb,"(30000,)",1,30000,float32,amb27933.nc
27934,AMB,AMB_FL/P3L/4,amb/fl/p3l/4/data,FL/P3L/4,Wb,"(30000,)",1,30000,float32,amb27934.nc
27935,AMB,AMB_FL/P3L/4,amb/fl/p3l/4/data,FL/P3L/4,Wb,"(30000,)",1,30000,float32,amb27935.nc
27936,AMB,AMB_FL/P3L/4,amb/fl/p3l/4/data,FL/P3L/4,Wb,"(30000,)",1,30000,float32,amb27936.nc
27937,AMB,AMB_FL/P3L/4,amb/fl/p3l/4/data,FL/P3L/4,Wb,"(30000,)",1,30000,float32,amb27937.nc
27938,AMB,AMB_FL/P3L/4,amb/fl/p3l/4/data,FL/P3L/4,Wb,"(30000,)",1,30000,float32,amb27938.nc
27929,AMB,AMB_FL/P3U/1,amb/fl/p3u/1/data,FL/P3U/1,Wb,"(30000,)",1,30000,float32,amb27929.nc
27930,AMB,AMB_FL/P3U/1,amb/fl/p3u/1/data,FL/P3U/1,Wb,"(30000,)",1,30000,float32,amb27930 (2).nc
27931,AMB,AMB_FL/P3U/1,amb/fl/p3u/1/data,FL/P3U/1,Wb,"(30000,)",1,30000,float32,amb27931.nc
27932,AMB,AMB_FL/P3U/1,amb/fl/p3u/1/data,FL/P3U/1,Wb,"(30000,)",1,30000,float32,amb27932.nc
27933,AMB,AMB_FL/P3U/1,amb/fl/p3u/1/data,FL/P3U/1,Wb,"(30000,)",1,30000,float32,amb27933.nc
27934,AMB,AMB_FL/P3U/1,amb/fl/p3u/1/data,FL/P3U/1,Wb,"(30000,)",1,30000,float32,amb27934.nc
27935,AMB,AMB_FL/P3U/1,amb/fl/p3u/1/data,FL/P3U/1,Wb,"(30000,)",1,30000,float32,amb27935.nc
27936,AMB,AMB_FL/P3U/1,amb/fl/p3u/1/data,FL/P3U/1,Wb,"(30000,)",1,30000,float32,amb27936.nc
27937,AMB,AMB_FL/P3U/1,amb/fl/p3u/1/data,FL/P3U/1,Wb,"(30000,)",1,30000,float32,amb27937.nc
27938,AMB,AMB_FL/P3U/1,amb/fl/p3u/1/data,FL/P3U/1,Wb,"(30000,)",1,30000,float32,amb27938.nc
27929,AMB,AMB_FL/P3U/4,amb/fl/p3u/4/data,FL/P3U/4,Wb,"(30000,)",1,30000,float32,amb27929.nc
27930,AMB,AMB_FL/P3U/4,amb/fl/p3u/4/data,FL/P3U/4,Wb,"(30000,)",1,30000,float32,amb27930 (2).nc
27931,AMB,AMB_FL/P3U/4,amb/fl/p3u/4/data,FL/P3U/4,Wb,"(30000,)",1,30000,float32,amb27931.nc
27932,AMB,AMB_FL/P3U/4,amb/fl/p3u/4/data,FL/P3U/4,Wb,"(30000,)",1,30000,float32,amb27932.nc
27933,AMB,AMB_FL/P3U/4,amb/fl/p3u/4/data,FL/P3U/4,Wb,"(30000,)",1,30000,float32,amb27933.nc
27934,AMB,AMB_FL/P3U/4,amb/fl/p3u/4/data,FL/P3U/4,Wb,"(30000,)",1,30000,float32,amb27934.nc
27935,AMB,AMB_FL/P3U/4,amb/fl/p3u/4/data,FL/P3U/4,Wb,"(30000,)",1,30000,float32,amb27935.nc
27936,AMB,AMB_FL/P3U/4,amb/fl/p3u/4/data,FL/P3U/4,Wb,"(30000,)",1,30000,float32,amb27936.nc
27937,AMB,AMB_FL/P3U/4,amb/fl/p3u/4/data,FL/P3U/4,Wb,"(30000,)",1,30000,float32,amb27937.nc
27938,AMB,AMB_FL/P3U/4,amb/fl/p3u/4/data,FL/P3U/4,Wb,"(30000,)",1,30000,float32,amb27938.nc
27929,AMB,AMB_FL/P4L/1,amb/fl/p4l/1/data,FL/P4L/1,Wb,"(30000,)",1,30000,float32,amb27929.nc
27930,AMB,AMB_FL/P4L/1,amb/fl/p4l/1/data,FL/P4L/1,Wb,"(30000,)",1,30000,float32,amb27930 (2).nc
27931,AMB,AMB_FL/P4L/1,amb/fl/p4l/1/data,FL/P4L/1,Wb,"(30000,)",1,30000,float32,amb27931.nc
27932,AMB,AMB_FL/P4L/1,amb/fl/p4l/1/data,FL/P4L/1,Wb,"(30000,)",1,30000,float32,amb27932.nc
27933,AMB,AMB_FL/P4L/1,amb/fl/p4l/1/data,FL/P4L/1,Wb,"(30000,)",1,30000,float32,amb27933.nc
27934,AMB,AMB_FL/P4L/1,amb/fl/p4l/1/data,FL/P4L/1,Wb,"(30000,)",1,30000,float32,amb27934.nc
27935,AMB,AMB_FL/P4L/1,amb/fl/p4l/1/data,FL/P4L/1,Wb,"(30000,)",1,30000,float32,amb27935.nc
27936,AMB,AMB_FL/P4L/1,amb/fl/p4l/1/data,FL/P4L/1,Wb,"(30000,)",1,30000,float32,amb27936.nc
27937,AMB,AMB_FL/P4L/1,amb/fl/p4l/1/data,FL/P4L/1,Wb,"(30000,)",1,30000,float32,amb27937.nc
27938,AMB,AMB_FL/P4L/1,amb/fl/p4l/1/data,FL/P4L/1,Wb,"(30000,)",1,30000,float32,amb27938.nc
27929,AMB,AMB_FL/P4L/4,amb/fl/p4l/4/data,FL/P4L/4,Wb,"(30000,)",1,30000,float32,amb27929.nc
27930,AMB,AMB_FL/P4L/4,amb/fl/p4l/4/data,FL/P4L/4,Wb,"(30000,)",1,30000,float32,amb27930 (2).nc
27931,AMB,AMB_FL/P4L/4,amb/fl/p4l/4/data,FL/P4L/4,Wb,"(30000,)",1,30000,float32,amb27931.nc
27932,AMB,AMB_FL/P4L/4,amb/fl/p4l/4/data,FL/P4L/4,Wb,"(30000,)",1,30000,float32,amb27932.nc
27933,AMB,AMB_FL/P4L/4,amb/fl/p4l/4/data,FL/P4L/4,Wb,"(30000,)",1,30000,float32,amb27933.nc
27934,AMB,AMB_FL/P4L/4,amb/fl/p4l/4/data,FL/P4L/4,Wb,"(30000,)",1,30000,float32,amb27934.nc
27935,AMB,AMB_FL/P4L/4,amb/fl/p4l/4/data,FL/P4L/4,Wb,"(30000,)",1,30000,float32,amb27935.nc
27936,AMB,AMB_FL/P4L/4,amb/fl/p4l/4/data,FL/P4L/4,Wb,"(30000,)",1,30000,float32,amb27936.nc
27937,AMB,AMB_FL/P4L/4,amb/fl/p4l/4/data,FL/P4L/4,Wb,"(30000,)",1,30000,float32,amb27937.nc
27938,AMB,AMB_FL/P4L/4,amb/fl/p4l/4/data,FL/P4L/4,Wb,"(30000,)",1,30000,float32,amb27938.nc
27929,AMB,AMB_FL/P4U/4,amb/fl/p4u/4/data,FL/P4U/4,Wb,"(30000,)",1,30000,float32,amb27929.nc
27930,AMB,AMB_FL/P4U/4,amb/fl/p4u/4/data,FL/P4U/4,Wb,"(30000,)",1,30000,float32,amb27930 (2).nc
27931,AMB,AMB_FL/P4U/4,amb/fl/p4u/4/data,FL/P4U/4,Wb,"(30000,)",1,30000,float32,amb27931.nc
27932,AMB,AMB_FL/P4U/4,amb/fl/p4u/4/data,FL/P4U/4,Wb,"(30000,)",1,30000,float32,amb27932.nc
27933,AMB,AMB_FL/P4U/4,amb/fl/p4u/4/data,FL/P4U/4,Wb,"(30000,)",1,30000,float32,amb27933.nc
27934,AMB,AMB_FL/P4U/4,amb/fl/p4u/4/data,FL/P4U/4,Wb,"(30000,)",1,30000,float32,amb27934.nc
27935,AMB,AMB_FL/P4U/4,amb/fl/p4u/4/data,FL/P4U/4,Wb,"(30000,)",1,30000,float32,amb27935.nc
27936,AMB,AMB_FL/P4U/4,amb/fl/p4u/4/data,FL/P4U/4,Wb,"(30000,)",1,30000,float32,amb27936.nc
27937,AMB,AMB_FL/P4U/4,amb/fl/p4u/4/data,FL/P4U/4,Wb,"(30000,)",1,30000,float32,amb27937.nc
27938,AMB,AMB_FL/P4U/4,amb/fl/p4u/4/data,FL/P4U/4,Wb,"(30000,)",1,30000,float32,amb27938.nc
27929,AMB,AMB_FL/P5L/1,amb/fl/p5l/1/data,FL/P5L/1,Wb,"(30000,)",1,30000,float32,amb27929.nc
27930,AMB,AMB_FL/P5L/1,amb/fl/p5l/1/data,FL/P5L/1,Wb,"(30000,)",1,30000,float32,amb27930 (2).nc
27931,AMB,AMB_FL/P5L/1,amb/fl/p5l/1/data,FL/P5L/1,Wb,"(30000,)",1,30000,float32,amb27931.nc
27932,AMB,AMB_FL/P5L/1,amb/fl/p5l/1/data,FL/P5L/1,Wb,"(30000,)",1,30000,float32,amb27932.nc
27933,AMB,AMB_FL/P5L/1,amb/fl/p5l/1/data,FL/P5L/1,Wb,"(30000,)",1,30000,float32,amb27933.nc
27934,AMB,AMB_FL/P5L/1,amb/fl/p5l/1/data,FL/P5L/1,Wb,"(30000,)",1,30000,float32,amb27934.nc
27935,AMB,AMB_FL/P5L/1,amb/fl/p5l/1/data,FL/P5L/1,Wb,"(30000,)",1,30000,float32,amb27935.nc
27936,AMB,AMB_FL/P5L/1,amb/fl/p5l/1/data,FL/P5L/1,Wb,"(30000,)",1,30000,float32,amb27936.nc
27937,AMB,AMB_FL/P5L/1,amb/fl/p5l/1/data,FL/P5L/1,Wb,"(30000,)",1,30000,float32,amb27937.nc
27938,AMB,AMB_FL/P5L/1,amb/fl/p5l/1/data,FL/P5L/1,Wb,"(30000,)",1,30000,float32,amb27938.nc
27929,AMB,AMB_FL/P5L/4,amb/fl/p5l/4/data,FL/P5L/4,Wb,"(30000,)",1,30000,float32,amb27929.nc
27930,AMB,AMB_FL/P5L/4,amb/fl/p5l/4/data,FL/P5L/4,Wb,"(30000,)",1,30000,float32,amb27930 (2).nc
27931,AMB,AMB_FL/P5L/4,amb/fl/p5l/4/data,FL/P5L/4,Wb,"(30000,)",1,30000,float32,amb27931.nc
27932,AMB,AMB_FL/P5L/4,amb/fl/p5l/4/data,FL/P5L/4,Wb,"(30000,)",1,30000,float32,amb27932.nc
27933,AMB,AMB_FL/P5L/4,amb/fl/p5l/4/data,FL/P5L/4,Wb,"(30000,)",1,30000,float32,amb27933.nc
27934,AMB,AMB_FL/P5L/4,amb/fl/p5l/4/data,FL/P5L/4,Wb,"(30000,)",1,30000,float32,amb27934.nc
27935,AMB,AMB_FL/P5L/4,amb/fl/p5l/4/data,FL/P5L/4,Wb,"(30000,)",1,30000,float32,amb27935.nc
27936,AMB,AMB_FL/P5L/4,amb/fl/p5l/4/data,FL/P5L/4,Wb,"(30000,)",1,30000,float32,amb27936.nc
27937,AMB,AMB_FL/P5L/4,amb/fl/p5l/4/data,FL/P5L/4,Wb,"(30000,)",1,30000,float32,amb27937.nc
27938,AMB,AMB_FL/P5L/4,amb/fl/p5l/4/data,FL/P5L/4,Wb,"(30000,)",1,30000,float32,amb27938.nc
27929,AMB,AMB_FL/P5U/1,amb/fl/p5u/1/data,FL/P5U/1,Wb,"(30000,)",1,30000,float32,amb27929.nc
27930,AMB,AMB_FL/P5U/1,amb/fl/p5u/1/data,FL/P5U/1,Wb,"(30000,)",1,30000,float32,amb27930 (2).nc
27931,AMB,AMB_FL/P5U/1,amb/fl/p5u/1/data,FL/P5U/1,Wb,"(30000,)",1,30000,float32,amb27931.nc
27932,AMB,AMB_FL/P5U/1,amb/fl/p5u/1/data,FL/P5U/1,Wb,"(30000,)",1,30000,float32,amb27932.nc
27933,AMB,AMB_FL/P5U/1,amb/fl/p5u/1/data,FL/P5U/1,Wb,"(30000,)",1,30000,float32,amb27933.nc
27934,AMB,AMB_FL/P5U/1,amb/fl/p5u/1/data,FL/P5U/1,Wb,"(30000,)",1,30000,float32,amb27934.nc
27935,AMB,AMB_FL/P5U/1,amb/fl/p5u/1/data,FL/P5U/1,Wb,"(30000,)",1,30000,float32,amb27935.nc
27936,AMB,AMB_FL/P5U/1,amb/fl/p5u/1/data,FL/P5U/1,Wb,"(30000,)",1,30000,float32,amb27936.nc
27937,AMB,AMB_FL/P5U/1,amb/fl/p5u/1/data,FL/P5U/1,Wb,"(30000,)",1,30000,float32,amb27937.nc
27938,AMB,AMB_FL/P5U/1,amb/fl/p5u/1/data,FL/P5U/1,Wb,"(30000,)",1,30000,float32,amb27938.nc
27929,AMB,AMB_FL/P6L/1,amb/fl/p6l/1/data,FL/P6L/1,Wb,"(30000,)",1,30000,float32,amb27929.nc
27930,AMB,AMB_FL/P6L/1,amb/fl/p6l/1/data,FL/P6L/1,Wb,"(30000,)",1,30000,float32,amb27930 (2).nc
27931,AMB,AMB_FL/P6L/1,amb/fl/p6l/1/data,FL/P6L/1,Wb,"(30000,)",1,30000,float32,amb27931.nc
27932,AMB,AMB_FL/P6L/1,amb/fl/p6l/1/data,FL/P6L/1,Wb,"(30000,)",1,30000,float32,amb27932.nc
27933,AMB,AMB_FL/P6L/1,amb/fl/p6l/1/data,FL/P6L/1,Wb,"(30000,)",1,30000,float32,amb27933.nc
27934,AMB,AMB_FL/P6L/1,amb/fl/p6l/1/data,FL/P6L/1,Wb,"(30000,)",1,30000,float32,amb27934.nc
27935,AMB,AMB_FL/P6L/1,amb/fl/p6l/1/data,FL/P6L/1,Wb,"(30000,)",1,30000,float32,amb27935.nc
27936,AMB,AMB_FL/P6L/1,amb/fl/p6l/1/data,FL/P6L/1,Wb,"(30000,)",1,30000,float32,amb27936.nc
27937,AMB,AMB_FL/P6L/1,amb/fl/p6l/1/data,FL/P6L/1,Wb,"(30000,)",1,30000,float32,amb27937.nc
27938,AMB,AMB_FL/P6L/1,amb/fl/p6l/1/data,FL/P6L/1,Wb,"(30000,)",1,30000,float32,amb27938.nc
27929,AMB,AMB_OBR01,amb/obr01/data,OBR01,Tesla,"(30000,)",1,30000,float32,amb27929.nc
27930,AMB,AMB_OBR01,amb/obr01/data,OBR01,Tesla,"(30000,)",1,30000,float32,amb27930 (2).nc
27931,AMB,AMB_OBR01,amb/obr01/data,OBR01,Tesla,"(30000,)",1,30000,float32,amb27931.nc
27932,AMB,AMB_OBR01,amb/obr01/data,OBR01,Tesla,"(30000,)",1,30000,float32,amb27932.nc
27933,AMB,AMB_OBR01,amb/obr01/data,OBR01,Tesla,"(30000,)",1,30000,float32,amb27933.nc
27934,AMB,AMB_OBR01,amb/obr01/data,OBR01,Tesla,"(30000,)",1,30000,float32,amb27934.nc
27935,AMB,AMB_OBR01,amb/obr01/data,OBR01,Tesla,"(30000,)",1,30000,float32,amb27935.nc
27936,AMB,AMB_OBR01,amb/obr01/data,OBR01,Tesla,"(30000,)",1,30000,float32,amb27936.nc
27937,AMB,AMB_OBR01,amb/obr01/data,OBR01,Tesla,"(30000,)",1,30000,float32,amb27937.nc
27938,AMB,AMB_OBR01,amb/obr01/data,OBR01,Tesla,"(30000,)",1,30000,float32,amb27938.nc
27929,AMB,AMB_OBR04,amb/obr04/data,OBR04,Tesla,"(30000,)",1,30000,float32,amb27929.nc
27930,AMB,AMB_OBR04,amb/obr04/data,OBR04,Tesla,"(30000,)",1,30000,float32,amb27930 (2).nc
27931,AMB,AMB_OBR04,amb/obr04/data,OBR04,Tesla,"(30000,)",1,30000,float32,amb27931.nc
27932,AMB,AMB_OBR04,amb/obr04/data,OBR04,Tesla,"(30000,)",1,30000,float32,amb27932.nc
27933,AMB,AMB_OBR04,amb/obr04/data,OBR04,Tesla,"(30000,)",1,30000,float32,amb27933.nc
27934,AMB,AMB_OBR04,amb/obr04/data,OBR04,Tesla,"(30000,)",1,30000,float32,amb27934.nc
27935,AMB,AMB_OBR04,amb/obr04/data,OBR04,Tesla,"(30000,)",1,30000,float32,amb27935.nc
27936,AMB,AMB_OBR04,amb/obr04/data,OBR04,Tesla,"(30000,)",1,30000,float32,amb27936.nc
27937,AMB,AMB_OBR04,amb/obr04/data,OBR04,Tesla,"(30000,)",1,30000,float32,amb27937.nc
27938,AMB,AMB_OBR04,amb/obr04/data,OBR04,Tesla,"(30000,)",1,30000,float32,amb27938.nc
27929,AMB,AMB_OBR05,amb/obr05/data,OBR05,Tesla,"(30000,)",1,30000,float32,amb27929.nc
27930,AMB,AMB_OBR05,amb/obr05/data,OBR05,Tesla,"(30000,)",1,30000,float32,amb27930 (2).nc
27931,AMB,AMB_OBR05,amb/obr05/data,OBR05,Tesla,"(30000,)",1,30000,float32,amb27931.nc
27932,AMB,AMB_OBR05,amb/obr05/data,OBR05,Tesla,"(30000,)",1,30000,float32,amb27932.nc
27933,AMB,AMB_OBR05,amb/obr05/data,OBR05,Tesla,"(30000,)",1,30000,float32,amb27933.nc
27934,AMB,AMB_OBR05,amb/obr05/data,OBR05,Tesla,"(30000,)",1,30000,float32,amb27934.nc
27935,AMB,AMB_OBR05,amb/obr05/data,OBR05,Tesla,"(30000,)",1,30000,float32,amb27935.nc
27936,AMB,AMB_OBR05,amb/obr05/data,OBR05,Tesla,"(30000,)",1,30000,float32,amb27936.nc
27937,AMB,AMB_OBR05,amb/obr05/data,OBR05,Tesla,"(30000,)",1,30000,float32,amb27937.nc
27938,AMB,AMB_OBR05,amb/obr05/data,OBR05,Tesla,"(30000,)",1,30000,float32,amb27938.nc
27929,AMB,AMB_OBR06,amb/obr06/data,OBR06,Tesla,"(30000,)",1,30000,float32,amb27929.nc
27930,AMB,AMB_OBR06,amb/obr06/data,OBR06,Tesla,"(30000,)",1,30000,float32,amb27930 (2).nc
27931,AMB,AMB_OBR06,amb/obr06/data,OBR06,Tesla,"(30000,)",1,30000,float32,amb27931.nc
27932,AMB,AMB_OBR06,amb/obr06/data,OBR06,Tesla,"(30000,)",1,30000,float32,amb27932.nc
27933,AMB,AMB_OBR06,amb/obr06/data,OBR06,Tesla,"(30000,)",1,30000,float32,amb27933.nc
27934,AMB,AMB_OBR06,amb/obr06/data,OBR06,Tesla,"(30000,)",1,30000,float32,amb27934.nc
27935,AMB,AMB_OBR06,amb/obr06/data,OBR06,Tesla,"(30000,)",1,30000,float32,amb27935.nc
27936,AMB,AMB_OBR06,amb/obr06/data,OBR06,Tesla,"(30000,)",1,30000,float32,amb27936.nc
27937,AMB,AMB_OBR06,amb/obr06/data,OBR06,Tesla,"(30000,)",1,30000,float32,amb27937.nc
27938,AMB,AMB_OBR06,amb/obr06/data,OBR06,Tesla,"(30000,)",1,30000,float32,amb27938.nc
27929,AMB,AMB_OBR07,amb/obr07/data,OBR07,Tesla,"(30000,)",1,30000,float32,amb27929.nc
27930,AMB,AMB_OBR07,amb/obr07/data,OBR07,Tesla,"(30000,)",1,30000,float32,amb27930 (2).nc
27931,AMB,AMB_OBR07,amb/obr07/data,OBR07,Tesla,"(30000,)",1,30000,float32,amb27931.nc
27932,AMB,AMB_OBR07,amb/obr07/data,OBR07,Tesla,"(30000,)",1,30000,float32,amb27932.nc
27933,AMB,AMB_OBR07,amb/obr07/data,OBR07,Tesla,"(30000,)",1,30000,float32,amb27933.nc
27934,AMB,AMB_OBR07,amb/obr07/data,OBR07,Tesla,"(30000,)",1,30000,float32,amb27934.nc
27935,AMB,AMB_OBR07,amb/obr07/data,OBR07,Tesla,"(30000,)",1,30000,float32,amb27935.nc
27936,AMB,AMB_OBR07,amb/obr07/data,OBR07,Tesla,"(30000,)",1,30000,float32,amb27936.nc
27937,AMB,AMB_OBR07,amb/obr07/data,OBR07,Tesla,"(30000,)",1,30000,float32,amb27937.nc
27938,AMB,AMB_OBR07,amb/obr07/data,OBR07,Tesla,"(30000,)",1,30000,float32,amb27938.nc
27929,AMB,AMB_OBR08,amb/obr08/data,OBR08,Tesla,"(30000,)",1,30000,float32,amb27929.nc
27930,AMB,AMB_OBR08,amb/obr08/data,OBR08,Tesla,"(30000,)",1,30000,float32,amb27930 (2).nc
27931,AMB,AMB_OBR08,amb/obr08/data,OBR08,Tesla,"(30000,)",1,30000,float32,amb27931.nc
27932,AMB,AMB_OBR08,amb/obr08/data,OBR08,Tesla,"(30000,)",1,30000,float32,amb27932.nc
27933,AMB,AMB_OBR08,amb/obr08/data,OBR08,Tesla,"(30000,)",1,30000,float32,amb27933.nc
27934,AMB,AMB_OBR08,amb/obr08/data,OBR08,Tesla,"(30000,)",1,30000,float32,amb27934.nc
27935,AMB,AMB_OBR08,amb/obr08/data,OBR08,Tesla,"(30000,)",1,30000,float32,amb27935.nc
27936,AMB,AMB_OBR08,amb/obr08/data,OBR08,Tesla,"(30000,)",1,30000,float32,amb27936.nc
27937,AMB,AMB_OBR08,amb/obr08/data,OBR08,Tesla,"(30000,)",1,30000,float32,amb27937.nc
27938,AMB,AMB_OBR08,amb/obr08/data,OBR08,Tesla,"(30000,)",1,30000,float32,amb27938.nc
27929,AMB,AMB_OBR09,amb/obr09/data,OBR09,Tesla,"(30000,)",1,30000,float32,amb27929.nc
27930,AMB,AMB_OBR09,amb/obr09/data,OBR09,Tesla,"(30000,)",1,30000,float32,amb27930 (2).nc
27931,AMB,AMB_OBR09,amb/obr09/data,OBR09,Tesla,"(30000,)",1,30000,float32,amb27931.nc
27932,AMB,AMB_OBR09,amb/obr09/data,OBR09,Tesla,"(30000,)",1,30000,float32,amb27932.nc
27933,AMB,AMB_OBR09,amb/obr09/data,OBR09,Tesla,"(30000,)",1,30000,float32,amb27933.nc
27934,AMB,AMB_OBR09,amb/obr09/data,OBR09,Tesla,"(30000,)",1,30000,float32,amb27934.nc
27935,AMB,AMB_OBR09,amb/obr09/data,OBR09,Tesla,"(30000,)",1,30000,float32,amb27935.nc
27936,AMB,AMB_OBR09,amb/obr09/data,OBR09,Tesla,"(30000,)",1,30000,float32,amb27936.nc
27937,AMB,AMB_OBR09,amb/obr09/data,OBR09,Tesla,"(30000,)",1,30000,float32,amb27937.nc
27938,AMB,AMB_OBR09,amb/obr09/data,OBR09,Tesla,"(30000,)",1,30000,float32,amb27938.nc
27929,AMB,AMB_OBR10,amb/obr10/data,OBR10,Tesla,"(30000,)",1,30000,float32,amb27929.nc
27930,AMB,AMB_OBR10,amb/obr10/data,OBR10,Tesla,"(30000,)",1,30000,float32,amb27930 (2).nc
27931,AMB,AMB_OBR10,amb/obr10/data,OBR10,Tesla,"(30000,)",1,30000,float32,amb27931.nc
27932,AMB,AMB_OBR10,amb/obr10/data,OBR10,Tesla,"(30000,)",1,30000,float32,amb27932.nc
27933,AMB,AMB_OBR10,amb/obr10/data,OBR10,Tesla,"(30000,)",1,30000,float32,amb27933.nc
27934,AMB,AMB_OBR10,amb/obr10/data,OBR10,Tesla,"(30000,)",1,30000,float32,amb27934.nc
27935,AMB,AMB_OBR10,amb/obr10/data,OBR10,Tesla,"(30000,)",1,30000,float32,amb27935.nc
27936,AMB,AMB_OBR10,amb/obr10/data,OBR10,Tesla,"(30000,)",1,30000,float32,amb27936.nc
27937,AMB,AMB_OBR10,amb/obr10/data,OBR10,Tesla,"(30000,)",1,30000,float32,amb27937.nc
27938,AMB,AMB_OBR10,amb/obr10/data,OBR10,Tesla,"(30000,)",1,30000,float32,amb27938.nc
27929,AMB,AMB_OBR12,amb/obr12/data,OBR12,Tesla,"(30000,)",1,30000,float32,amb27929.nc
27930,AMB,AMB_OBR12,amb/obr12/data,OBR12,Tesla,"(30000,)",1,30000,float32,amb27930 (2).nc
27931,AMB,AMB_OBR12,amb/obr12/data,OBR12,Tesla,"(30000,)",1,30000,float32,amb27931.nc
27932,AMB,AMB_OBR12,amb/obr12/data,OBR12,Tesla,"(30000,)",1,30000,float32,amb27932.nc
27933,AMB,AMB_OBR12,amb/obr12/data,OBR12,Tesla,"(30000,)",1,30000,float32,amb27933.nc
27934,AMB,AMB_OBR12,amb/obr12/data,OBR12,Tesla,"(30000,)",1,30000,float32,amb27934.nc
27935,AMB,AMB_OBR12,amb/obr12/data,OBR12,Tesla,"(30000,)",1,30000,float32,amb27935.nc
27936,AMB,AMB_OBR12,amb/obr12/data,OBR12,Tesla,"(30000,)",1,30000,float32,amb27936.nc
27937,AMB,AMB_OBR12,amb/obr12/data,OBR12,Tesla,"(30000,)",1,30000,float32,amb27937.nc
27938,AMB,AMB_OBR12,amb/obr12/data,OBR12,Tesla,"(30000,)",1,30000,float32,amb27938.nc
27929,AMB,AMB_OBR13,amb/obr13/data,OBR13,Tesla,"(30000,)",1,30000,float32,amb27929.nc
27930,AMB,AMB_OBR13,amb/obr13/data,OBR13,Tesla,"(30000,)",1,30000,float32,amb27930 (2).nc
27931,AMB,AMB_OBR13,amb/obr13/data,OBR13,Tesla,"(30000,)",1,30000,float32,amb27931.nc
27932,AMB,AMB_OBR13,amb/obr13/data,OBR13,Tesla,"(30000,)",1,30000,float32,amb27932.nc
27933,AMB,AMB_OBR13,amb/obr13/data,OBR13,Tesla,"(30000,)",1,30000,float32,amb27933.nc
27934,AMB,AMB_OBR13,amb/obr13/data,OBR13,Tesla,"(30000,)",1,30000,float32,amb27934.nc
27935,AMB,AMB_OBR13,amb/obr13/data,OBR13,Tesla,"(30000,)",1,30000,float32,amb27935.nc
27936,AMB,AMB_OBR13,amb/obr13/data,OBR13,Tesla,"(30000,)",1,30000,float32,amb27936.nc
27937,AMB,AMB_OBR13,amb/obr13/data,OBR13,Tesla,"(30000,)",1,30000,float32,amb27937.nc
27938,AMB,AMB_OBR13,amb/obr13/data,OBR13,Tesla,"(30000,)",1,30000,float32,amb27938.nc
27929,AMB,AMB_OBR14,amb/obr14/data,OBR14,Tesla,"(30000,)",1,30000,float32,amb27929.nc
27930,AMB,AMB_OBR14,amb/obr14/data,OBR14,Tesla,"(30000,)",1,30000,float32,amb27930 (2).nc
27931,AMB,AMB_OBR14,amb/obr14/data,OBR14,Tesla,"(30000,)",1,30000,float32,amb27931.nc
27932,AMB,AMB_OBR14,amb/obr14/data,OBR14,Tesla,"(30000,)",1,30000,float32,amb27932.nc
27933,AMB,AMB_OBR14,amb/obr14/data,OBR14,Tesla,"(30000,)",1,30000,float32,amb27933.nc
27934,AMB,AMB_OBR14,amb/obr14/data,OBR14,Tesla,"(30000,)",1,30000,float32,amb27934.nc
27935,AMB,AMB_OBR14,amb/obr14/data,OBR14,Tesla,"(30000,)",1,30000,float32,amb27935.nc
27936,AMB,AMB_OBR14,amb/obr14/data,OBR14,Tesla,"(30000,)",1,30000,float32,amb27936.nc
27937,AMB,AMB_OBR14,amb/obr14/data,OBR14,Tesla,"(30000,)",1,30000,float32,amb27937.nc
27938,AMB,AMB_OBR14,amb/obr14/data,OBR14,Tesla,"(30000,)",1,30000,float32,amb27938.nc
27929,AMB,AMB_OBR15,amb/obr15/data,OBR15,Tesla,"(30000,)",1,30000,float32,amb27929.nc
27930,AMB,AMB_OBR15,amb/obr15/data,OBR15,Tesla,"(30000,)",1,30000,float32,amb27930 (2).nc
27931,AMB,AMB_OBR15,amb/obr15/data,OBR15,Tesla,"(30000,)",1,30000,float32,amb27931.nc
27932,AMB,AMB_OBR15,amb/obr15/data,OBR15,Tesla,"(30000,)",1,30000,float32,amb27932.nc
27933,AMB,AMB_OBR15,amb/obr15/data,OBR15,Tesla,"(30000,)",1,30000,float32,amb27933.nc
27934,AMB,AMB_OBR15,amb/obr15/data,OBR15,Tesla,"(30000,)",1,30000,float32,amb27934.nc
27935,AMB,AMB_OBR15,amb/obr15/data,OBR15,Tesla,"(30000,)",1,30000,float32,amb27935.nc
27936,AMB,AMB_OBR15,amb/obr15/data,OBR15,Tesla,"(30000,)",1,30000,float32,amb27936.nc
27937,AMB,AMB_OBR15,amb/obr15/data,OBR15,Tesla,"(30000,)",1,30000,float32,amb27937.nc
27938,AMB,AMB_OBR15,amb/obr15/data,OBR15,Tesla,"(30000,)",1,30000,float32,amb27938.nc
27929,AMB,AMB_OBR16,amb/obr16/data,OBR16,Tesla,"(30000,)",1,30000,float32,amb27929.nc
27930,AMB,AMB_OBR16,amb/obr16/data,OBR16,Tesla,"(30000,)",1,30000,float32,amb27930 (2).nc
27931,AMB,AMB_OBR16,amb/obr16/data,OBR16,Tesla,"(30000,)",1,30000,float32,amb27931.nc
27932,AMB,AMB_OBR16,amb/obr16/data,OBR16,Tesla,"(30000,)",1,30000,float32,amb27932.nc
27933,AMB,AMB_OBR16,amb/obr16/data,OBR16,Tesla,"(30000,)",1,30000,float32,amb27933.nc
27934,AMB,AMB_OBR16,amb/obr16/data,OBR16,Tesla,"(30000,)",1,30000,float32,amb27934.nc
27935,AMB,AMB_OBR16,amb/obr16/data,OBR16,Tesla,"(30000,)",1,30000,float32,amb27935.nc
27936,AMB,AMB_OBR16,amb/obr16/data,OBR16,Tesla,"(30000,)",1,30000,float32,amb27936.nc
27937,AMB,AMB_OBR16,amb/obr16/data,OBR16,Tesla,"(30000,)",1,30000,float32,amb27937.nc
27938,AMB,AMB_OBR16,amb/obr16/data,OBR16,Tesla,"(30000,)",1,30000,float32,amb27938.nc
27929,AMB,AMB_OBR17,amb/obr17/data,OBR17,Tesla,"(30000,)",1,30000,float32,amb27929.nc
27930,AMB,AMB_OBR17,amb/obr17/data,OBR17,Tesla,"(30000,)",1,30000,float32,amb27930 (2).nc
27931,AMB,AMB_OBR17,amb/obr17/data,OBR17,Tesla,"(30000,)",1,30000,float32,amb27931.nc
27932,AMB,AMB_OBR17,amb/obr17/data,OBR17,Tesla,"(30000,)",1,30000,float32,amb27932.nc
27933,AMB,AMB_OBR17,amb/obr17/data,OBR17,Tesla,"(30000,)",1,30000,float32,amb27933.nc
27934,AMB,AMB_OBR17,amb/obr17/data,OBR17,Tesla,"(30000,)",1,30000,float32,amb27934.nc
27935,AMB,AMB_OBR17,amb/obr17/data,OBR17,Tesla,"(30000,)",1,30000,float32,amb27935.nc
27936,AMB,AMB_OBR17,amb/obr17/data,OBR17,Tesla,"(30000,)",1,30000,float32,amb27936.nc
27937,AMB,AMB_OBR17,amb/obr17/data,OBR17,Tesla,"(30000,)",1,30000,float32,amb27937.nc
27938,AMB,AMB_OBR17,amb/obr17/data,OBR17,Tesla,"(30000,)",1,30000,float32,amb27938.nc
27929,AMB,AMB_OBR18,amb/obr18/data,OBR18,Tesla,"(30000,)",1,30000,float32,amb27929.nc
27930,AMB,AMB_OBR18,amb/obr18/data,OBR18,Tesla,"(30000,)",1,30000,float32,amb27930 (2).nc
27931,AMB,AMB_OBR18,amb/obr18/data,OBR18,Tesla,"(30000,)",1,30000,float32,amb27931.nc
27932,AMB,AMB_OBR18,amb/obr18/data,OBR18,Tesla,"(30000,)",1,30000,float32,amb27932.nc
27933,AMB,AMB_OBR18,amb/obr18/data,OBR18,Tesla,"(30000,)",1,30000,float32,amb27933.nc
27934,AMB,AMB_OBR18,amb/obr18/data,OBR18,Tesla,"(30000,)",1,30000,float32,amb27934.nc
27935,AMB,AMB_OBR18,amb/obr18/data,OBR18,Tesla,"(30000,)",1,30000,float32,amb27935.nc
27936,AMB,AMB_OBR18,amb/obr18/data,OBR18,Tesla,"(30000,)",1,30000,float32,amb27936.nc
27937,AMB,AMB_OBR18,amb/obr18/data,OBR18,Tesla,"(30000,)",1,30000,float32,amb27937.nc
27938,AMB,AMB_OBR18,amb/obr18/data,OBR18,Tesla,"(30000,)",1,30000,float32,amb27938.nc
27929,AMB,AMB_OBV03,amb/obv03/data,OBV03,Tesla,"(30000,)",1,30000,float32,amb27929.nc
27930,AMB,AMB_OBV03,amb/obv03/data,OBV03,Tesla,"(30000,)",1,30000,float32,amb27930 (2).nc
27931,AMB,AMB_OBV03,amb/obv03/data,OBV03,Tesla,"(30000,)",1,30000,float32,amb27931.nc
27932,AMB,AMB_OBV03,amb/obv03/data,OBV03,Tesla,"(30000,)",1,30000,float32,amb27932.nc
27933,AMB,AMB_OBV03,amb/obv03/data,OBV03,Tesla,"(30000,)",1,30000,float32,amb27933.nc
27934,AMB,AMB_OBV03,amb/obv03/data,OBV03,Tesla,"(30000,)",1,30000,float32,amb27934.nc
27935,AMB,AMB_OBV03,amb/obv03/data,OBV03,Tesla,"(30000,)",1,30000,float32,amb27935.nc
27936,AMB,AMB_OBV03,amb/obv03/data,OBV03,Tesla,"(30000,)",1,30000,float32,amb27936.nc
27937,AMB,AMB_OBV03,amb/obv03/data,OBV03,Tesla,"(30000,)",1,30000,float32,amb27937.nc
27938,AMB,AMB_OBV03,amb/obv03/data,OBV03,Tesla,"(30000,)",1,30000,float32,amb27938.nc
27929,AMB,AMB_OBV04,amb/obv04/data,OBV04,Tesla,"(30000,)",1,30000,float32,amb27929.nc
27930,AMB,AMB_OBV04,amb/obv04/data,OBV04,Tesla,"(30000,)",1,30000,float32,amb27930 (2).nc
27931,AMB,AMB_OBV04,amb/obv04/data,OBV04,Tesla,"(30000,)",1,30000,float32,amb27931.nc
27932,AMB,AMB_OBV04,amb/obv04/data,OBV04,Tesla,"(30000,)",1,30000,float32,amb27932.nc
27933,AMB,AMB_OBV04,amb/obv04/data,OBV04,Tesla,"(30000,)",1,30000,float32,amb27933.nc
27934,AMB,AMB_OBV04,amb/obv04/data,OBV04,Tesla,"(30000,)",1,30000,float32,amb27934.nc
27935,AMB,AMB_OBV04,amb/obv04/data,OBV04,Tesla,"(30000,)",1,30000,float32,amb27935.nc
27936,AMB,AMB_OBV04,amb/obv04/data,OBV04,Tesla,"(30000,)",1,30000,float32,amb27936.nc
27937,AMB,AMB_OBV04,amb/obv04/data,OBV04,Tesla,"(30000,)",1,30000,float32,amb27937.nc
27938,AMB,AMB_OBV04,amb/obv04/data,OBV04,Tesla,"(30000,)",1,30000,float32,amb27938.nc
27929,AMB,AMB_OBV05,amb/obv05/data,OBV05,Tesla,"(30000,)",1,30000,float32,amb27929.nc
27930,AMB,AMB_OBV05,amb/obv05/data,OBV05,Tesla,"(30000,)",1,30000,float32,amb27930 (2).nc
27931,AMB,AMB_OBV05,amb/obv05/data,OBV05,Tesla,"(30000,)",1,30000,float32,amb27931.nc
27932,AMB,AMB_OBV05,amb/obv05/data,OBV05,Tesla,"(30000,)",1,30000,float32,amb27932.nc
27933,AMB,AMB_OBV05,amb/obv05/data,OBV05,Tesla,"(30000,)",1,30000,float32,amb27933.nc
27934,AMB,AMB_OBV05,amb/obv05/data,OBV05,Tesla,"(30000,)",1,30000,float32,amb27934.nc
27935,AMB,AMB_OBV05,amb/obv05/data,OBV05,Tesla,"(30000,)",1,30000,float32,amb27935.nc
27936,AMB,AMB_OBV05,amb/obv05/data,OBV05,Tesla,"(30000,)",1,30000,float32,amb27936.nc
27937,AMB,AMB_OBV05,amb/obv05/data,OBV05,Tesla,"(30000,)",1,30000,float32,amb27937.nc
27938,AMB,AMB_OBV05,amb/obv05/data,OBV05,Tesla,"(30000,)",1,30000,float32,amb27938.nc
27929,AMB,AMB_OBV06,amb/obv06/data,OBV06,Tesla,"(30000,)",1,30000,float32,amb27929.nc
27930,AMB,AMB_OBV06,amb/obv06/data,OBV06,Tesla,"(30000,)",1,30000,float32,amb27930 (2).nc
27931,AMB,AMB_OBV06,amb/obv06/data,OBV06,Tesla,"(30000,)",1,30000,float32,amb27931.nc
27932,AMB,AMB_OBV06,amb/obv06/data,OBV06,Tesla,"(30000,)",1,30000,float32,amb27932.nc
27933,AMB,AMB_OBV06,amb/obv06/data,OBV06,Tesla,"(30000,)",1,30000,float32,amb27933.nc
27934,AMB,AMB_OBV06,amb/obv06/data,OBV06,Tesla,"(30000,)",1,30000,float32,amb27934.nc
27935,AMB,AMB_OBV06,amb/obv06/data,OBV06,Tesla,"(30000,)",1,30000,float32,amb27935.nc
27936,AMB,AMB_OBV06,amb/obv06/data,OBV06,Tesla,"(30000,)",1,30000,float32,amb27936.nc
27937,AMB,AMB_OBV06,amb/obv06/data,OBV06,Tesla,"(30000,)",1,30000,float32,amb27937.nc
27938,AMB,AMB_OBV06,amb/obv06/data,OBV06,Tesla,"(30000,)",1,30000,float32,amb27938.nc
27929,AMB,AMB_OBV08,amb/obv08/data,OBV08,Tesla,"(30000,)",1,30000,float32,amb27929.nc
27930,AMB,AMB_OBV08,amb/obv08/data,OBV08,Tesla,"(30000,)",1,30000,float32,amb27930 (2).nc
27931,AMB,AMB_OBV08,amb/obv08/data,OBV08,Tesla,"(30000,)",1,30000,float32,amb27931.nc
27932,AMB,AMB_OBV08,amb/obv08/data,OBV08,Tesla,"(30000,)",1,30000,float32,amb27932.nc
27933,AMB,AMB_OBV08,amb/obv08/data,OBV08,Tesla,"(30000,)",1,30000,float32,amb27933.nc
27934,AMB,AMB_OBV08,amb/obv08/data,OBV08,Tesla,"(30000,)",1,30000,float32,amb27934.nc
27935,AMB,AMB_OBV08,amb/obv08/data,OBV08,Tesla,"(30000,)",1,30000,float32,amb27935.nc
27936,AMB,AMB_OBV08,amb/obv08/data,OBV08,Tesla,"(30000,)",1,30000,float32,amb27936.nc
27937,AMB,AMB_OBV08,amb/obv08/data,OBV08,Tesla,"(30000,)",1,30000,float32,amb27937.nc
27938,AMB,AMB_OBV08,amb/obv08/data,OBV08,Tesla,"(30000,)",1,30000,float32,amb27938.nc
27929,AMB,AMB_OBV09,amb/obv09/data,OBV09,Tesla,"(30000,)",1,30000,float32,amb27929.nc
27930,AMB,AMB_OBV09,amb/obv09/data,OBV09,Tesla,"(30000,)",1,30000,float32,amb27930 (2).nc
27931,AMB,AMB_OBV09,amb/obv09/data,OBV09,Tesla,"(30000,)",1,30000,float32,amb27931.nc
27932,AMB,AMB_OBV09,amb/obv09/data,OBV09,Tesla,"(30000,)",1,30000,float32,amb27932.nc
27933,AMB,AMB_OBV09,amb/obv09/data,OBV09,Tesla,"(30000,)",1,30000,float32,amb27933.nc
27934,AMB,AMB_OBV09,amb/obv09/data,OBV09,Tesla,"(30000,)",1,30000,float32,amb27934.nc
27935,AMB,AMB_OBV09,amb/obv09/data,OBV09,Tesla,"(30000,)",1,30000,float32,amb27935.nc
27936,AMB,AMB_OBV09,amb/obv09/data,OBV09,Tesla,"(30000,)",1,30000,float32,amb27936.nc
27937,AMB,AMB_OBV09,amb/obv09/data,OBV09,Tesla,"(30000,)",1,30000,float32,amb27937.nc
27938,AMB,AMB_OBV09,amb/obv09/data,OBV09,Tesla,"(30000,)",1,30000,float32,amb27938.nc
27929,AMB,AMB_OBV11,amb/obv11/data,OBV11,Tesla,"(30000,)",1,30000,float32,amb27929.nc
27930,AMB,AMB_OBV11,amb/obv11/data,OBV11,Tesla,"(30000,)",1,30000,float32,amb27930 (2).nc
27931,AMB,AMB_OBV11,amb/obv11/data,OBV11,Tesla,"(30000,)",1,30000,float32,amb27931.nc
27932,AMB,AMB_OBV11,amb/obv11/data,OBV11,Tesla,"(30000,)",1,30000,float32,amb27932.nc
27933,AMB,AMB_OBV11,amb/obv11/data,OBV11,Tesla,"(30000,)",1,30000,float32,amb27933.nc
27934,AMB,AMB_OBV11,amb/obv11/data,OBV11,Tesla,"(30000,)",1,30000,float32,amb27934.nc
27935,AMB,AMB_OBV11,amb/obv11/data,OBV11,Tesla,"(30000,)",1,30000,float32,amb27935.nc
27936,AMB,AMB_OBV11,amb/obv11/data,OBV11,Tesla,"(30000,)",1,30000,float32,amb27936.nc
27937,AMB,AMB_OBV11,amb/obv11/data,OBV11,Tesla,"(30000,)",1,30000,float32,amb27937.nc
27938,AMB,AMB_OBV11,amb/obv11/data,OBV11,Tesla,"(30000,)",1,30000,float32,amb27938.nc
27929,AMB,AMB_OBV13,amb/obv13/data,OBV13,Tesla,"(30000,)",1,30000,float32,amb27929.nc
27930,AMB,AMB_OBV13,amb/obv13/data,OBV13,Tesla,"(30000,)",1,30000,float32,amb27930 (2).nc
27931,AMB,AMB_OBV13,amb/obv13/data,OBV13,Tesla,"(30000,)",1,30000,float32,amb27931.nc
27932,AMB,AMB_OBV13,amb/obv13/data,OBV13,Tesla,"(30000,)",1,30000,float32,amb27932.nc
27933,AMB,AMB_OBV13,amb/obv13/data,OBV13,Tesla,"(30000,)",1,30000,float32,amb27933.nc
27934,AMB,AMB_OBV13,amb/obv13/data,OBV13,Tesla,"(30000,)",1,30000,float32,amb27934.nc
27935,AMB,AMB_OBV13,amb/obv13/data,OBV13,Tesla,"(30000,)",1,30000,float32,amb27935.nc
27936,AMB,AMB_OBV13,amb/obv13/data,OBV13,Tesla,"(30000,)",1,30000,float32,amb27936.nc
27937,AMB,AMB_OBV13,amb/obv13/data,OBV13,Tesla,"(30000,)",1,30000,float32,amb27937.nc
27938,AMB,AMB_OBV13,amb/obv13/data,OBV13,Tesla,"(30000,)",1,30000,float32,amb27938.nc
27929,AMB,AMB_OBV14,amb/obv14/data,OBV14,Tesla,"(30000,)",1,30000,float32,amb27929.nc
27930,AMB,AMB_OBV14,amb/obv14/data,OBV14,Tesla,"(30000,)",1,30000,float32,amb27930 (2).nc
27931,AMB,AMB_OBV14,amb/obv14/data,OBV14,Tesla,"(30000,)",1,30000,float32,amb27931.nc
27932,AMB,AMB_OBV14,amb/obv14/data,OBV14,Tesla,"(30000,)",1,30000,float32,amb27932.nc
27933,AMB,AMB_OBV14,amb/obv14/data,OBV14,Tesla,"(30000,)",1,30000,float32,amb27933.nc
27934,AMB,AMB_OBV14,amb/obv14/data,OBV14,Tesla,"(30000,)",1,30000,float32,amb27934.nc
27935,AMB,AMB_OBV14,amb/obv14/data,OBV14,Tesla,"(30000,)",1,30000,float32,amb27935.nc
27936,AMB,AMB_OBV14,amb/obv14/data,OBV14,Tesla,"(30000,)",1,30000,float32,amb27936.nc
27937,AMB,AMB_OBV14,amb/obv14/data,OBV14,Tesla,"(30000,)",1,30000,float32,amb27937.nc
27938,AMB,AMB_OBV14,amb/obv14/data,OBV14,Tesla,"(30000,)",1,30000,float32,amb27938.nc
27929,AMB,AMB_OBV15,amb/obv15/data,OBV15,Tesla,"(30000,)",1,30000,float32,amb27929.nc
27930,AMB,AMB_OBV15,amb/obv15/data,OBV15,Tesla,"(30000,)",1,30000,float32,amb27930 (2).nc
27931,AMB,AMB_OBV15,amb/obv15/data,OBV15,Tesla,"(30000,)",1,30000,float32,amb27931.nc
27932,AMB,AMB_OBV15,amb/obv15/data,OBV15,Tesla,"(30000,)",1,30000,float32,amb27932.nc
27933,AMB,AMB_OBV15,amb/obv15/data,OBV15,Tesla,"(30000,)",1,30000,float32,amb27933.nc
27934,AMB,AMB_OBV15,amb/obv15/data,OBV15,Tesla,"(30000,)",1,30000,float32,amb27934.nc
27935,AMB,AMB_OBV15,amb/obv15/data,OBV15,Tesla,"(30000,)",1,30000,float32,amb27935.nc
27936,AMB,AMB_OBV15,amb/obv15/data,OBV15,Tesla,"(30000,)",1,30000,float32,amb27936.nc
27937,AMB,AMB_OBV15,amb/obv15/data,OBV15,Tesla,"(30000,)",1,30000,float32,amb27937.nc
27938,AMB,AMB_OBV15,amb/obv15/data,OBV15,Tesla,"(30000,)",1,30000,float32,amb27938.nc
27929,AMB,AMB_OBV16,amb/obv16/data,OBV16,Tesla,"(30000,)",1,30000,float32,amb27929.nc
27930,AMB,AMB_OBV16,amb/obv16/data,OBV16,Tesla,"(30000,)",1,30000,float32,amb27930 (2).nc
27931,AMB,AMB_OBV16,amb/obv16/data,OBV16,Tesla,"(30000,)",1,30000,float32,amb27931.nc
27932,AMB,AMB_OBV16,amb/obv16/data,OBV16,Tesla,"(30000,)",1,30000,float32,amb27932.nc
27933,AMB,AMB_OBV16,amb/obv16/data,OBV16,Tesla,"(30000,)",1,30000,float32,amb27933.nc
27934,AMB,AMB_OBV16,amb/obv16/data,OBV16,Tesla,"(30000,)",1,30000,float32,amb27934.nc
27935,AMB,AMB_OBV16,amb/obv16/data,OBV16,Tesla,"(30000,)",1,30000,float32,amb27935.nc
27936,AMB,AMB_OBV16,amb/obv16/data,OBV16,Tesla,"(30000,)",1,30000,float32,amb27936.nc
27937,AMB,AMB_OBV16,amb/obv16/data,OBV16,Tesla,"(30000,)",1,30000,float32,amb27937.nc
27938,AMB,AMB_OBV16,amb/obv16/data,OBV16,Tesla,"(30000,)",1,30000,float32,amb27938.nc
27929,AMB,AMB_OBV17,amb/obv17/data,OBV17,Tesla,"(30000,)",1,30000,float32,amb27929.nc
27930,AMB,AMB_OBV17,amb/obv17/data,OBV17,Tesla,"(30000,)",1,30000,float32,amb27930 (2).nc
27931,AMB,AMB_OBV17,amb/obv17/data,OBV17,Tesla,"(30000,)",1,30000,float32,amb27931.nc
27932,AMB,AMB_OBV17,amb/obv17/data,OBV17,Tesla,"(30000,)",1,30000,float32,amb27932.nc
27933,AMB,AMB_OBV17,amb/obv17/data,OBV17,Tesla,"(30000,)",1,30000,float32,amb27933.nc
27934,AMB,AMB_OBV17,amb/obv17/data,OBV17,Tesla,"(30000,)",1,30000,float32,amb27934.nc
27935,AMB,AMB_OBV17,amb/obv17/data,OBV17,Tesla,"(30000,)",1,30000,float32,amb27935.nc
27936,AMB,AMB_OBV17,amb/obv17/data,OBV17,Tesla,"(30000,)",1,30000,float32,amb27936.nc
27937,AMB,AMB_OBV17,amb/obv17/data,OBV17,Tesla,"(30000,)",1,30000,float32,amb27937.nc
27938,AMB,AMB_OBV17,amb/obv17/data,OBV17,Tesla,"(30000,)",1,30000,float32,amb27938.nc
27929,AMB,AMB_OBV18,amb/obv18/data,OBV18,Tesla,"(30000,)",1,30000,float32,amb27929.nc
27930,AMB,AMB_OBV18,amb/obv18/data,OBV18,Tesla,"(30000,)",1,30000,float32,amb27930 (2).nc
27931,AMB,AMB_OBV18,amb/obv18/data,OBV18,Tesla,"(30000,)",1,30000,float32,amb27931.nc
27932,AMB,AMB_OBV18,amb/obv18/data,OBV18,Tesla,"(30000,)",1,30000,float32,amb27932.nc
27933,AMB,AMB_OBV18,amb/obv18/data,OBV18,Tesla,"(30000,)",1,30000,float32,amb27933.nc
27934,AMB,AMB_OBV18,amb/obv18/data,OBV18,Tesla,"(30000,)",1,30000,float32,amb27934.nc
27935,AMB,AMB_OBV18,amb/obv18/data,OBV18,Tesla,"(30000,)",1,30000,float32,amb27935.nc
27936,AMB,AMB_OBV18,amb/obv18/data,OBV18,Tesla,"(30000,)",1,30000,float32,amb27936.nc
27937,AMB,AMB_OBV18,amb/obv18/data,OBV18,Tesla,"(30000,)",1,30000,float32,amb27937.nc
27938,AMB,AMB_OBV18,amb/obv18/data,OBV18,Tesla,"(30000,)",1,30000,float32,amb27938.nc
27929,AMB,AMB_OBV19,amb/obv19/data,OBV19,Tesla,"(30000,)",1,30000,float32,amb27929.nc
27930,AMB,AMB_OBV19,amb/obv19/data,OBV19,Tesla,"(30000,)",1,30000,float32,amb27930 (2).nc
27931,AMB,AMB_OBV19,amb/obv19/data,OBV19,Tesla,"(30000,)",1,30000,float32,amb27931.nc
27932,AMB,AMB_OBV19,amb/obv19/data,OBV19,Tesla,"(30000,)",1,30000,float32,amb27932.nc
27933,AMB,AMB_OBV19,amb/obv19/data,OBV19,Tesla,"(30000,)",1,30000,float32,amb27933.nc
27934,AMB,AMB_OBV19,amb/obv19/data,OBV19,Tesla,"(30000,)",1,30000,float32,amb27934.nc
27935,AMB,AMB_OBV19,amb/obv19/data,OBV19,Tesla,"(30000,)",1,30000,float32,amb27935.nc
27936,AMB,AMB_OBV19,amb/obv19/data,OBV19,Tesla,"(30000,)",1,30000,float32,amb27936.nc
27937,AMB,AMB_OBV19,amb/obv19/data,OBV19,Tesla,"(30000,)",1,30000,float32,amb27937.nc
27938,AMB,AMB_OBV19,amb/obv19/data,OBV19,Tesla,"(30000,)",1,30000,float32,amb27938.nc
27929,AMB,AMB_STATUS,amb/status/data,,,"(1,)",1,1,float32,amb27929.nc
27930,AMB,AMB_STATUS,amb/status/data,,,"(1,)",1,1,float32,amb27930 (2).nc
27931,AMB,AMB_STATUS,amb/status/data,,,"(1,)",1,1,float32,amb27931.nc
27932,AMB,AMB_STATUS,amb/status/data,,,"(1,)",1,1,float32,amb27932.nc
27933,AMB,AMB_STATUS,amb/status/data,,,"(1,)",1,1,float32,amb27933.nc
27934,AMB,AMB_STATUS,amb/status/data,,,"(1,)",1,1,float32,amb27934.nc
27935,AMB,AMB_STATUS,amb/status/data,,,"(1,)",1,1,float32,amb27935.nc
27936,AMB,AMB_STATUS,amb/status/data,,,"(1,)",1,1,float32,amb27936.nc
27937,AMB,AMB_STATUS,amb/status/data,,,"(1,)",1,1,float32,amb27937.nc
27938,AMB,AMB_STATUS,amb/status/data,,,"(1,)",1,1,float32,amb27938.nc
27929,AMB,VERSION,amb/version/data,,,"(1,)",1,1,float32,amb27929.nc
27930,AMB,VERSION,amb/version/data,,,"(1,)",1,1,float32,amb27930 (2).nc
27931,AMB,VERSION,amb/version/data,,,"(1,)",1,1,float32,amb27931.nc
27932,AMB,VERSION,amb/version/data,,,"(1,)",1,1,float32,amb27932.nc
27933,AMB,VERSION,amb/version/data,,,"(1,)",1,1,float32,amb27933.nc
27934,AMB,VERSION,amb/version/data,,,"(1,)",1,1,float32,amb27934.nc
27935,AMB,VERSION,amb/version/data,,,"(1,)",1,1,float32,amb27935.nc
27936,AMB,VERSION,amb/version/data,,,"(1,)",1,1,float32,amb27936.nc
27937,AMB,VERSION,amb/version/data,,,"(1,)",1,1,float32,amb27937.nc
27938,AMB,VERSION,amb/version/data,,,"(1,)",1,1,float32,amb27938.nc
27929,AMC,AMC_EFPS CURRENT,amc/efps_current/data,EFPS Current,kA,"(30000,)",1,30000,float32,amc27929.nc
27930,AMC,AMC_EFPS CURRENT,amc/efps_current/data,EFPS Current,kA,"(30000,)",1,30000,float32,amc27930 (2).nc
27931,AMC,AMC_EFPS CURRENT,amc/efps_current/data,EFPS Current,kA,"(30000,)",1,30000,float32,amc27931.nc
27932,AMC,AMC_EFPS CURRENT,amc/efps_current/data,EFPS Current,kA,"(30000,)",1,30000,float32,amc27932.nc
27933,AMC,AMC_EFPS CURRENT,amc/efps_current/data,EFPS Current,kA,"(30000,)",1,30000,float32,amc27933.nc
27934,AMC,AMC_EFPS CURRENT,amc/efps_current/data,EFPS Current,kA,"(30000,)",1,30000,float32,amc27934.nc
27935,AMC,AMC_EFPS CURRENT,amc/efps_current/data,EFPS Current,kA,"(30000,)",1,30000,float32,amc27935.nc
27936,AMC,AMC_EFPS CURRENT,amc/efps_current/data,EFPS Current,kA,"(30000,)",1,30000,float32,amc27936.nc
27937,AMC,AMC_EFPS CURRENT,amc/efps_current/data,EFPS Current,kA,"(30000,)",1,30000,float32,amc27937.nc
27938,AMC,AMC_EFPS CURRENT,amc/efps_current/data,EFPS Current,kA,"(30000,)",1,30000,float32,amc27938.nc
27929,AMC,AMC_ERROR FIELD/02,amc/error_field/02/data,Error Field/02,kA.turn,"(30000,)",1,30000,float32,amc27929.nc
27930,AMC,AMC_ERROR FIELD/02,amc/error_field/02/data,Error Field/02,kA.turn,"(30000,)",1,30000,float32,amc27930 (2).nc
27931,AMC,AMC_ERROR FIELD/02,amc/error_field/02/data,Error Field/02,kA.turn,"(30000,)",1,30000,float32,amc27931.nc
27932,AMC,AMC_ERROR FIELD/02,amc/error_field/02/data,Error Field/02,kA.turn,"(30000,)",1,30000,float32,amc27932.nc
27933,AMC,AMC_ERROR FIELD/02,amc/error_field/02/data,Error Field/02,kA.turn,"(30000,)",1,30000,float32,amc27933.nc
27934,AMC,AMC_ERROR FIELD/02,amc/error_field/02/data,Error Field/02,kA.turn,"(30000,)",1,30000,float32,amc27934.nc
27935,AMC,AMC_ERROR FIELD/02,amc/error_field/02/data,Error Field/02,kA.turn,"(30000,)",1,30000,float32,amc27935.nc
27936,AMC,AMC_ERROR FIELD/02,amc/error_field/02/data,Error Field/02,kA.turn,"(30000,)",1,30000,float32,amc27936.nc
27937,AMC,AMC_ERROR FIELD/02,amc/error_field/02/data,Error Field/02,kA.turn,"(30000,)",1,30000,float32,amc27937.nc
27938,AMC,AMC_ERROR FIELD/02,amc/error_field/02/data,Error Field/02,kA.turn,"(30000,)",1,30000,float32,amc27938.nc
27929,AMC,AMC_ERROR FIELD/05,amc/error_field/05/data,Error Field/05,kA.turn,"(30000,)",1,30000,float32,amc27929.nc
27930,AMC,AMC_ERROR FIELD/05,amc/error_field/05/data,Error Field/05,kA.turn,"(30000,)",1,30000,float32,amc27930 (2).nc
27931,AMC,AMC_ERROR FIELD/05,amc/error_field/05/data,Error Field/05,kA.turn,"(30000,)",1,30000,float32,amc27931.nc
27932,AMC,AMC_ERROR FIELD/05,amc/error_field/05/data,Error Field/05,kA.turn,"(30000,)",1,30000,float32,amc27932.nc
27933,AMC,AMC_ERROR FIELD/05,amc/error_field/05/data,Error Field/05,kA.turn,"(30000,)",1,30000,float32,amc27933.nc
27934,AMC,AMC_ERROR FIELD/05,amc/error_field/05/data,Error Field/05,kA.turn,"(30000,)",1,30000,float32,amc27934.nc
27935,AMC,AMC_ERROR FIELD/05,amc/error_field/05/data,Error Field/05,kA.turn,"(30000,)",1,30000,float32,amc27935.nc
27936,AMC,AMC_ERROR FIELD/05,amc/error_field/05/data,Error Field/05,kA.turn,"(30000,)",1,30000,float32,amc27936.nc
27937,AMC,AMC_ERROR FIELD/05,amc/error_field/05/data,Error Field/05,kA.turn,"(30000,)",1,30000,float32,amc27937.nc
27938,AMC,AMC_ERROR FIELD/05,amc/error_field/05/data,Error Field/05,kA.turn,"(30000,)",1,30000,float32,amc27938.nc
27929,AMC,AMC_P2IL COIL CURRENT,amc/p2il_coil_current/data,P2IL Coil Current,kA.turn,"(30000,)",1,30000,float32,amc27929.nc
27930,AMC,AMC_P2IL COIL CURRENT,amc/p2il_coil_current/data,P2IL Coil Current,kA.turn,"(30000,)",1,30000,float32,amc27930 (2).nc
27931,AMC,AMC_P2IL COIL CURRENT,amc/p2il_coil_current/data,P2IL Coil Current,kA.turn,"(30000,)",1,30000,float32,amc27931.nc
27932,AMC,AMC_P2IL COIL CURRENT,amc/p2il_coil_current/data,P2IL Coil Current,kA.turn,"(30000,)",1,30000,float32,amc27932.nc
27933,AMC,AMC_P2IL COIL CURRENT,amc/p2il_coil_current/data,P2IL Coil Current,kA.turn,"(30000,)",1,30000,float32,amc27933.nc
27934,AMC,AMC_P2IL COIL CURRENT,amc/p2il_coil_current/data,P2IL Coil Current,kA.turn,"(30000,)",1,30000,float32,amc27934.nc
27935,AMC,AMC_P2IL COIL CURRENT,amc/p2il_coil_current/data,P2IL Coil Current,kA.turn,"(30000,)",1,30000,float32,amc27935.nc
27936,AMC,AMC_P2IL COIL CURRENT,amc/p2il_coil_current/data,P2IL Coil Current,kA.turn,"(30000,)",1,30000,float32,amc27936.nc
27937,AMC,AMC_P2IL COIL CURRENT,amc/p2il_coil_current/data,P2IL Coil Current,kA.turn,"(30000,)",1,30000,float32,amc27937.nc
27938,AMC,AMC_P2IL COIL CURRENT,amc/p2il_coil_current/data,P2IL Coil Current,kA.turn,"(30000,)",1,30000,float32,amc27938.nc
27929,AMC,AMC_P2IL FEED CURRENT,amc/p2il_feed_current/data,P2il Feed Current,kA,"(30000,)",1,30000,float32,amc27929.nc
27930,AMC,AMC_P2IL FEED CURRENT,amc/p2il_feed_current/data,P2il Feed Current,kA,"(30000,)",1,30000,float32,amc27930 (2).nc
27931,AMC,AMC_P2IL FEED CURRENT,amc/p2il_feed_current/data,P2il Feed Current,kA,"(30000,)",1,30000,float32,amc27931.nc
27932,AMC,AMC_P2IL FEED CURRENT,amc/p2il_feed_current/data,P2il Feed Current,kA,"(30000,)",1,30000,float32,amc27932.nc
27933,AMC,AMC_P2IL FEED CURRENT,amc/p2il_feed_current/data,P2il Feed Current,kA,"(30000,)",1,30000,float32,amc27933.nc
27934,AMC,AMC_P2IL FEED CURRENT,amc/p2il_feed_current/data,P2il Feed Current,kA,"(30000,)",1,30000,float32,amc27934.nc
27935,AMC,AMC_P2IL FEED CURRENT,amc/p2il_feed_current/data,P2il Feed Current,kA,"(30000,)",1,30000,float32,amc27935.nc
27936,AMC,AMC_P2IL FEED CURRENT,amc/p2il_feed_current/data,P2il Feed Current,kA,"(30000,)",1,30000,float32,amc27936.nc
27937,AMC,AMC_P2IL FEED CURRENT,amc/p2il_feed_current/data,P2il Feed Current,kA,"(30000,)",1,30000,float32,amc27937.nc
27938,AMC,AMC_P2IL FEED CURRENT,amc/p2il_feed_current/data,P2il Feed Current,kA,"(30000,)",1,30000,float32,amc27938.nc
27929,AMC,AMC_P2IU COIL CURRENT,amc/p2iu_coil_current/data,P2IU Coil Current,kA.turn,"(30000,)",1,30000,float32,amc27929.nc
27930,AMC,AMC_P2IU COIL CURRENT,amc/p2iu_coil_current/data,P2IU Coil Current,kA.turn,"(30000,)",1,30000,float32,amc27930 (2).nc
27931,AMC,AMC_P2IU COIL CURRENT,amc/p2iu_coil_current/data,P2IU Coil Current,kA.turn,"(30000,)",1,30000,float32,amc27931.nc
27932,AMC,AMC_P2IU COIL CURRENT,amc/p2iu_coil_current/data,P2IU Coil Current,kA.turn,"(30000,)",1,30000,float32,amc27932.nc
27933,AMC,AMC_P2IU COIL CURRENT,amc/p2iu_coil_current/data,P2IU Coil Current,kA.turn,"(30000,)",1,30000,float32,amc27933.nc
27934,AMC,AMC_P2IU COIL CURRENT,amc/p2iu_coil_current/data,P2IU Coil Current,kA.turn,"(30000,)",1,30000,float32,amc27934.nc
27935,AMC,AMC_P2IU COIL CURRENT,amc/p2iu_coil_current/data,P2IU Coil Current,kA.turn,"(30000,)",1,30000,float32,amc27935.nc
27936,AMC,AMC_P2IU COIL CURRENT,amc/p2iu_coil_current/data,P2IU Coil Current,kA.turn,"(30000,)",1,30000,float32,amc27936.nc
27937,AMC,AMC_P2IU COIL CURRENT,amc/p2iu_coil_current/data,P2IU Coil Current,kA.turn,"(30000,)",1,30000,float32,amc27937.nc
27938,AMC,AMC_P2IU COIL CURRENT,amc/p2iu_coil_current/data,P2IU Coil Current,kA.turn,"(30000,)",1,30000,float32,amc27938.nc
27929,AMC,AMC_P2IU FEED CURRENT,amc/p2iu_feed_current/data,P2iu Feed Current,kA,"(30000,)",1,30000,float32,amc27929.nc
27930,AMC,AMC_P2IU FEED CURRENT,amc/p2iu_feed_current/data,P2iu Feed Current,kA,"(30000,)",1,30000,float32,amc27930 (2).nc
27931,AMC,AMC_P2IU FEED CURRENT,amc/p2iu_feed_current/data,P2iu Feed Current,kA,"(30000,)",1,30000,float32,amc27931.nc
27932,AMC,AMC_P2IU FEED CURRENT,amc/p2iu_feed_current/data,P2iu Feed Current,kA,"(30000,)",1,30000,float32,amc27932.nc
27933,AMC,AMC_P2IU FEED CURRENT,amc/p2iu_feed_current/data,P2iu Feed Current,kA,"(30000,)",1,30000,float32,amc27933.nc
27934,AMC,AMC_P2IU FEED CURRENT,amc/p2iu_feed_current/data,P2iu Feed Current,kA,"(30000,)",1,30000,float32,amc27934.nc
27935,AMC,AMC_P2IU FEED CURRENT,amc/p2iu_feed_current/data,P2iu Feed Current,kA,"(30000,)",1,30000,float32,amc27935.nc
27936,AMC,AMC_P2IU FEED CURRENT,amc/p2iu_feed_current/data,P2iu Feed Current,kA,"(30000,)",1,30000,float32,amc27936.nc
27937,AMC,AMC_P2IU FEED CURRENT,amc/p2iu_feed_current/data,P2iu Feed Current,kA,"(30000,)",1,30000,float32,amc27937.nc
27938,AMC,AMC_P2IU FEED CURRENT,amc/p2iu_feed_current/data,P2iu Feed Current,kA,"(30000,)",1,30000,float32,amc27938.nc
27929,AMC,AMC_P2L CASE CURRENT,amc/p2l_case_current/data,P2L Case Current,kA,"(30000,)",1,30000,float32,amc27929.nc
27930,AMC,AMC_P2L CASE CURRENT,amc/p2l_case_current/data,P2L Case Current,kA,"(30000,)",1,30000,float32,amc27930 (2).nc
27931,AMC,AMC_P2L CASE CURRENT,amc/p2l_case_current/data,P2L Case Current,kA,"(30000,)",1,30000,float32,amc27931.nc
27932,AMC,AMC_P2L CASE CURRENT,amc/p2l_case_current/data,P2L Case Current,kA,"(30000,)",1,30000,float32,amc27932.nc
27933,AMC,AMC_P2L CASE CURRENT,amc/p2l_case_current/data,P2L Case Current,kA,"(30000,)",1,30000,float32,amc27933.nc
27934,AMC,AMC_P2L CASE CURRENT,amc/p2l_case_current/data,P2L Case Current,kA,"(30000,)",1,30000,float32,amc27934.nc
27935,AMC,AMC_P2L CASE CURRENT,amc/p2l_case_current/data,P2L Case Current,kA,"(30000,)",1,30000,float32,amc27935.nc
27936,AMC,AMC_P2L CASE CURRENT,amc/p2l_case_current/data,P2L Case Current,kA,"(30000,)",1,30000,float32,amc27936.nc
27937,AMC,AMC_P2L CASE CURRENT,amc/p2l_case_current/data,P2L Case Current,kA,"(30000,)",1,30000,float32,amc27937.nc
27938,AMC,AMC_P2L CASE CURRENT,amc/p2l_case_current/data,P2L Case Current,kA,"(30000,)",1,30000,float32,amc27938.nc
27929,AMC,AMC_P2L CURRENT,amc/p2l_current/data,P2L Current,kA.turn,"(30000,)",1,30000,float32,amc27929.nc
27930,AMC,AMC_P2L CURRENT,amc/p2l_current/data,P2L Current,kA.turn,"(30000,)",1,30000,float32,amc27930 (2).nc
27931,AMC,AMC_P2L CURRENT,amc/p2l_current/data,P2L Current,kA.turn,"(30000,)",1,30000,float32,amc27931.nc
27932,AMC,AMC_P2L CURRENT,amc/p2l_current/data,P2L Current,kA.turn,"(30000,)",1,30000,float32,amc27932.nc
27933,AMC,AMC_P2L CURRENT,amc/p2l_current/data,P2L Current,kA.turn,"(30000,)",1,30000,float32,amc27933.nc
27934,AMC,AMC_P2L CURRENT,amc/p2l_current/data,P2L Current,kA.turn,"(30000,)",1,30000,float32,amc27934.nc
27935,AMC,AMC_P2L CURRENT,amc/p2l_current/data,P2L Current,kA.turn,"(30000,)",1,30000,float32,amc27935.nc
27936,AMC,AMC_P2L CURRENT,amc/p2l_current/data,P2L Current,kA.turn,"(30000,)",1,30000,float32,amc27936.nc
27937,AMC,AMC_P2L CURRENT,amc/p2l_current/data,P2L Current,kA.turn,"(30000,)",1,30000,float32,amc27937.nc
27938,AMC,AMC_P2L CURRENT,amc/p2l_current/data,P2L Current,kA.turn,"(30000,)",1,30000,float32,amc27938.nc
27929,AMC,AMC_P2OL COIL CURRENT,amc/p2ol_coil_current/data,P2OL Coil Current,kA.turn,"(30000,)",1,30000,float32,amc27929.nc
27930,AMC,AMC_P2OL COIL CURRENT,amc/p2ol_coil_current/data,P2OL Coil Current,kA.turn,"(30000,)",1,30000,float32,amc27930 (2).nc
27931,AMC,AMC_P2OL COIL CURRENT,amc/p2ol_coil_current/data,P2OL Coil Current,kA.turn,"(30000,)",1,30000,float32,amc27931.nc
27932,AMC,AMC_P2OL COIL CURRENT,amc/p2ol_coil_current/data,P2OL Coil Current,kA.turn,"(30000,)",1,30000,float32,amc27932.nc
27933,AMC,AMC_P2OL COIL CURRENT,amc/p2ol_coil_current/data,P2OL Coil Current,kA.turn,"(30000,)",1,30000,float32,amc27933.nc
27934,AMC,AMC_P2OL COIL CURRENT,amc/p2ol_coil_current/data,P2OL Coil Current,kA.turn,"(30000,)",1,30000,float32,amc27934.nc
27935,AMC,AMC_P2OL COIL CURRENT,amc/p2ol_coil_current/data,P2OL Coil Current,kA.turn,"(30000,)",1,30000,float32,amc27935.nc
27936,AMC,AMC_P2OL COIL CURRENT,amc/p2ol_coil_current/data,P2OL Coil Current,kA.turn,"(30000,)",1,30000,float32,amc27936.nc
27937,AMC,AMC_P2OL COIL CURRENT,amc/p2ol_coil_current/data,P2OL Coil Current,kA.turn,"(30000,)",1,30000,float32,amc27937.nc
27938,AMC,AMC_P2OL COIL CURRENT,amc/p2ol_coil_current/data,P2OL Coil Current,kA.turn,"(30000,)",1,30000,float32,amc27938.nc
27929,AMC,AMC_P2OL FEED CURRENT,amc/p2ol_feed_current/data,P2ol Feed Current,kA,"(30000,)",1,30000,float32,amc27929.nc
27930,AMC,AMC_P2OL FEED CURRENT,amc/p2ol_feed_current/data,P2ol Feed Current,kA,"(30000,)",1,30000,float32,amc27930 (2).nc
27931,AMC,AMC_P2OL FEED CURRENT,amc/p2ol_feed_current/data,P2ol Feed Current,kA,"(30000,)",1,30000,float32,amc27931.nc
27932,AMC,AMC_P2OL FEED CURRENT,amc/p2ol_feed_current/data,P2ol Feed Current,kA,"(30000,)",1,30000,float32,amc27932.nc
27933,AMC,AMC_P2OL FEED CURRENT,amc/p2ol_feed_current/data,P2ol Feed Current,kA,"(30000,)",1,30000,float32,amc27933.nc
27934,AMC,AMC_P2OL FEED CURRENT,amc/p2ol_feed_current/data,P2ol Feed Current,kA,"(30000,)",1,30000,float32,amc27934.nc
27935,AMC,AMC_P2OL FEED CURRENT,amc/p2ol_feed_current/data,P2ol Feed Current,kA,"(30000,)",1,30000,float32,amc27935.nc
27936,AMC,AMC_P2OL FEED CURRENT,amc/p2ol_feed_current/data,P2ol Feed Current,kA,"(30000,)",1,30000,float32,amc27936.nc
27937,AMC,AMC_P2OL FEED CURRENT,amc/p2ol_feed_current/data,P2ol Feed Current,kA,"(30000,)",1,30000,float32,amc27937.nc
27938,AMC,AMC_P2OL FEED CURRENT,amc/p2ol_feed_current/data,P2ol Feed Current,kA,"(30000,)",1,30000,float32,amc27938.nc
27929,AMC,AMC_P2OU COIL CURRENT,amc/p2ou_coil_current/data,P2OU Coil Current,kA.turn,"(30000,)",1,30000,float32,amc27929.nc
27930,AMC,AMC_P2OU COIL CURRENT,amc/p2ou_coil_current/data,P2OU Coil Current,kA.turn,"(30000,)",1,30000,float32,amc27930 (2).nc
27931,AMC,AMC_P2OU COIL CURRENT,amc/p2ou_coil_current/data,P2OU Coil Current,kA.turn,"(30000,)",1,30000,float32,amc27931.nc
27932,AMC,AMC_P2OU COIL CURRENT,amc/p2ou_coil_current/data,P2OU Coil Current,kA.turn,"(30000,)",1,30000,float32,amc27932.nc
27933,AMC,AMC_P2OU COIL CURRENT,amc/p2ou_coil_current/data,P2OU Coil Current,kA.turn,"(30000,)",1,30000,float32,amc27933.nc
27934,AMC,AMC_P2OU COIL CURRENT,amc/p2ou_coil_current/data,P2OU Coil Current,kA.turn,"(30000,)",1,30000,float32,amc27934.nc
27935,AMC,AMC_P2OU COIL CURRENT,amc/p2ou_coil_current/data,P2OU Coil Current,kA.turn,"(30000,)",1,30000,float32,amc27935.nc
27936,AMC,AMC_P2OU COIL CURRENT,amc/p2ou_coil_current/data,P2OU Coil Current,kA.turn,"(30000,)",1,30000,float32,amc27936.nc
27937,AMC,AMC_P2OU COIL CURRENT,amc/p2ou_coil_current/data,P2OU Coil Current,kA.turn,"(30000,)",1,30000,float32,amc27937.nc
27938,AMC,AMC_P2OU COIL CURRENT,amc/p2ou_coil_current/data,P2OU Coil Current,kA.turn,"(30000,)",1,30000,float32,amc27938.nc
27929,AMC,AMC_P2OU FEED CURRENT,amc/p2ou_feed_current/data,P2ou Feed Current,kA,"(30000,)",1,30000,float32,amc27929.nc
27930,AMC,AMC_P2OU FEED CURRENT,amc/p2ou_feed_current/data,P2ou Feed Current,kA,"(30000,)",1,30000,float32,amc27930 (2).nc
27931,AMC,AMC_P2OU FEED CURRENT,amc/p2ou_feed_current/data,P2ou Feed Current,kA,"(30000,)",1,30000,float32,amc27931.nc
27932,AMC,AMC_P2OU FEED CURRENT,amc/p2ou_feed_current/data,P2ou Feed Current,kA,"(30000,)",1,30000,float32,amc27932.nc
27933,AMC,AMC_P2OU FEED CURRENT,amc/p2ou_feed_current/data,P2ou Feed Current,kA,"(30000,)",1,30000,float32,amc27933.nc
27934,AMC,AMC_P2OU FEED CURRENT,amc/p2ou_feed_current/data,P2ou Feed Current,kA,"(30000,)",1,30000,float32,amc27934.nc
27935,AMC,AMC_P2OU FEED CURRENT,amc/p2ou_feed_current/data,P2ou Feed Current,kA,"(30000,)",1,30000,float32,amc27935.nc
27936,AMC,AMC_P2OU FEED CURRENT,amc/p2ou_feed_current/data,P2ou Feed Current,kA,"(30000,)",1,30000,float32,amc27936.nc
27937,AMC,AMC_P2OU FEED CURRENT,amc/p2ou_feed_current/data,P2ou Feed Current,kA,"(30000,)",1,30000,float32,amc27937.nc
27938,AMC,AMC_P2OU FEED CURRENT,amc/p2ou_feed_current/data,P2ou Feed Current,kA,"(30000,)",1,30000,float32,amc27938.nc
27929,AMC,AMC_P2U CASE CURRENT,amc/p2u_case_current/data,P2U Case Current,kA,"(30000,)",1,30000,float32,amc27929.nc
27930,AMC,AMC_P2U CASE CURRENT,amc/p2u_case_current/data,P2U Case Current,kA,"(30000,)",1,30000,float32,amc27930 (2).nc
27931,AMC,AMC_P2U CASE CURRENT,amc/p2u_case_current/data,P2U Case Current,kA,"(30000,)",1,30000,float32,amc27931.nc
27932,AMC,AMC_P2U CASE CURRENT,amc/p2u_case_current/data,P2U Case Current,kA,"(30000,)",1,30000,float32,amc27932.nc
27933,AMC,AMC_P2U CASE CURRENT,amc/p2u_case_current/data,P2U Case Current,kA,"(30000,)",1,30000,float32,amc27933.nc
27934,AMC,AMC_P2U CASE CURRENT,amc/p2u_case_current/data,P2U Case Current,kA,"(30000,)",1,30000,float32,amc27934.nc
27935,AMC,AMC_P2U CASE CURRENT,amc/p2u_case_current/data,P2U Case Current,kA,"(30000,)",1,30000,float32,amc27935.nc
27936,AMC,AMC_P2U CASE CURRENT,amc/p2u_case_current/data,P2U Case Current,kA,"(30000,)",1,30000,float32,amc27936.nc
27937,AMC,AMC_P2U CASE CURRENT,amc/p2u_case_current/data,P2U Case Current,kA,"(30000,)",1,30000,float32,amc27937.nc
27938,AMC,AMC_P2U CASE CURRENT,amc/p2u_case_current/data,P2U Case Current,kA,"(30000,)",1,30000,float32,amc27938.nc
27929,AMC,AMC_P2U CURRENT,amc/p2u_current/data,P2U Current,kA.turn,"(30000,)",1,30000,float32,amc27929.nc
27930,AMC,AMC_P2U CURRENT,amc/p2u_current/data,P2U Current,kA.turn,"(30000,)",1,30000,float32,amc27930 (2).nc
27931,AMC,AMC_P2U CURRENT,amc/p2u_current/data,P2U Current,kA.turn,"(30000,)",1,30000,float32,amc27931.nc
27932,AMC,AMC_P2U CURRENT,amc/p2u_current/data,P2U Current,kA.turn,"(30000,)",1,30000,float32,amc27932.nc
27933,AMC,AMC_P2U CURRENT,amc/p2u_current/data,P2U Current,kA.turn,"(30000,)",1,30000,float32,amc27933.nc
27934,AMC,AMC_P2U CURRENT,amc/p2u_current/data,P2U Current,kA.turn,"(30000,)",1,30000,float32,amc27934.nc
27935,AMC,AMC_P2U CURRENT,amc/p2u_current/data,P2U Current,kA.turn,"(30000,)",1,30000,float32,amc27935.nc
27936,AMC,AMC_P2U CURRENT,amc/p2u_current/data,P2U Current,kA.turn,"(30000,)",1,30000,float32,amc27936.nc
27937,AMC,AMC_P2U CURRENT,amc/p2u_current/data,P2U Current,kA.turn,"(30000,)",1,30000,float32,amc27937.nc
27938,AMC,AMC_P2U CURRENT,amc/p2u_current/data,P2U Current,kA.turn,"(30000,)",1,30000,float32,amc27938.nc
27929,AMC,AMC_P3L CASE CURRENT,amc/p3l_case_current/data,P3L Case Current,kA,"(30000,)",1,30000,float32,amc27929.nc
27930,AMC,AMC_P3L CASE CURRENT,amc/p3l_case_current/data,P3L Case Current,kA,"(30000,)",1,30000,float32,amc27930 (2).nc
27931,AMC,AMC_P3L CASE CURRENT,amc/p3l_case_current/data,P3L Case Current,kA,"(30000,)",1,30000,float32,amc27931.nc
27932,AMC,AMC_P3L CASE CURRENT,amc/p3l_case_current/data,P3L Case Current,kA,"(30000,)",1,30000,float32,amc27932.nc
27933,AMC,AMC_P3L CASE CURRENT,amc/p3l_case_current/data,P3L Case Current,kA,"(30000,)",1,30000,float32,amc27933.nc
27934,AMC,AMC_P3L CASE CURRENT,amc/p3l_case_current/data,P3L Case Current,kA,"(30000,)",1,30000,float32,amc27934.nc
27935,AMC,AMC_P3L CASE CURRENT,amc/p3l_case_current/data,P3L Case Current,kA,"(30000,)",1,30000,float32,amc27935.nc
27936,AMC,AMC_P3L CASE CURRENT,amc/p3l_case_current/data,P3L Case Current,kA,"(30000,)",1,30000,float32,amc27936.nc
27937,AMC,AMC_P3L CASE CURRENT,amc/p3l_case_current/data,P3L Case Current,kA,"(30000,)",1,30000,float32,amc27937.nc
27938,AMC,AMC_P3L CASE CURRENT,amc/p3l_case_current/data,P3L Case Current,kA,"(30000,)",1,30000,float32,amc27938.nc
27929,AMC,AMC_P3L COIL CURRENT,amc/p3l_coil_current/data,P3L Coil Current,kA.turn,"(30000,)",1,30000,float32,amc27929.nc
27930,AMC,AMC_P3L COIL CURRENT,amc/p3l_coil_current/data,P3L Coil Current,kA.turn,"(30000,)",1,30000,float32,amc27930 (2).nc
27931,AMC,AMC_P3L COIL CURRENT,amc/p3l_coil_current/data,P3L Coil Current,kA.turn,"(30000,)",1,30000,float32,amc27931.nc
27932,AMC,AMC_P3L COIL CURRENT,amc/p3l_coil_current/data,P3L Coil Current,kA.turn,"(30000,)",1,30000,float32,amc27932.nc
27933,AMC,AMC_P3L COIL CURRENT,amc/p3l_coil_current/data,P3L Coil Current,kA.turn,"(30000,)",1,30000,float32,amc27933.nc
27934,AMC,AMC_P3L COIL CURRENT,amc/p3l_coil_current/data,P3L Coil Current,kA.turn,"(30000,)",1,30000,float32,amc27934.nc
27935,AMC,AMC_P3L COIL CURRENT,amc/p3l_coil_current/data,P3L Coil Current,kA.turn,"(30000,)",1,30000,float32,amc27935.nc
27936,AMC,AMC_P3L COIL CURRENT,amc/p3l_coil_current/data,P3L Coil Current,kA.turn,"(30000,)",1,30000,float32,amc27936.nc
27937,AMC,AMC_P3L COIL CURRENT,amc/p3l_coil_current/data,P3L Coil Current,kA.turn,"(30000,)",1,30000,float32,amc27937.nc
27938,AMC,AMC_P3L COIL CURRENT,amc/p3l_coil_current/data,P3L Coil Current,kA.turn,"(30000,)",1,30000,float32,amc27938.nc
27929,AMC,AMC_P3L CURRENT,amc/p3l_current/data,P3L Current,kA.turn,"(30000,)",1,30000,float32,amc27929.nc
27930,AMC,AMC_P3L CURRENT,amc/p3l_current/data,P3L Current,kA.turn,"(30000,)",1,30000,float32,amc27930 (2).nc
27931,AMC,AMC_P3L CURRENT,amc/p3l_current/data,P3L Current,kA.turn,"(30000,)",1,30000,float32,amc27931.nc
27932,AMC,AMC_P3L CURRENT,amc/p3l_current/data,P3L Current,kA.turn,"(30000,)",1,30000,float32,amc27932.nc
27933,AMC,AMC_P3L CURRENT,amc/p3l_current/data,P3L Current,kA.turn,"(30000,)",1,30000,float32,amc27933.nc
27934,AMC,AMC_P3L CURRENT,amc/p3l_current/data,P3L Current,kA.turn,"(30000,)",1,30000,float32,amc27934.nc
27935,AMC,AMC_P3L CURRENT,amc/p3l_current/data,P3L Current,kA.turn,"(30000,)",1,30000,float32,amc27935.nc
27936,AMC,AMC_P3L CURRENT,amc/p3l_current/data,P3L Current,kA.turn,"(30000,)",1,30000,float32,amc27936.nc
27937,AMC,AMC_P3L CURRENT,amc/p3l_current/data,P3L Current,kA.turn,"(30000,)",1,30000,float32,amc27937.nc
27938,AMC,AMC_P3L CURRENT,amc/p3l_current/data,P3L Current,kA.turn,"(30000,)",1,30000,float32,amc27938.nc
27929,AMC,AMC_P3L FEED CURRENT,amc/p3l_feed_current/data,P3l Feed Current,kA,"(30000,)",1,30000,float32,amc27929.nc
27930,AMC,AMC_P3L FEED CURRENT,amc/p3l_feed_current/data,P3l Feed Current,kA,"(30000,)",1,30000,float32,amc27930 (2).nc
27931,AMC,AMC_P3L FEED CURRENT,amc/p3l_feed_current/data,P3l Feed Current,kA,"(30000,)",1,30000,float32,amc27931.nc
27932,AMC,AMC_P3L FEED CURRENT,amc/p3l_feed_current/data,P3l Feed Current,kA,"(30000,)",1,30000,float32,amc27932.nc
27933,AMC,AMC_P3L FEED CURRENT,amc/p3l_feed_current/data,P3l Feed Current,kA,"(30000,)",1,30000,float32,amc27933.nc
27934,AMC,AMC_P3L FEED CURRENT,amc/p3l_feed_current/data,P3l Feed Current,kA,"(30000,)",1,30000,float32,amc27934.nc
27935,AMC,AMC_P3L FEED CURRENT,amc/p3l_feed_current/data,P3l Feed Current,kA,"(30000,)",1,30000,float32,amc27935.nc
27936,AMC,AMC_P3L FEED CURRENT,amc/p3l_feed_current/data,P3l Feed Current,kA,"(30000,)",1,30000,float32,amc27936.nc
27937,AMC,AMC_P3L FEED CURRENT,amc/p3l_feed_current/data,P3l Feed Current,kA,"(30000,)",1,30000,float32,amc27937.nc
27938,AMC,AMC_P3L FEED CURRENT,amc/p3l_feed_current/data,P3l Feed Current,kA,"(30000,)",1,30000,float32,amc27938.nc
27929,AMC,AMC_P3U CASE CURRENT,amc/p3u_case_current/data,P3U Case Current,kA,"(30000,)",1,30000,float32,amc27929.nc
27930,AMC,AMC_P3U CASE CURRENT,amc/p3u_case_current/data,P3U Case Current,kA,"(30000,)",1,30000,float32,amc27930 (2).nc
27931,AMC,AMC_P3U CASE CURRENT,amc/p3u_case_current/data,P3U Case Current,kA,"(30000,)",1,30000,float32,amc27931.nc
27932,AMC,AMC_P3U CASE CURRENT,amc/p3u_case_current/data,P3U Case Current,kA,"(30000,)",1,30000,float32,amc27932.nc
27933,AMC,AMC_P3U CASE CURRENT,amc/p3u_case_current/data,P3U Case Current,kA,"(30000,)",1,30000,float32,amc27933.nc
27934,AMC,AMC_P3U CASE CURRENT,amc/p3u_case_current/data,P3U Case Current,kA,"(30000,)",1,30000,float32,amc27934.nc
27935,AMC,AMC_P3U CASE CURRENT,amc/p3u_case_current/data,P3U Case Current,kA,"(30000,)",1,30000,float32,amc27935.nc
27936,AMC,AMC_P3U CASE CURRENT,amc/p3u_case_current/data,P3U Case Current,kA,"(30000,)",1,30000,float32,amc27936.nc
27937,AMC,AMC_P3U CASE CURRENT,amc/p3u_case_current/data,P3U Case Current,kA,"(30000,)",1,30000,float32,amc27937.nc
27938,AMC,AMC_P3U CASE CURRENT,amc/p3u_case_current/data,P3U Case Current,kA,"(30000,)",1,30000,float32,amc27938.nc
27929,AMC,AMC_P3U COIL CURRENT,amc/p3u_coil_current/data,P3U Coil Current,kA.turn,"(30000,)",1,30000,float32,amc27929.nc
27930,AMC,AMC_P3U COIL CURRENT,amc/p3u_coil_current/data,P3U Coil Current,kA.turn,"(30000,)",1,30000,float32,amc27930 (2).nc
27931,AMC,AMC_P3U COIL CURRENT,amc/p3u_coil_current/data,P3U Coil Current,kA.turn,"(30000,)",1,30000,float32,amc27931.nc
27932,AMC,AMC_P3U COIL CURRENT,amc/p3u_coil_current/data,P3U Coil Current,kA.turn,"(30000,)",1,30000,float32,amc27932.nc
27933,AMC,AMC_P3U COIL CURRENT,amc/p3u_coil_current/data,P3U Coil Current,kA.turn,"(30000,)",1,30000,float32,amc27933.nc
27934,AMC,AMC_P3U COIL CURRENT,amc/p3u_coil_current/data,P3U Coil Current,kA.turn,"(30000,)",1,30000,float32,amc27934.nc
27935,AMC,AMC_P3U COIL CURRENT,amc/p3u_coil_current/data,P3U Coil Current,kA.turn,"(30000,)",1,30000,float32,amc27935.nc
27936,AMC,AMC_P3U COIL CURRENT,amc/p3u_coil_current/data,P3U Coil Current,kA.turn,"(30000,)",1,30000,float32,amc27936.nc
27937,AMC,AMC_P3U COIL CURRENT,amc/p3u_coil_current/data,P3U Coil Current,kA.turn,"(30000,)",1,30000,float32,amc27937.nc
27938,AMC,AMC_P3U COIL CURRENT,amc/p3u_coil_current/data,P3U Coil Current,kA.turn,"(30000,)",1,30000,float32,amc27938.nc
27929,AMC,AMC_P3U CURRENT,amc/p3u_current/data,P3U Current,kA.turn,"(30000,)",1,30000,float32,amc27929.nc
27930,AMC,AMC_P3U CURRENT,amc/p3u_current/data,P3U Current,kA.turn,"(30000,)",1,30000,float32,amc27930 (2).nc
27931,AMC,AMC_P3U CURRENT,amc/p3u_current/data,P3U Current,kA.turn,"(30000,)",1,30000,float32,amc27931.nc
27932,AMC,AMC_P3U CURRENT,amc/p3u_current/data,P3U Current,kA.turn,"(30000,)",1,30000,float32,amc27932.nc
27933,AMC,AMC_P3U CURRENT,amc/p3u_current/data,P3U Current,kA.turn,"(30000,)",1,30000,float32,amc27933.nc
27934,AMC,AMC_P3U CURRENT,amc/p3u_current/data,P3U Current,kA.turn,"(30000,)",1,30000,float32,amc27934.nc
27935,AMC,AMC_P3U CURRENT,amc/p3u_current/data,P3U Current,kA.turn,"(30000,)",1,30000,float32,amc27935.nc
27936,AMC,AMC_P3U CURRENT,amc/p3u_current/data,P3U Current,kA.turn,"(30000,)",1,30000,float32,amc27936.nc
27937,AMC,AMC_P3U CURRENT,amc/p3u_current/data,P3U Current,kA.turn,"(30000,)",1,30000,float32,amc27937.nc
27938,AMC,AMC_P3U CURRENT,amc/p3u_current/data,P3U Current,kA.turn,"(30000,)",1,30000,float32,amc27938.nc
27929,AMC,AMC_P3U FEED CURRENT,amc/p3u_feed_current/data,P3u Feed Current,kA,"(30000,)",1,30000,float32,amc27929.nc
27930,AMC,AMC_P3U FEED CURRENT,amc/p3u_feed_current/data,P3u Feed Current,kA,"(30000,)",1,30000,float32,amc27930 (2).nc
27931,AMC,AMC_P3U FEED CURRENT,amc/p3u_feed_current/data,P3u Feed Current,kA,"(30000,)",1,30000,float32,amc27931.nc
27932,AMC,AMC_P3U FEED CURRENT,amc/p3u_feed_current/data,P3u Feed Current,kA,"(30000,)",1,30000,float32,amc27932.nc
27933,AMC,AMC_P3U FEED CURRENT,amc/p3u_feed_current/data,P3u Feed Current,kA,"(30000,)",1,30000,float32,amc27933.nc
27934,AMC,AMC_P3U FEED CURRENT,amc/p3u_feed_current/data,P3u Feed Current,kA,"(30000,)",1,30000,float32,amc27934.nc
27935,AMC,AMC_P3U FEED CURRENT,amc/p3u_feed_current/data,P3u Feed Current,kA,"(30000,)",1,30000,float32,amc27935.nc
27936,AMC,AMC_P3U FEED CURRENT,amc/p3u_feed_current/data,P3u Feed Current,kA,"(30000,)",1,30000,float32,amc27936.nc
27937,AMC,AMC_P3U FEED CURRENT,amc/p3u_feed_current/data,P3u Feed Current,kA,"(30000,)",1,30000,float32,amc27937.nc
27938,AMC,AMC_P3U FEED CURRENT,amc/p3u_feed_current/data,P3u Feed Current,kA,"(30000,)",1,30000,float32,amc27938.nc
27929,AMC,AMC_P4L CASE CURRENT,amc/p4l_case_current/data,P4L Case Current,kA,"(30000,)",1,30000,float32,amc27929.nc
27930,AMC,AMC_P4L CASE CURRENT,amc/p4l_case_current/data,P4L Case Current,kA,"(30000,)",1,30000,float32,amc27930 (2).nc
27931,AMC,AMC_P4L CASE CURRENT,amc/p4l_case_current/data,P4L Case Current,kA,"(30000,)",1,30000,float32,amc27931.nc
27932,AMC,AMC_P4L CASE CURRENT,amc/p4l_case_current/data,P4L Case Current,kA,"(30000,)",1,30000,float32,amc27932.nc
27933,AMC,AMC_P4L CASE CURRENT,amc/p4l_case_current/data,P4L Case Current,kA,"(30000,)",1,30000,float32,amc27933.nc
27934,AMC,AMC_P4L CASE CURRENT,amc/p4l_case_current/data,P4L Case Current,kA,"(30000,)",1,30000,float32,amc27934.nc
27935,AMC,AMC_P4L CASE CURRENT,amc/p4l_case_current/data,P4L Case Current,kA,"(30000,)",1,30000,float32,amc27935.nc
27936,AMC,AMC_P4L CASE CURRENT,amc/p4l_case_current/data,P4L Case Current,kA,"(30000,)",1,30000,float32,amc27936.nc
27937,AMC,AMC_P4L CASE CURRENT,amc/p4l_case_current/data,P4L Case Current,kA,"(30000,)",1,30000,float32,amc27937.nc
27938,AMC,AMC_P4L CASE CURRENT,amc/p4l_case_current/data,P4L Case Current,kA,"(30000,)",1,30000,float32,amc27938.nc
27929,AMC,AMC_P4L COIL CURRENT,amc/p4l_coil_current/data,P4L Coil Current,kA.turn,"(30000,)",1,30000,float32,amc27929.nc
27930,AMC,AMC_P4L COIL CURRENT,amc/p4l_coil_current/data,P4L Coil Current,kA.turn,"(30000,)",1,30000,float32,amc27930 (2).nc
27931,AMC,AMC_P4L COIL CURRENT,amc/p4l_coil_current/data,P4L Coil Current,kA.turn,"(30000,)",1,30000,float32,amc27931.nc
27932,AMC,AMC_P4L COIL CURRENT,amc/p4l_coil_current/data,P4L Coil Current,kA.turn,"(30000,)",1,30000,float32,amc27932.nc
27933,AMC,AMC_P4L COIL CURRENT,amc/p4l_coil_current/data,P4L Coil Current,kA.turn,"(30000,)",1,30000,float32,amc27933.nc
27934,AMC,AMC_P4L COIL CURRENT,amc/p4l_coil_current/data,P4L Coil Current,kA.turn,"(30000,)",1,30000,float32,amc27934.nc
27935,AMC,AMC_P4L COIL CURRENT,amc/p4l_coil_current/data,P4L Coil Current,kA.turn,"(30000,)",1,30000,float32,amc27935.nc
27936,AMC,AMC_P4L COIL CURRENT,amc/p4l_coil_current/data,P4L Coil Current,kA.turn,"(30000,)",1,30000,float32,amc27936.nc
27937,AMC,AMC_P4L COIL CURRENT,amc/p4l_coil_current/data,P4L Coil Current,kA.turn,"(30000,)",1,30000,float32,amc27937.nc
27938,AMC,AMC_P4L COIL CURRENT,amc/p4l_coil_current/data,P4L Coil Current,kA.turn,"(30000,)",1,30000,float32,amc27938.nc
27929,AMC,AMC_P4L CURRENT,amc/p4l_current/data,P4L Current,kA.turn,"(30000,)",1,30000,float32,amc27929.nc
27930,AMC,AMC_P4L CURRENT,amc/p4l_current/data,P4L Current,kA.turn,"(30000,)",1,30000,float32,amc27930 (2).nc
27931,AMC,AMC_P4L CURRENT,amc/p4l_current/data,P4L Current,kA.turn,"(30000,)",1,30000,float32,amc27931.nc
27932,AMC,AMC_P4L CURRENT,amc/p4l_current/data,P4L Current,kA.turn,"(30000,)",1,30000,float32,amc27932.nc
27933,AMC,AMC_P4L CURRENT,amc/p4l_current/data,P4L Current,kA.turn,"(30000,)",1,30000,float32,amc27933.nc
27934,AMC,AMC_P4L CURRENT,amc/p4l_current/data,P4L Current,kA.turn,"(30000,)",1,30000,float32,amc27934.nc
27935,AMC,AMC_P4L CURRENT,amc/p4l_current/data,P4L Current,kA.turn,"(30000,)",1,30000,float32,amc27935.nc
27936,AMC,AMC_P4L CURRENT,amc/p4l_current/data,P4L Current,kA.turn,"(30000,)",1,30000,float32,amc27936.nc
27937,AMC,AMC_P4L CURRENT,amc/p4l_current/data,P4L Current,kA.turn,"(30000,)",1,30000,float32,amc27937.nc
27938,AMC,AMC_P4L CURRENT,amc/p4l_current/data,P4L Current,kA.turn,"(30000,)",1,30000,float32,amc27938.nc
27929,AMC,AMC_P4L FEED CURRENT,amc/p4l_feed_current/data,P4l Feed Current,kA,"(30000,)",1,30000,float32,amc27929.nc
27930,AMC,AMC_P4L FEED CURRENT,amc/p4l_feed_current/data,P4l Feed Current,kA,"(30000,)",1,30000,float32,amc27930 (2).nc
27931,AMC,AMC_P4L FEED CURRENT,amc/p4l_feed_current/data,P4l Feed Current,kA,"(30000,)",1,30000,float32,amc27931.nc
27932,AMC,AMC_P4L FEED CURRENT,amc/p4l_feed_current/data,P4l Feed Current,kA,"(30000,)",1,30000,float32,amc27932.nc
27933,AMC,AMC_P4L FEED CURRENT,amc/p4l_feed_current/data,P4l Feed Current,kA,"(30000,)",1,30000,float32,amc27933.nc
27934,AMC,AMC_P4L FEED CURRENT,amc/p4l_feed_current/data,P4l Feed Current,kA,"(30000,)",1,30000,float32,amc27934.nc
27935,AMC,AMC_P4L FEED CURRENT,amc/p4l_feed_current/data,P4l Feed Current,kA,"(30000,)",1,30000,float32,amc27935.nc
27936,AMC,AMC_P4L FEED CURRENT,amc/p4l_feed_current/data,P4l Feed Current,kA,"(30000,)",1,30000,float32,amc27936.nc
27937,AMC,AMC_P4L FEED CURRENT,amc/p4l_feed_current/data,P4l Feed Current,kA,"(30000,)",1,30000,float32,amc27937.nc
27938,AMC,AMC_P4L FEED CURRENT,amc/p4l_feed_current/data,P4l Feed Current,kA,"(30000,)",1,30000,float32,amc27938.nc
27929,AMC,AMC_P4U CASE CURRENT,amc/p4u_case_current/data,P4U Case Current,kA,"(30000,)",1,30000,float32,amc27929.nc
27930,AMC,AMC_P4U CASE CURRENT,amc/p4u_case_current/data,P4U Case Current,kA,"(30000,)",1,30000,float32,amc27930 (2).nc
27931,AMC,AMC_P4U CASE CURRENT,amc/p4u_case_current/data,P4U Case Current,kA,"(30000,)",1,30000,float32,amc27931.nc
27932,AMC,AMC_P4U CASE CURRENT,amc/p4u_case_current/data,P4U Case Current,kA,"(30000,)",1,30000,float32,amc27932.nc
27933,AMC,AMC_P4U CASE CURRENT,amc/p4u_case_current/data,P4U Case Current,kA,"(30000,)",1,30000,float32,amc27933.nc
27934,AMC,AMC_P4U CASE CURRENT,amc/p4u_case_current/data,P4U Case Current,kA,"(30000,)",1,30000,float32,amc27934.nc
27935,AMC,AMC_P4U CASE CURRENT,amc/p4u_case_current/data,P4U Case Current,kA,"(30000,)",1,30000,float32,amc27935.nc
27936,AMC,AMC_P4U CASE CURRENT,amc/p4u_case_current/data,P4U Case Current,kA,"(30000,)",1,30000,float32,amc27936.nc
27937,AMC,AMC_P4U CASE CURRENT,amc/p4u_case_current/data,P4U Case Current,kA,"(30000,)",1,30000,float32,amc27937.nc
27938,AMC,AMC_P4U CASE CURRENT,amc/p4u_case_current/data,P4U Case Current,kA,"(30000,)",1,30000,float32,amc27938.nc
27929,AMC,AMC_P4U COIL CURRENT,amc/p4u_coil_current/data,P4U Coil Current,kA.turn,"(30000,)",1,30000,float32,amc27929.nc
27930,AMC,AMC_P4U COIL CURRENT,amc/p4u_coil_current/data,P4U Coil Current,kA.turn,"(30000,)",1,30000,float32,amc27930 (2).nc
27931,AMC,AMC_P4U COIL CURRENT,amc/p4u_coil_current/data,P4U Coil Current,kA.turn,"(30000,)",1,30000,float32,amc27931.nc
27932,AMC,AMC_P4U COIL CURRENT,amc/p4u_coil_current/data,P4U Coil Current,kA.turn,"(30000,)",1,30000,float32,amc27932.nc
27933,AMC,AMC_P4U COIL CURRENT,amc/p4u_coil_current/data,P4U Coil Current,kA.turn,"(30000,)",1,30000,float32,amc27933.nc
27934,AMC,AMC_P4U COIL CURRENT,amc/p4u_coil_current/data,P4U Coil Current,kA.turn,"(30000,)",1,30000,float32,amc27934.nc
27935,AMC,AMC_P4U COIL CURRENT,amc/p4u_coil_current/data,P4U Coil Current,kA.turn,"(30000,)",1,30000,float32,amc27935.nc
27936,AMC,AMC_P4U COIL CURRENT,amc/p4u_coil_current/data,P4U Coil Current,kA.turn,"(30000,)",1,30000,float32,amc27936.nc
27937,AMC,AMC_P4U COIL CURRENT,amc/p4u_coil_current/data,P4U Coil Current,kA.turn,"(30000,)",1,30000,float32,amc27937.nc
27938,AMC,AMC_P4U COIL CURRENT,amc/p4u_coil_current/data,P4U Coil Current,kA.turn,"(30000,)",1,30000,float32,amc27938.nc
27929,AMC,AMC_P4U CURRENT,amc/p4u_current/data,P4U Current,kA.turn,"(30000,)",1,30000,float32,amc27929.nc
27930,AMC,AMC_P4U CURRENT,amc/p4u_current/data,P4U Current,kA.turn,"(30000,)",1,30000,float32,amc27930 (2).nc
27931,AMC,AMC_P4U CURRENT,amc/p4u_current/data,P4U Current,kA.turn,"(30000,)",1,30000,float32,amc27931.nc
27932,AMC,AMC_P4U CURRENT,amc/p4u_current/data,P4U Current,kA.turn,"(30000,)",1,30000,float32,amc27932.nc
27933,AMC,AMC_P4U CURRENT,amc/p4u_current/data,P4U Current,kA.turn,"(30000,)",1,30000,float32,amc27933.nc
27934,AMC,AMC_P4U CURRENT,amc/p4u_current/data,P4U Current,kA.turn,"(30000,)",1,30000,float32,amc27934.nc
27935,AMC,AMC_P4U CURRENT,amc/p4u_current/data,P4U Current,kA.turn,"(30000,)",1,30000,float32,amc27935.nc
27936,AMC,AMC_P4U CURRENT,amc/p4u_current/data,P4U Current,kA.turn,"(30000,)",1,30000,float32,amc27936.nc
27937,AMC,AMC_P4U CURRENT,amc/p4u_current/data,P4U Current,kA.turn,"(30000,)",1,30000,float32,amc27937.nc
27938,AMC,AMC_P4U CURRENT,amc/p4u_current/data,P4U Current,kA.turn,"(30000,)",1,30000,float32,amc27938.nc
27929,AMC,AMC_P4U FEED CURRENT,amc/p4u_feed_current/data,P4u Feed Current,kA,"(30000,)",1,30000,float32,amc27929.nc
27930,AMC,AMC_P4U FEED CURRENT,amc/p4u_feed_current/data,P4u Feed Current,kA,"(30000,)",1,30000,float32,amc27930 (2).nc
27931,AMC,AMC_P4U FEED CURRENT,amc/p4u_feed_current/data,P4u Feed Current,kA,"(30000,)",1,30000,float32,amc27931.nc
27932,AMC,AMC_P4U FEED CURRENT,amc/p4u_feed_current/data,P4u Feed Current,kA,"(30000,)",1,30000,float32,amc27932.nc
27933,AMC,AMC_P4U FEED CURRENT,amc/p4u_feed_current/data,P4u Feed Current,kA,"(30000,)",1,30000,float32,amc27933.nc
27934,AMC,AMC_P4U FEED CURRENT,amc/p4u_feed_current/data,P4u Feed Current,kA,"(30000,)",1,30000,float32,amc27934.nc
27935,AMC,AMC_P4U FEED CURRENT,amc/p4u_feed_current/data,P4u Feed Current,kA,"(30000,)",1,30000,float32,amc27935.nc
27936,AMC,AMC_P4U FEED CURRENT,amc/p4u_feed_current/data,P4u Feed Current,kA,"(30000,)",1,30000,float32,amc27936.nc
27937,AMC,AMC_P4U FEED CURRENT,amc/p4u_feed_current/data,P4u Feed Current,kA,"(30000,)",1,30000,float32,amc27937.nc
27938,AMC,AMC_P4U FEED CURRENT,amc/p4u_feed_current/data,P4u Feed Current,kA,"(30000,)",1,30000,float32,amc27938.nc
27929,AMC,AMC_P5L CASE CURRENT,amc/p5l_case_current/data,P5L Case Current,kA,"(30000,)",1,30000,float32,amc27929.nc
27930,AMC,AMC_P5L CASE CURRENT,amc/p5l_case_current/data,P5L Case Current,kA,"(30000,)",1,30000,float32,amc27930 (2).nc
27931,AMC,AMC_P5L CASE CURRENT,amc/p5l_case_current/data,P5L Case Current,kA,"(30000,)",1,30000,float32,amc27931.nc
27932,AMC,AMC_P5L CASE CURRENT,amc/p5l_case_current/data,P5L Case Current,kA,"(30000,)",1,30000,float32,amc27932.nc
27933,AMC,AMC_P5L CASE CURRENT,amc/p5l_case_current/data,P5L Case Current,kA,"(30000,)",1,30000,float32,amc27933.nc
27934,AMC,AMC_P5L CASE CURRENT,amc/p5l_case_current/data,P5L Case Current,kA,"(30000,)",1,30000,float32,amc27934.nc
27935,AMC,AMC_P5L CASE CURRENT,amc/p5l_case_current/data,P5L Case Current,kA,"(30000,)",1,30000,float32,amc27935.nc
27936,AMC,AMC_P5L CASE CURRENT,amc/p5l_case_current/data,P5L Case Current,kA,"(30000,)",1,30000,float32,amc27936.nc
27937,AMC,AMC_P5L CASE CURRENT,amc/p5l_case_current/data,P5L Case Current,kA,"(30000,)",1,30000,float32,amc27937.nc
27938,AMC,AMC_P5L CASE CURRENT,amc/p5l_case_current/data,P5L Case Current,kA,"(30000,)",1,30000,float32,amc27938.nc
27929,AMC,AMC_P5L COIL CURRENT,amc/p5l_coil_current/data,P5L Coil Current,kA.turn,"(30000,)",1,30000,float32,amc27929.nc
27930,AMC,AMC_P5L COIL CURRENT,amc/p5l_coil_current/data,P5L Coil Current,kA.turn,"(30000,)",1,30000,float32,amc27930 (2).nc
27931,AMC,AMC_P5L COIL CURRENT,amc/p5l_coil_current/data,P5L Coil Current,kA.turn,"(30000,)",1,30000,float32,amc27931.nc
27932,AMC,AMC_P5L COIL CURRENT,amc/p5l_coil_current/data,P5L Coil Current,kA.turn,"(30000,)",1,30000,float32,amc27932.nc
27933,AMC,AMC_P5L COIL CURRENT,amc/p5l_coil_current/data,P5L Coil Current,kA.turn,"(30000,)",1,30000,float32,amc27933.nc
27934,AMC,AMC_P5L COIL CURRENT,amc/p5l_coil_current/data,P5L Coil Current,kA.turn,"(30000,)",1,30000,float32,amc27934.nc
27935,AMC,AMC_P5L COIL CURRENT,amc/p5l_coil_current/data,P5L Coil Current,kA.turn,"(30000,)",1,30000,float32,amc27935.nc
27936,AMC,AMC_P5L COIL CURRENT,amc/p5l_coil_current/data,P5L Coil Current,kA.turn,"(30000,)",1,30000,float32,amc27936.nc
27937,AMC,AMC_P5L COIL CURRENT,amc/p5l_coil_current/data,P5L Coil Current,kA.turn,"(30000,)",1,30000,float32,amc27937.nc
27938,AMC,AMC_P5L COIL CURRENT,amc/p5l_coil_current/data,P5L Coil Current,kA.turn,"(30000,)",1,30000,float32,amc27938.nc
27929,AMC,AMC_P5L CURRENT,amc/p5l_current/data,P5L Current,kA.turn,"(30000,)",1,30000,float32,amc27929.nc
27930,AMC,AMC_P5L CURRENT,amc/p5l_current/data,P5L Current,kA.turn,"(30000,)",1,30000,float32,amc27930 (2).nc
27931,AMC,AMC_P5L CURRENT,amc/p5l_current/data,P5L Current,kA.turn,"(30000,)",1,30000,float32,amc27931.nc
27932,AMC,AMC_P5L CURRENT,amc/p5l_current/data,P5L Current,kA.turn,"(30000,)",1,30000,float32,amc27932.nc
27933,AMC,AMC_P5L CURRENT,amc/p5l_current/data,P5L Current,kA.turn,"(30000,)",1,30000,float32,amc27933.nc
27934,AMC,AMC_P5L CURRENT,amc/p5l_current/data,P5L Current,kA.turn,"(30000,)",1,30000,float32,amc27934.nc
27935,AMC,AMC_P5L CURRENT,amc/p5l_current/data,P5L Current,kA.turn,"(30000,)",1,30000,float32,amc27935.nc
27936,AMC,AMC_P5L CURRENT,amc/p5l_current/data,P5L Current,kA.turn,"(30000,)",1,30000,float32,amc27936.nc
27937,AMC,AMC_P5L CURRENT,amc/p5l_current/data,P5L Current,kA.turn,"(30000,)",1,30000,float32,amc27937.nc
27938,AMC,AMC_P5L CURRENT,amc/p5l_current/data,P5L Current,kA.turn,"(30000,)",1,30000,float32,amc27938.nc
27929,AMC,AMC_P5L FEED CURRENT,amc/p5l_feed_current/data,P5l Feed Current,kA,"(30000,)",1,30000,float32,amc27929.nc
27930,AMC,AMC_P5L FEED CURRENT,amc/p5l_feed_current/data,P5l Feed Current,kA,"(30000,)",1,30000,float32,amc27930 (2).nc
27931,AMC,AMC_P5L FEED CURRENT,amc/p5l_feed_current/data,P5l Feed Current,kA,"(30000,)",1,30000,float32,amc27931.nc
27932,AMC,AMC_P5L FEED CURRENT,amc/p5l_feed_current/data,P5l Feed Current,kA,"(30000,)",1,30000,float32,amc27932.nc
27933,AMC,AMC_P5L FEED CURRENT,amc/p5l_feed_current/data,P5l Feed Current,kA,"(30000,)",1,30000,float32,amc27933.nc
27934,AMC,AMC_P5L FEED CURRENT,amc/p5l_feed_current/data,P5l Feed Current,kA,"(30000,)",1,30000,float32,amc27934.nc
27935,AMC,AMC_P5L FEED CURRENT,amc/p5l_feed_current/data,P5l Feed Current,kA,"(30000,)",1,30000,float32,amc27935.nc
27936,AMC,AMC_P5L FEED CURRENT,amc/p5l_feed_current/data,P5l Feed Current,kA,"(30000,)",1,30000,float32,amc27936.nc
27937,AMC,AMC_P5L FEED CURRENT,amc/p5l_feed_current/data,P5l Feed Current,kA,"(30000,)",1,30000,float32,amc27937.nc
27938,AMC,AMC_P5L FEED CURRENT,amc/p5l_feed_current/data,P5l Feed Current,kA,"(30000,)",1,30000,float32,amc27938.nc
27929,AMC,AMC_P5U CASE CURRENT,amc/p5u_case_current/data,P5U Case Current,kA,"(30000,)",1,30000,float32,amc27929.nc
27930,AMC,AMC_P5U CASE CURRENT,amc/p5u_case_current/data,P5U Case Current,kA,"(30000,)",1,30000,float32,amc27930 (2).nc
27931,AMC,AMC_P5U CASE CURRENT,amc/p5u_case_current/data,P5U Case Current,kA,"(30000,)",1,30000,float32,amc27931.nc
27932,AMC,AMC_P5U CASE CURRENT,amc/p5u_case_current/data,P5U Case Current,kA,"(30000,)",1,30000,float32,amc27932.nc
27933,AMC,AMC_P5U CASE CURRENT,amc/p5u_case_current/data,P5U Case Current,kA,"(30000,)",1,30000,float32,amc27933.nc
27934,AMC,AMC_P5U CASE CURRENT,amc/p5u_case_current/data,P5U Case Current,kA,"(30000,)",1,30000,float32,amc27934.nc
27935,AMC,AMC_P5U CASE CURRENT,amc/p5u_case_current/data,P5U Case Current,kA,"(30000,)",1,30000,float32,amc27935.nc
27936,AMC,AMC_P5U CASE CURRENT,amc/p5u_case_current/data,P5U Case Current,kA,"(30000,)",1,30000,float32,amc27936.nc
27937,AMC,AMC_P5U CASE CURRENT,amc/p5u_case_current/data,P5U Case Current,kA,"(30000,)",1,30000,float32,amc27937.nc
27938,AMC,AMC_P5U CASE CURRENT,amc/p5u_case_current/data,P5U Case Current,kA,"(30000,)",1,30000,float32,amc27938.nc
27929,AMC,AMC_P5U COIL CURRENT,amc/p5u_coil_current/data,P5U Coil Current,kA.turn,"(30000,)",1,30000,float32,amc27929.nc
27930,AMC,AMC_P5U COIL CURRENT,amc/p5u_coil_current/data,P5U Coil Current,kA.turn,"(30000,)",1,30000,float32,amc27930 (2).nc
27931,AMC,AMC_P5U COIL CURRENT,amc/p5u_coil_current/data,P5U Coil Current,kA.turn,"(30000,)",1,30000,float32,amc27931.nc
27932,AMC,AMC_P5U COIL CURRENT,amc/p5u_coil_current/data,P5U Coil Current,kA.turn,"(30000,)",1,30000,float32,amc27932.nc
27933,AMC,AMC_P5U COIL CURRENT,amc/p5u_coil_current/data,P5U Coil Current,kA.turn,"(30000,)",1,30000,float32,amc27933.nc
27934,AMC,AMC_P5U COIL CURRENT,amc/p5u_coil_current/data,P5U Coil Current,kA.turn,"(30000,)",1,30000,float32,amc27934.nc
27935,AMC,AMC_P5U COIL CURRENT,amc/p5u_coil_current/data,P5U Coil Current,kA.turn,"(30000,)",1,30000,float32,amc27935.nc
27936,AMC,AMC_P5U COIL CURRENT,amc/p5u_coil_current/data,P5U Coil Current,kA.turn,"(30000,)",1,30000,float32,amc27936.nc
27937,AMC,AMC_P5U COIL CURRENT,amc/p5u_coil_current/data,P5U Coil Current,kA.turn,"(30000,)",1,30000,float32,amc27937.nc
27938,AMC,AMC_P5U COIL CURRENT,amc/p5u_coil_current/data,P5U Coil Current,kA.turn,"(30000,)",1,30000,float32,amc27938.nc
27929,AMC,AMC_P5U CURRENT,amc/p5u_current/data,P5U Current,kA.turn,"(30000,)",1,30000,float32,amc27929.nc
27930,AMC,AMC_P5U CURRENT,amc/p5u_current/data,P5U Current,kA.turn,"(30000,)",1,30000,float32,amc27930 (2).nc
27931,AMC,AMC_P5U CURRENT,amc/p5u_current/data,P5U Current,kA.turn,"(30000,)",1,30000,float32,amc27931.nc
27932,AMC,AMC_P5U CURRENT,amc/p5u_current/data,P5U Current,kA.turn,"(30000,)",1,30000,float32,amc27932.nc
27933,AMC,AMC_P5U CURRENT,amc/p5u_current/data,P5U Current,kA.turn,"(30000,)",1,30000,float32,amc27933.nc
27934,AMC,AMC_P5U CURRENT,amc/p5u_current/data,P5U Current,kA.turn,"(30000,)",1,30000,float32,amc27934.nc
27935,AMC,AMC_P5U CURRENT,amc/p5u_current/data,P5U Current,kA.turn,"(30000,)",1,30000,float32,amc27935.nc
27936,AMC,AMC_P5U CURRENT,amc/p5u_current/data,P5U Current,kA.turn,"(30000,)",1,30000,float32,amc27936.nc
27937,AMC,AMC_P5U CURRENT,amc/p5u_current/data,P5U Current,kA.turn,"(30000,)",1,30000,float32,amc27937.nc
27938,AMC,AMC_P5U CURRENT,amc/p5u_current/data,P5U Current,kA.turn,"(30000,)",1,30000,float32,amc27938.nc
27929,AMC,AMC_P5U FEED CURRENT,amc/p5u_feed_current/data,P5u Feed Current,kA,"(30000,)",1,30000,float32,amc27929.nc
27930,AMC,AMC_P5U FEED CURRENT,amc/p5u_feed_current/data,P5u Feed Current,kA,"(30000,)",1,30000,float32,amc27930 (2).nc
27931,AMC,AMC_P5U FEED CURRENT,amc/p5u_feed_current/data,P5u Feed Current,kA,"(30000,)",1,30000,float32,amc27931.nc
27932,AMC,AMC_P5U FEED CURRENT,amc/p5u_feed_current/data,P5u Feed Current,kA,"(30000,)",1,30000,float32,amc27932.nc
27933,AMC,AMC_P5U FEED CURRENT,amc/p5u_feed_current/data,P5u Feed Current,kA,"(30000,)",1,30000,float32,amc27933.nc
27934,AMC,AMC_P5U FEED CURRENT,amc/p5u_feed_current/data,P5u Feed Current,kA,"(30000,)",1,30000,float32,amc27934.nc
27935,AMC,AMC_P5U FEED CURRENT,amc/p5u_feed_current/data,P5u Feed Current,kA,"(30000,)",1,30000,float32,amc27935.nc
27936,AMC,AMC_P5U FEED CURRENT,amc/p5u_feed_current/data,P5u Feed Current,kA,"(30000,)",1,30000,float32,amc27936.nc
27937,AMC,AMC_P5U FEED CURRENT,amc/p5u_feed_current/data,P5u Feed Current,kA,"(30000,)",1,30000,float32,amc27937.nc
27938,AMC,AMC_P5U FEED CURRENT,amc/p5u_feed_current/data,P5u Feed Current,kA,"(30000,)",1,30000,float32,amc27938.nc
27929,AMC,AMC_P6L CURRENT,amc/p6l_current/data,P6L Current,kA.turn,"(30000,)",1,30000,float32,amc27929.nc
27930,AMC,AMC_P6L CURRENT,amc/p6l_current/data,P6L Current,kA.turn,"(30000,)",1,30000,float32,amc27930 (2).nc
27931,AMC,AMC_P6L CURRENT,amc/p6l_current/data,P6L Current,kA.turn,"(30000,)",1,30000,float32,amc27931.nc
27932,AMC,AMC_P6L CURRENT,amc/p6l_current/data,P6L Current,kA.turn,"(30000,)",1,30000,float32,amc27932.nc
27933,AMC,AMC_P6L CURRENT,amc/p6l_current/data,P6L Current,kA.turn,"(30000,)",1,30000,float32,amc27933.nc
27934,AMC,AMC_P6L CURRENT,amc/p6l_current/data,P6L Current,kA.turn,"(30000,)",1,30000,float32,amc27934.nc
27935,AMC,AMC_P6L CURRENT,amc/p6l_current/data,P6L Current,kA.turn,"(30000,)",1,30000,float32,amc27935.nc
27936,AMC,AMC_P6L CURRENT,amc/p6l_current/data,P6L Current,kA.turn,"(30000,)",1,30000,float32,amc27936.nc
27937,AMC,AMC_P6L CURRENT,amc/p6l_current/data,P6L Current,kA.turn,"(30000,)",1,30000,float32,amc27937.nc
27938,AMC,AMC_P6L CURRENT,amc/p6l_current/data,P6L Current,kA.turn,"(30000,)",1,30000,float32,amc27938.nc
27929,AMC,AMC_P6U CURRENT,amc/p6u_current/data,P6U Current,kA.turn,"(30000,)",1,30000,float32,amc27929.nc
27930,AMC,AMC_P6U CURRENT,amc/p6u_current/data,P6U Current,kA.turn,"(30000,)",1,30000,float32,amc27930 (2).nc
27931,AMC,AMC_P6U CURRENT,amc/p6u_current/data,P6U Current,kA.turn,"(30000,)",1,30000,float32,amc27931.nc
27932,AMC,AMC_P6U CURRENT,amc/p6u_current/data,P6U Current,kA.turn,"(30000,)",1,30000,float32,amc27932.nc
27933,AMC,AMC_P6U CURRENT,amc/p6u_current/data,P6U Current,kA.turn,"(30000,)",1,30000,float32,amc27933.nc
27934,AMC,AMC_P6U CURRENT,amc/p6u_current/data,P6U Current,kA.turn,"(30000,)",1,30000,float32,amc27934.nc
27935,AMC,AMC_P6U CURRENT,amc/p6u_current/data,P6U Current,kA.turn,"(30000,)",1,30000,float32,amc27935.nc
27936,AMC,AMC_P6U CURRENT,amc/p6u_current/data,P6U Current,kA.turn,"(30000,)",1,30000,float32,amc27936.nc
27937,AMC,AMC_P6U CURRENT,amc/p6u_current/data,P6U Current,kA.turn,"(30000,)",1,30000,float32,amc27937.nc
27938,AMC,AMC_P6U CURRENT,amc/p6u_current/data,P6U Current,kA.turn,"(30000,)",1,30000,float32,amc27938.nc
27929,AMC,AMC_PLASMA CURRENT,amc/plasma_current/data,Plasma Current,kA,"(30000,)",1,30000,float32,amc27929.nc
27930,AMC,AMC_PLASMA CURRENT,amc/plasma_current/data,Plasma Current,kA,"(30000,)",1,30000,float32,amc27930 (2).nc
27931,AMC,AMC_PLASMA CURRENT,amc/plasma_current/data,Plasma Current,kA,"(30000,)",1,30000,float32,amc27931.nc
27932,AMC,AMC_PLASMA CURRENT,amc/plasma_current/data,Plasma Current,kA,"(30000,)",1,30000,float32,amc27932.nc
27933,AMC,AMC_PLASMA CURRENT,amc/plasma_current/data,Plasma Current,kA,"(30000,)",1,30000,float32,amc27933.nc
27934,AMC,AMC_PLASMA CURRENT,amc/plasma_current/data,Plasma Current,kA,"(30000,)",1,30000,float32,amc27934.nc
27935,AMC,AMC_PLASMA CURRENT,amc/plasma_current/data,Plasma Current,kA,"(30000,)",1,30000,float32,amc27935.nc
27936,AMC,AMC_PLASMA CURRENT,amc/plasma_current/data,Plasma Current,kA,"(30000,)",1,30000,float32,amc27936.nc
27937,AMC,AMC_PLASMA CURRENT,amc/plasma_current/data,Plasma Current,kA,"(30000,)",1,30000,float32,amc27937.nc
27938,AMC,AMC_PLASMA CURRENT,amc/plasma_current/data,Plasma Current,kA,"(30000,)",1,30000,float32,amc27938.nc
27929,AMC,AMC_SOL CURRENT,amc/sol_current/data,Sol Current,kA,"(30000,)",1,30000,float32,amc27929.nc
27930,AMC,AMC_SOL CURRENT,amc/sol_current/data,Sol Current,kA,"(30000,)",1,30000,float32,amc27930 (2).nc
27931,AMC,AMC_SOL CURRENT,amc/sol_current/data,Sol Current,kA,"(30000,)",1,30000,float32,amc27931.nc
27932,AMC,AMC_SOL CURRENT,amc/sol_current/data,Sol Current,kA,"(30000,)",1,30000,float32,amc27932.nc
27933,AMC,AMC_SOL CURRENT,amc/sol_current/data,Sol Current,kA,"(30000,)",1,30000,float32,amc27933.nc
27934,AMC,AMC_SOL CURRENT,amc/sol_current/data,Sol Current,kA,"(30000,)",1,30000,float32,amc27934.nc
27935,AMC,AMC_SOL CURRENT,amc/sol_current/data,Sol Current,kA,"(30000,)",1,30000,float32,amc27935.nc
27936,AMC,AMC_SOL CURRENT,amc/sol_current/data,Sol Current,kA,"(30000,)",1,30000,float32,amc27936.nc
27937,AMC,AMC_SOL CURRENT,amc/sol_current/data,Sol Current,kA,"(30000,)",1,30000,float32,amc27937.nc
27938,AMC,AMC_SOL CURRENT,amc/sol_current/data,Sol Current,kA,"(30000,)",1,30000,float32,amc27938.nc
27929,AMC,AMC_STATUS,amc/status/data,,,"(1,)",1,1,float32,amc27929.nc
27930,AMC,AMC_STATUS,amc/status/data,,,"(1,)",1,1,float32,amc27930 (2).nc
27931,AMC,AMC_STATUS,amc/status/data,,,"(1,)",1,1,float32,amc27931.nc
27932,AMC,AMC_STATUS,amc/status/data,,,"(1,)",1,1,float32,amc27932.nc
27933,AMC,AMC_STATUS,amc/status/data,,,"(1,)",1,1,float32,amc27933.nc
27934,AMC,AMC_STATUS,amc/status/data,,,"(1,)",1,1,float32,amc27934.nc
27935,AMC,AMC_STATUS,amc/status/data,,,"(1,)",1,1,float32,amc27935.nc
27936,AMC,AMC_STATUS,amc/status/data,,,"(1,)",1,1,float32,amc27936.nc
27937,AMC,AMC_STATUS,amc/status/data,,,"(1,)",1,1,float32,amc27937.nc
27938,AMC,AMC_STATUS,amc/status/data,,,"(1,)",1,1,float32,amc27938.nc
27929,AMC,AMC_TF CURRENT,amc/tf_current/data,TF Current,kA,"(30000,)",1,30000,float32,amc27929.nc
27930,AMC,AMC_TF CURRENT,amc/tf_current/data,TF Current,kA,"(30000,)",1,30000,float32,amc27930 (2).nc
27931,AMC,AMC_TF CURRENT,amc/tf_current/data,TF Current,kA,"(30000,)",1,30000,float32,amc27931.nc
27932,AMC,AMC_TF CURRENT,amc/tf_current/data,TF Current,kA,"(30000,)",1,30000,float32,amc27932.nc
27933,AMC,AMC_TF CURRENT,amc/tf_current/data,TF Current,kA,"(30000,)",1,30000,float32,amc27933.nc
27934,AMC,AMC_TF CURRENT,amc/tf_current/data,TF Current,kA,"(30000,)",1,30000,float32,amc27934.nc
27935,AMC,AMC_TF CURRENT,amc/tf_current/data,TF Current,kA,"(30000,)",1,30000,float32,amc27935.nc
27936,AMC,AMC_TF CURRENT,amc/tf_current/data,TF Current,kA,"(30000,)",1,30000,float32,amc27936.nc
27937,AMC,AMC_TF CURRENT,amc/tf_current/data,TF Current,kA,"(30000,)",1,30000,float32,amc27937.nc
27938,AMC,AMC_TF CURRENT,amc/tf_current/data,TF Current,kA,"(30000,)",1,30000,float32,amc27938.nc
27929,AMC,VERSION,amc/version/data,,,"(1,)",1,1,float32,amc27929.nc
27930,AMC,VERSION,amc/version/data,,,"(1,)",1,1,float32,amc27930 (2).nc
27931,AMC,VERSION,amc/version/data,,,"(1,)",1,1,float32,amc27931.nc
27932,AMC,VERSION,amc/version/data,,,"(1,)",1,1,float32,amc27932.nc
27933,AMC,VERSION,amc/version/data,,,"(1,)",1,1,float32,amc27933.nc
27934,AMC,VERSION,amc/version/data,,,"(1,)",1,1,float32,amc27934.nc
27935,AMC,VERSION,amc/version/data,,,"(1,)",1,1,float32,amc27935.nc
27936,AMC,VERSION,amc/version/data,,,"(1,)",1,1,float32,amc27936.nc
27937,AMC,VERSION,amc/version/data,,,"(1,)",1,1,float32,amc27937.nc
27938,AMC,VERSION,amc/version/data,,,"(1,)",1,1,float32,amc27938.nc
27929,AMH,AMH_HALO SUM P2L,amh/halo_sum_p2l/data,Halo Sum P2l,kA,"(2000,)",1,2000,float32,amh27929.nc
27930,AMH,AMH_HALO SUM P2L,amh/halo_sum_p2l/data,Halo Sum P2l,kA,"(2000,)",1,2000,float32,amh27930 (2).nc
27931,AMH,AMH_HALO SUM P2L,amh/halo_sum_p2l/data,Halo Sum P2l,kA,"(2000,)",1,2000,float32,amh27931.nc
27932,AMH,AMH_HALO SUM P2L,amh/halo_sum_p2l/data,Halo Sum P2l,kA,"(2000,)",1,2000,float32,amh27932.nc
27933,AMH,AMH_HALO SUM P2L,amh/halo_sum_p2l/data,Halo Sum P2l,kA,"(2000,)",1,2000,float32,amh27933.nc
27934,AMH,AMH_HALO SUM P2L,amh/halo_sum_p2l/data,Halo Sum P2l,kA,"(2000,)",1,2000,float32,amh27934.nc
27935,AMH,AMH_HALO SUM P2L,amh/halo_sum_p2l/data,Halo Sum P2l,kA,"(2000,)",1,2000,float32,amh27935.nc
27936,AMH,AMH_HALO SUM P2L,amh/halo_sum_p2l/data,Halo Sum P2l,kA,"(2000,)",1,2000,float32,amh27936.nc
27937,AMH,AMH_HALO SUM P2L,amh/halo_sum_p2l/data,Halo Sum P2l,kA,"(2000,)",1,2000,float32,amh27937.nc
27938,AMH,AMH_HALO SUM P2L,amh/halo_sum_p2l/data,Halo Sum P2l,kA,"(2000,)",1,2000,float32,amh27938.nc
27929,AMH,AMH_HALO SUM P2U,amh/halo_sum_p2u/data,Halo Sum P2u,kA,"(2000,)",1,2000,float32,amh27929.nc
27930,AMH,AMH_HALO SUM P2U,amh/halo_sum_p2u/data,Halo Sum P2u,kA,"(2000,)",1,2000,float32,amh27930 (2).nc
27931,AMH,AMH_HALO SUM P2U,amh/halo_sum_p2u/data,Halo Sum P2u,kA,"(2000,)",1,2000,float32,amh27931.nc
27932,AMH,AMH_HALO SUM P2U,amh/halo_sum_p2u/data,Halo Sum P2u,kA,"(2000,)",1,2000,float32,amh27932.nc
27933,AMH,AMH_HALO SUM P2U,amh/halo_sum_p2u/data,Halo Sum P2u,kA,"(2000,)",1,2000,float32,amh27933.nc
27934,AMH,AMH_HALO SUM P2U,amh/halo_sum_p2u/data,Halo Sum P2u,kA,"(2000,)",1,2000,float32,amh27934.nc
27935,AMH,AMH_HALO SUM P2U,amh/halo_sum_p2u/data,Halo Sum P2u,kA,"(2000,)",1,2000,float32,amh27935.nc
27936,AMH,AMH_HALO SUM P2U,amh/halo_sum_p2u/data,Halo Sum P2u,kA,"(2000,)",1,2000,float32,amh27936.nc
27937,AMH,AMH_HALO SUM P2U,amh/halo_sum_p2u/data,Halo Sum P2u,kA,"(2000,)",1,2000,float32,amh27937.nc
27938,AMH,AMH_HALO SUM P2U,amh/halo_sum_p2u/data,Halo Sum P2u,kA,"(2000,)",1,2000,float32,amh27938.nc
27929,AMH,AMH_HALO SUM P3L,amh/halo_sum_p3l/data,Halo Sum P3l,kA,"(2000,)",1,2000,float32,amh27929.nc
27930,AMH,AMH_HALO SUM P3L,amh/halo_sum_p3l/data,Halo Sum P3l,kA,"(2000,)",1,2000,float32,amh27930 (2).nc
27931,AMH,AMH_HALO SUM P3L,amh/halo_sum_p3l/data,Halo Sum P3l,kA,"(2000,)",1,2000,float32,amh27931.nc
27932,AMH,AMH_HALO SUM P3L,amh/halo_sum_p3l/data,Halo Sum P3l,kA,"(2000,)",1,2000,float32,amh27932.nc
27933,AMH,AMH_HALO SUM P3L,amh/halo_sum_p3l/data,Halo Sum P3l,kA,"(2000,)",1,2000,float32,amh27933.nc
27934,AMH,AMH_HALO SUM P3L,amh/halo_sum_p3l/data,Halo Sum P3l,kA,"(2000,)",1,2000,float32,amh27934.nc
27935,AMH,AMH_HALO SUM P3L,amh/halo_sum_p3l/data,Halo Sum P3l,kA,"(2000,)",1,2000,float32,amh27935.nc
27936,AMH,AMH_HALO SUM P3L,amh/halo_sum_p3l/data,Halo Sum P3l,kA,"(2000,)",1,2000,float32,amh27936.nc
27937,AMH,AMH_HALO SUM P3L,amh/halo_sum_p3l/data,Halo Sum P3l,kA,"(2000,)",1,2000,float32,amh27937.nc
27938,AMH,AMH_HALO SUM P3L,amh/halo_sum_p3l/data,Halo Sum P3l,kA,"(2000,)",1,2000,float32,amh27938.nc
27929,AMH,AMH_HALO SUM P3U,amh/halo_sum_p3u/data,Halo Sum P3u,kA,"(2000,)",1,2000,float32,amh27929.nc
27930,AMH,AMH_HALO SUM P3U,amh/halo_sum_p3u/data,Halo Sum P3u,kA,"(2000,)",1,2000,float32,amh27930 (2).nc
27931,AMH,AMH_HALO SUM P3U,amh/halo_sum_p3u/data,Halo Sum P3u,kA,"(2000,)",1,2000,float32,amh27931.nc
27932,AMH,AMH_HALO SUM P3U,amh/halo_sum_p3u/data,Halo Sum P3u,kA,"(2000,)",1,2000,float32,amh27932.nc
27933,AMH,AMH_HALO SUM P3U,amh/halo_sum_p3u/data,Halo Sum P3u,kA,"(2000,)",1,2000,float32,amh27933.nc
27934,AMH,AMH_HALO SUM P3U,amh/halo_sum_p3u/data,Halo Sum P3u,kA,"(2000,)",1,2000,float32,amh27934.nc
27935,AMH,AMH_HALO SUM P3U,amh/halo_sum_p3u/data,Halo Sum P3u,kA,"(2000,)",1,2000,float32,amh27935.nc
27936,AMH,AMH_HALO SUM P3U,amh/halo_sum_p3u/data,Halo Sum P3u,kA,"(2000,)",1,2000,float32,amh27936.nc
27937,AMH,AMH_HALO SUM P3U,amh/halo_sum_p3u/data,Halo Sum P3u,kA,"(2000,)",1,2000,float32,amh27937.nc
27938,AMH,AMH_HALO SUM P3U,amh/halo_sum_p3u/data,Halo Sum P3u,kA,"(2000,)",1,2000,float32,amh27938.nc
27929,AMH,AMH_HALO/CCU/2,amh/halo/ccu/2/data,Halo/CCU/2,kA,"(200,)",1,200,float32,amh27929.nc
27930,AMH,AMH_HALO/CCU/2,amh/halo/ccu/2/data,Halo/CCU/2,kA,"(200,)",1,200,float32,amh27930 (2).nc
27931,AMH,AMH_HALO/CCU/2,amh/halo/ccu/2/data,Halo/CCU/2,kA,"(200,)",1,200,float32,amh27931.nc
27932,AMH,AMH_HALO/CCU/2,amh/halo/ccu/2/data,Halo/CCU/2,kA,"(200,)",1,200,float32,amh27932.nc
27933,AMH,AMH_HALO/CCU/2,amh/halo/ccu/2/data,Halo/CCU/2,kA,"(200,)",1,200,float32,amh27933.nc
27934,AMH,AMH_HALO/CCU/2,amh/halo/ccu/2/data,Halo/CCU/2,kA,"(200,)",1,200,float32,amh27934.nc
27935,AMH,AMH_HALO/CCU/2,amh/halo/ccu/2/data,Halo/CCU/2,kA,"(200,)",1,200,float32,amh27935.nc
27936,AMH,AMH_HALO/CCU/2,amh/halo/ccu/2/data,Halo/CCU/2,kA,"(200,)",1,200,float32,amh27936.nc
27937,AMH,AMH_HALO/CCU/2,amh/halo/ccu/2/data,Halo/CCU/2,kA,"(200,)",1,200,float32,amh27937.nc
27938,AMH,AMH_HALO/CCU/2,amh/halo/ccu/2/data,Halo/CCU/2,kA,"(200,)",1,200,float32,amh27938.nc
27929,AMH,AMH_HALO/P2L/1,amh/halo/p2l/1/data,Halo/P2l/1,kA,"(2000,)",1,2000,float32,amh27929.nc
27930,AMH,AMH_HALO/P2L/1,amh/halo/p2l/1/data,Halo/P2l/1,kA,"(2000,)",1,2000,float32,amh27930 (2).nc
27931,AMH,AMH_HALO/P2L/1,amh/halo/p2l/1/data,Halo/P2l/1,kA,"(2000,)",1,2000,float32,amh27931.nc
27932,AMH,AMH_HALO/P2L/1,amh/halo/p2l/1/data,Halo/P2l/1,kA,"(2000,)",1,2000,float32,amh27932.nc
27933,AMH,AMH_HALO/P2L/1,amh/halo/p2l/1/data,Halo/P2l/1,kA,"(2000,)",1,2000,float32,amh27933.nc
27934,AMH,AMH_HALO/P2L/1,amh/halo/p2l/1/data,Halo/P2l/1,kA,"(2000,)",1,2000,float32,amh27934.nc
27935,AMH,AMH_HALO/P2L/1,amh/halo/p2l/1/data,Halo/P2l/1,kA,"(2000,)",1,2000,float32,amh27935.nc
27936,AMH,AMH_HALO/P2L/1,amh/halo/p2l/1/data,Halo/P2l/1,kA,"(2000,)",1,2000,float32,amh27936.nc
27937,AMH,AMH_HALO/P2L/1,amh/halo/p2l/1/data,Halo/P2l/1,kA,"(2000,)",1,2000,float32,amh27937.nc
27938,AMH,AMH_HALO/P2L/1,amh/halo/p2l/1/data,Halo/P2l/1,kA,"(2000,)",1,2000,float32,amh27938.nc
27929,AMH,AMH_HALO/P2L/2,amh/halo/p2l/2/data,Halo/P2l/2,kA,"(2000,)",1,2000,float32,amh27929.nc
27930,AMH,AMH_HALO/P2L/2,amh/halo/p2l/2/data,Halo/P2l/2,kA,"(2000,)",1,2000,float32,amh27930 (2).nc
27931,AMH,AMH_HALO/P2L/2,amh/halo/p2l/2/data,Halo/P2l/2,kA,"(2000,)",1,2000,float32,amh27931.nc
27932,AMH,AMH_HALO/P2L/2,amh/halo/p2l/2/data,Halo/P2l/2,kA,"(2000,)",1,2000,float32,amh27932.nc
27933,AMH,AMH_HALO/P2L/2,amh/halo/p2l/2/data,Halo/P2l/2,kA,"(2000,)",1,2000,float32,amh27933.nc
27934,AMH,AMH_HALO/P2L/2,amh/halo/p2l/2/data,Halo/P2l/2,kA,"(2000,)",1,2000,float32,amh27934.nc
27935,AMH,AMH_HALO/P2L/2,amh/halo/p2l/2/data,Halo/P2l/2,kA,"(2000,)",1,2000,float32,amh27935.nc
27936,AMH,AMH_HALO/P2L/2,amh/halo/p2l/2/data,Halo/P2l/2,kA,"(2000,)",1,2000,float32,amh27936.nc
27937,AMH,AMH_HALO/P2L/2,amh/halo/p2l/2/data,Halo/P2l/2,kA,"(2000,)",1,2000,float32,amh27937.nc
27938,AMH,AMH_HALO/P2L/2,amh/halo/p2l/2/data,Halo/P2l/2,kA,"(2000,)",1,2000,float32,amh27938.nc
27929,AMH,AMH_HALO/P2L/3,amh/halo/p2l/3/data,Halo/P2l/3,kA,"(2000,)",1,2000,float32,amh27929.nc
27930,AMH,AMH_HALO/P2L/3,amh/halo/p2l/3/data,Halo/P2l/3,kA,"(2000,)",1,2000,float32,amh27930 (2).nc
27931,AMH,AMH_HALO/P2L/3,amh/halo/p2l/3/data,Halo/P2l/3,kA,"(2000,)",1,2000,float32,amh27931.nc
27932,AMH,AMH_HALO/P2L/3,amh/halo/p2l/3/data,Halo/P2l/3,kA,"(2000,)",1,2000,float32,amh27932.nc
27933,AMH,AMH_HALO/P2L/3,amh/halo/p2l/3/data,Halo/P2l/3,kA,"(2000,)",1,2000,float32,amh27933.nc
27934,AMH,AMH_HALO/P2L/3,amh/halo/p2l/3/data,Halo/P2l/3,kA,"(2000,)",1,2000,float32,amh27934.nc
27935,AMH,AMH_HALO/P2L/3,amh/halo/p2l/3/data,Halo/P2l/3,kA,"(2000,)",1,2000,float32,amh27935.nc
27936,AMH,AMH_HALO/P2L/3,amh/halo/p2l/3/data,Halo/P2l/3,kA,"(2000,)",1,2000,float32,amh27936.nc
27937,AMH,AMH_HALO/P2L/3,amh/halo/p2l/3/data,Halo/P2l/3,kA,"(2000,)",1,2000,float32,amh27937.nc
27938,AMH,AMH_HALO/P2L/3,amh/halo/p2l/3/data,Halo/P2l/3,kA,"(2000,)",1,2000,float32,amh27938.nc
27929,AMH,AMH_HALO/P2L/4,amh/halo/p2l/4/data,Halo/P2l/4,kA,"(2000,)",1,2000,float32,amh27929.nc
27930,AMH,AMH_HALO/P2L/4,amh/halo/p2l/4/data,Halo/P2l/4,kA,"(2000,)",1,2000,float32,amh27930 (2).nc
27931,AMH,AMH_HALO/P2L/4,amh/halo/p2l/4/data,Halo/P2l/4,kA,"(2000,)",1,2000,float32,amh27931.nc
27932,AMH,AMH_HALO/P2L/4,amh/halo/p2l/4/data,Halo/P2l/4,kA,"(2000,)",1,2000,float32,amh27932.nc
27933,AMH,AMH_HALO/P2L/4,amh/halo/p2l/4/data,Halo/P2l/4,kA,"(2000,)",1,2000,float32,amh27933.nc
27934,AMH,AMH_HALO/P2L/4,amh/halo/p2l/4/data,Halo/P2l/4,kA,"(2000,)",1,2000,float32,amh27934.nc
27935,AMH,AMH_HALO/P2L/4,amh/halo/p2l/4/data,Halo/P2l/4,kA,"(2000,)",1,2000,float32,amh27935.nc
27936,AMH,AMH_HALO/P2L/4,amh/halo/p2l/4/data,Halo/P2l/4,kA,"(2000,)",1,2000,float32,amh27936.nc
27937,AMH,AMH_HALO/P2L/4,amh/halo/p2l/4/data,Halo/P2l/4,kA,"(2000,)",1,2000,float32,amh27937.nc
27938,AMH,AMH_HALO/P2L/4,amh/halo/p2l/4/data,Halo/P2l/4,kA,"(2000,)",1,2000,float32,amh27938.nc
27929,AMH,AMH_HALO/P2L/5,amh/halo/p2l/5/data,Halo/P2l/5,kA,"(2000,)",1,2000,float32,amh27929.nc
27930,AMH,AMH_HALO/P2L/5,amh/halo/p2l/5/data,Halo/P2l/5,kA,"(2000,)",1,2000,float32,amh27930 (2).nc
27931,AMH,AMH_HALO/P2L/5,amh/halo/p2l/5/data,Halo/P2l/5,kA,"(2000,)",1,2000,float32,amh27931.nc
27932,AMH,AMH_HALO/P2L/5,amh/halo/p2l/5/data,Halo/P2l/5,kA,"(2000,)",1,2000,float32,amh27932.nc
27933,AMH,AMH_HALO/P2L/5,amh/halo/p2l/5/data,Halo/P2l/5,kA,"(2000,)",1,2000,float32,amh27933.nc
27934,AMH,AMH_HALO/P2L/5,amh/halo/p2l/5/data,Halo/P2l/5,kA,"(2000,)",1,2000,float32,amh27934.nc
27935,AMH,AMH_HALO/P2L/5,amh/halo/p2l/5/data,Halo/P2l/5,kA,"(2000,)",1,2000,float32,amh27935.nc
27936,AMH,AMH_HALO/P2L/5,amh/halo/p2l/5/data,Halo/P2l/5,kA,"(2000,)",1,2000,float32,amh27936.nc
27937,AMH,AMH_HALO/P2L/5,amh/halo/p2l/5/data,Halo/P2l/5,kA,"(2000,)",1,2000,float32,amh27937.nc
27938,AMH,AMH_HALO/P2L/5,amh/halo/p2l/5/data,Halo/P2l/5,kA,"(2000,)",1,2000,float32,amh27938.nc
27929,AMH,AMH_HALO/P2L/6,amh/halo/p2l/6/data,Halo/P2l/6,kA,"(2000,)",1,2000,float32,amh27929.nc
27930,AMH,AMH_HALO/P2L/6,amh/halo/p2l/6/data,Halo/P2l/6,kA,"(2000,)",1,2000,float32,amh27930 (2).nc
27931,AMH,AMH_HALO/P2L/6,amh/halo/p2l/6/data,Halo/P2l/6,kA,"(2000,)",1,2000,float32,amh27931.nc
27932,AMH,AMH_HALO/P2L/6,amh/halo/p2l/6/data,Halo/P2l/6,kA,"(2000,)",1,2000,float32,amh27932.nc
27933,AMH,AMH_HALO/P2L/6,amh/halo/p2l/6/data,Halo/P2l/6,kA,"(2000,)",1,2000,float32,amh27933.nc
27934,AMH,AMH_HALO/P2L/6,amh/halo/p2l/6/data,Halo/P2l/6,kA,"(2000,)",1,2000,float32,amh27934.nc
27935,AMH,AMH_HALO/P2L/6,amh/halo/p2l/6/data,Halo/P2l/6,kA,"(2000,)",1,2000,float32,amh27935.nc
27936,AMH,AMH_HALO/P2L/6,amh/halo/p2l/6/data,Halo/P2l/6,kA,"(2000,)",1,2000,float32,amh27936.nc
27937,AMH,AMH_HALO/P2L/6,amh/halo/p2l/6/data,Halo/P2l/6,kA,"(2000,)",1,2000,float32,amh27937.nc
27938,AMH,AMH_HALO/P2L/6,amh/halo/p2l/6/data,Halo/P2l/6,kA,"(2000,)",1,2000,float32,amh27938.nc
27929,AMH,AMH_HALO/P2U/2,amh/halo/p2u/2/data,Halo/P2u/2,kA,"(2000,)",1,2000,float32,amh27929.nc
27930,AMH,AMH_HALO/P2U/2,amh/halo/p2u/2/data,Halo/P2u/2,kA,"(2000,)",1,2000,float32,amh27930 (2).nc
27931,AMH,AMH_HALO/P2U/2,amh/halo/p2u/2/data,Halo/P2u/2,kA,"(2000,)",1,2000,float32,amh27931.nc
27932,AMH,AMH_HALO/P2U/2,amh/halo/p2u/2/data,Halo/P2u/2,kA,"(2000,)",1,2000,float32,amh27932.nc
27933,AMH,AMH_HALO/P2U/2,amh/halo/p2u/2/data,Halo/P2u/2,kA,"(2000,)",1,2000,float32,amh27933.nc
27934,AMH,AMH_HALO/P2U/2,amh/halo/p2u/2/data,Halo/P2u/2,kA,"(2000,)",1,2000,float32,amh27934.nc
27935,AMH,AMH_HALO/P2U/2,amh/halo/p2u/2/data,Halo/P2u/2,kA,"(2000,)",1,2000,float32,amh27935.nc
27936,AMH,AMH_HALO/P2U/2,amh/halo/p2u/2/data,Halo/P2u/2,kA,"(2000,)",1,2000,float32,amh27936.nc
27937,AMH,AMH_HALO/P2U/2,amh/halo/p2u/2/data,Halo/P2u/2,kA,"(2000,)",1,2000,float32,amh27937.nc
27938,AMH,AMH_HALO/P2U/2,amh/halo/p2u/2/data,Halo/P2u/2,kA,"(2000,)",1,2000,float32,amh27938.nc
27929,AMH,AMH_HALO/P2U/3,amh/halo/p2u/3/data,Halo/P2u/3,kA,"(2000,)",1,2000,float32,amh27929.nc
27930,AMH,AMH_HALO/P2U/3,amh/halo/p2u/3/data,Halo/P2u/3,kA,"(2000,)",1,2000,float32,amh27930 (2).nc
27931,AMH,AMH_HALO/P2U/3,amh/halo/p2u/3/data,Halo/P2u/3,kA,"(2000,)",1,2000,float32,amh27931.nc
27932,AMH,AMH_HALO/P2U/3,amh/halo/p2u/3/data,Halo/P2u/3,kA,"(2000,)",1,2000,float32,amh27932.nc
27933,AMH,AMH_HALO/P2U/3,amh/halo/p2u/3/data,Halo/P2u/3,kA,"(2000,)",1,2000,float32,amh27933.nc
27934,AMH,AMH_HALO/P2U/3,amh/halo/p2u/3/data,Halo/P2u/3,kA,"(2000,)",1,2000,float32,amh27934.nc
27935,AMH,AMH_HALO/P2U/3,amh/halo/p2u/3/data,Halo/P2u/3,kA,"(2000,)",1,2000,float32,amh27935.nc
27936,AMH,AMH_HALO/P2U/3,amh/halo/p2u/3/data,Halo/P2u/3,kA,"(2000,)",1,2000,float32,amh27936.nc
27937,AMH,AMH_HALO/P2U/3,amh/halo/p2u/3/data,Halo/P2u/3,kA,"(2000,)",1,2000,float32,amh27937.nc
27938,AMH,AMH_HALO/P2U/3,amh/halo/p2u/3/data,Halo/P2u/3,kA,"(2000,)",1,2000,float32,amh27938.nc
27929,AMH,AMH_HALO/P2U/4,amh/halo/p2u/4/data,Halo/P2u/4,kA,"(2000,)",1,2000,float32,amh27929.nc
27930,AMH,AMH_HALO/P2U/4,amh/halo/p2u/4/data,Halo/P2u/4,kA,"(2000,)",1,2000,float32,amh27930 (2).nc
27931,AMH,AMH_HALO/P2U/4,amh/halo/p2u/4/data,Halo/P2u/4,kA,"(2000,)",1,2000,float32,amh27931.nc
27932,AMH,AMH_HALO/P2U/4,amh/halo/p2u/4/data,Halo/P2u/4,kA,"(2000,)",1,2000,float32,amh27932.nc
27933,AMH,AMH_HALO/P2U/4,amh/halo/p2u/4/data,Halo/P2u/4,kA,"(2000,)",1,2000,float32,amh27933.nc
27934,AMH,AMH_HALO/P2U/4,amh/halo/p2u/4/data,Halo/P2u/4,kA,"(2000,)",1,2000,float32,amh27934.nc
27935,AMH,AMH_HALO/P2U/4,amh/halo/p2u/4/data,Halo/P2u/4,kA,"(2000,)",1,2000,float32,amh27935.nc
27936,AMH,AMH_HALO/P2U/4,amh/halo/p2u/4/data,Halo/P2u/4,kA,"(2000,)",1,2000,float32,amh27936.nc
27937,AMH,AMH_HALO/P2U/4,amh/halo/p2u/4/data,Halo/P2u/4,kA,"(2000,)",1,2000,float32,amh27937.nc
27938,AMH,AMH_HALO/P2U/4,amh/halo/p2u/4/data,Halo/P2u/4,kA,"(2000,)",1,2000,float32,amh27938.nc
27929,AMH,AMH_HALO/P2U/5,amh/halo/p2u/5/data,Halo/P2u/5,kA,"(2000,)",1,2000,float32,amh27929.nc
27930,AMH,AMH_HALO/P2U/5,amh/halo/p2u/5/data,Halo/P2u/5,kA,"(2000,)",1,2000,float32,amh27930 (2).nc
27931,AMH,AMH_HALO/P2U/5,amh/halo/p2u/5/data,Halo/P2u/5,kA,"(2000,)",1,2000,float32,amh27931.nc
27932,AMH,AMH_HALO/P2U/5,amh/halo/p2u/5/data,Halo/P2u/5,kA,"(2000,)",1,2000,float32,amh27932.nc
27933,AMH,AMH_HALO/P2U/5,amh/halo/p2u/5/data,Halo/P2u/5,kA,"(2000,)",1,2000,float32,amh27933.nc
27934,AMH,AMH_HALO/P2U/5,amh/halo/p2u/5/data,Halo/P2u/5,kA,"(2000,)",1,2000,float32,amh27934.nc
27935,AMH,AMH_HALO/P2U/5,amh/halo/p2u/5/data,Halo/P2u/5,kA,"(2000,)",1,2000,float32,amh27935.nc
27936,AMH,AMH_HALO/P2U/5,amh/halo/p2u/5/data,Halo/P2u/5,kA,"(2000,)",1,2000,float32,amh27936.nc
27937,AMH,AMH_HALO/P2U/5,amh/halo/p2u/5/data,Halo/P2u/5,kA,"(2000,)",1,2000,float32,amh27937.nc
27938,AMH,AMH_HALO/P2U/5,amh/halo/p2u/5/data,Halo/P2u/5,kA,"(2000,)",1,2000,float32,amh27938.nc
27929,AMH,AMH_HALO/P2U/6,amh/halo/p2u/6/data,Halo/P2u/6,kA,"(2000,)",1,2000,float32,amh27929.nc
27930,AMH,AMH_HALO/P2U/6,amh/halo/p2u/6/data,Halo/P2u/6,kA,"(2000,)",1,2000,float32,amh27930 (2).nc
27931,AMH,AMH_HALO/P2U/6,amh/halo/p2u/6/data,Halo/P2u/6,kA,"(2000,)",1,2000,float32,amh27931.nc
27932,AMH,AMH_HALO/P2U/6,amh/halo/p2u/6/data,Halo/P2u/6,kA,"(2000,)",1,2000,float32,amh27932.nc
27933,AMH,AMH_HALO/P2U/6,amh/halo/p2u/6/data,Halo/P2u/6,kA,"(2000,)",1,2000,float32,amh27933.nc
27934,AMH,AMH_HALO/P2U/6,amh/halo/p2u/6/data,Halo/P2u/6,kA,"(2000,)",1,2000,float32,amh27934.nc
27935,AMH,AMH_HALO/P2U/6,amh/halo/p2u/6/data,Halo/P2u/6,kA,"(2000,)",1,2000,float32,amh27935.nc
27936,AMH,AMH_HALO/P2U/6,amh/halo/p2u/6/data,Halo/P2u/6,kA,"(2000,)",1,2000,float32,amh27936.nc
27937,AMH,AMH_HALO/P2U/6,amh/halo/p2u/6/data,Halo/P2u/6,kA,"(2000,)",1,2000,float32,amh27937.nc
27938,AMH,AMH_HALO/P2U/6,amh/halo/p2u/6/data,Halo/P2u/6,kA,"(2000,)",1,2000,float32,amh27938.nc
27929,AMH,AMH_HALO/P3L/1,amh/halo/p3l/1/data,Halo/P3l/1,kA,"(2000,)",1,2000,float32,amh27929.nc
27930,AMH,AMH_HALO/P3L/1,amh/halo/p3l/1/data,Halo/P3l/1,kA,"(2000,)",1,2000,float32,amh27930 (2).nc
27931,AMH,AMH_HALO/P3L/1,amh/halo/p3l/1/data,Halo/P3l/1,kA,"(2000,)",1,2000,float32,amh27931.nc
27932,AMH,AMH_HALO/P3L/1,amh/halo/p3l/1/data,Halo/P3l/1,kA,"(2000,)",1,2000,float32,amh27932.nc
27933,AMH,AMH_HALO/P3L/1,amh/halo/p3l/1/data,Halo/P3l/1,kA,"(2000,)",1,2000,float32,amh27933.nc
27934,AMH,AMH_HALO/P3L/1,amh/halo/p3l/1/data,Halo/P3l/1,kA,"(2000,)",1,2000,float32,amh27934.nc
27935,AMH,AMH_HALO/P3L/1,amh/halo/p3l/1/data,Halo/P3l/1,kA,"(2000,)",1,2000,float32,amh27935.nc
27936,AMH,AMH_HALO/P3L/1,amh/halo/p3l/1/data,Halo/P3l/1,kA,"(2000,)",1,2000,float32,amh27936.nc
27937,AMH,AMH_HALO/P3L/1,amh/halo/p3l/1/data,Halo/P3l/1,kA,"(2000,)",1,2000,float32,amh27937.nc
27938,AMH,AMH_HALO/P3L/1,amh/halo/p3l/1/data,Halo/P3l/1,kA,"(2000,)",1,2000,float32,amh27938.nc
27929,AMH,AMH_HALO/P3L/2,amh/halo/p3l/2/data,Halo/P3l/2,kA,"(2000,)",1,2000,float32,amh27929.nc
27930,AMH,AMH_HALO/P3L/2,amh/halo/p3l/2/data,Halo/P3l/2,kA,"(2000,)",1,2000,float32,amh27930 (2).nc
27931,AMH,AMH_HALO/P3L/2,amh/halo/p3l/2/data,Halo/P3l/2,kA,"(2000,)",1,2000,float32,amh27931.nc
27932,AMH,AMH_HALO/P3L/2,amh/halo/p3l/2/data,Halo/P3l/2,kA,"(2000,)",1,2000,float32,amh27932.nc
27933,AMH,AMH_HALO/P3L/2,amh/halo/p3l/2/data,Halo/P3l/2,kA,"(2000,)",1,2000,float32,amh27933.nc
27934,AMH,AMH_HALO/P3L/2,amh/halo/p3l/2/data,Halo/P3l/2,kA,"(2000,)",1,2000,float32,amh27934.nc
27935,AMH,AMH_HALO/P3L/2,amh/halo/p3l/2/data,Halo/P3l/2,kA,"(2000,)",1,2000,float32,amh27935.nc
27936,AMH,AMH_HALO/P3L/2,amh/halo/p3l/2/data,Halo/P3l/2,kA,"(2000,)",1,2000,float32,amh27936.nc
27937,AMH,AMH_HALO/P3L/2,amh/halo/p3l/2/data,Halo/P3l/2,kA,"(2000,)",1,2000,float32,amh27937.nc
27938,AMH,AMH_HALO/P3L/2,amh/halo/p3l/2/data,Halo/P3l/2,kA,"(2000,)",1,2000,float32,amh27938.nc
27929,AMH,AMH_HALO/P3L/4,amh/halo/p3l/4/data,Halo/P3l/4,kA,"(2000,)",1,2000,float32,amh27929.nc
27930,AMH,AMH_HALO/P3L/4,amh/halo/p3l/4/data,Halo/P3l/4,kA,"(2000,)",1,2000,float32,amh27930 (2).nc
27931,AMH,AMH_HALO/P3L/4,amh/halo/p3l/4/data,Halo/P3l/4,kA,"(2000,)",1,2000,float32,amh27931.nc
27932,AMH,AMH_HALO/P3L/4,amh/halo/p3l/4/data,Halo/P3l/4,kA,"(2000,)",1,2000,float32,amh27932.nc
27933,AMH,AMH_HALO/P3L/4,amh/halo/p3l/4/data,Halo/P3l/4,kA,"(2000,)",1,2000,float32,amh27933.nc
27934,AMH,AMH_HALO/P3L/4,amh/halo/p3l/4/data,Halo/P3l/4,kA,"(2000,)",1,2000,float32,amh27934.nc
27935,AMH,AMH_HALO/P3L/4,amh/halo/p3l/4/data,Halo/P3l/4,kA,"(2000,)",1,2000,float32,amh27935.nc
27936,AMH,AMH_HALO/P3L/4,amh/halo/p3l/4/data,Halo/P3l/4,kA,"(2000,)",1,2000,float32,amh27936.nc
27937,AMH,AMH_HALO/P3L/4,amh/halo/p3l/4/data,Halo/P3l/4,kA,"(2000,)",1,2000,float32,amh27937.nc
27938,AMH,AMH_HALO/P3L/4,amh/halo/p3l/4/data,Halo/P3l/4,kA,"(2000,)",1,2000,float32,amh27938.nc
27929,AMH,AMH_HALO/P3L/6,amh/halo/p3l/6/data,Halo/P3l/6,kA,"(2000,)",1,2000,float32,amh27929.nc
27930,AMH,AMH_HALO/P3L/6,amh/halo/p3l/6/data,Halo/P3l/6,kA,"(2000,)",1,2000,float32,amh27930 (2).nc
27931,AMH,AMH_HALO/P3L/6,amh/halo/p3l/6/data,Halo/P3l/6,kA,"(2000,)",1,2000,float32,amh27931.nc
27932,AMH,AMH_HALO/P3L/6,amh/halo/p3l/6/data,Halo/P3l/6,kA,"(2000,)",1,2000,float32,amh27932.nc
27933,AMH,AMH_HALO/P3L/6,amh/halo/p3l/6/data,Halo/P3l/6,kA,"(2000,)",1,2000,float32,amh27933.nc
27934,AMH,AMH_HALO/P3L/6,amh/halo/p3l/6/data,Halo/P3l/6,kA,"(2000,)",1,2000,float32,amh27934.nc
27935,AMH,AMH_HALO/P3L/6,amh/halo/p3l/6/data,Halo/P3l/6,kA,"(2000,)",1,2000,float32,amh27935.nc
27936,AMH,AMH_HALO/P3L/6,amh/halo/p3l/6/data,Halo/P3l/6,kA,"(2000,)",1,2000,float32,amh27936.nc
27937,AMH,AMH_HALO/P3L/6,amh/halo/p3l/6/data,Halo/P3l/6,kA,"(2000,)",1,2000,float32,amh27937.nc
27938,AMH,AMH_HALO/P3L/6,amh/halo/p3l/6/data,Halo/P3l/6,kA,"(2000,)",1,2000,float32,amh27938.nc
27929,AMH,AMH_HALO/P3U/2,amh/halo/p3u/2/data,Halo/P3u/2,kA,"(2000,)",1,2000,float32,amh27929.nc
27930,AMH,AMH_HALO/P3U/2,amh/halo/p3u/2/data,Halo/P3u/2,kA,"(2000,)",1,2000,float32,amh27930 (2).nc
27931,AMH,AMH_HALO/P3U/2,amh/halo/p3u/2/data,Halo/P3u/2,kA,"(2000,)",1,2000,float32,amh27931.nc
27932,AMH,AMH_HALO/P3U/2,amh/halo/p3u/2/data,Halo/P3u/2,kA,"(2000,)",1,2000,float32,amh27932.nc
27933,AMH,AMH_HALO/P3U/2,amh/halo/p3u/2/data,Halo/P3u/2,kA,"(2000,)",1,2000,float32,amh27933.nc
27934,AMH,AMH_HALO/P3U/2,amh/halo/p3u/2/data,Halo/P3u/2,kA,"(2000,)",1,2000,float32,amh27934.nc
27935,AMH,AMH_HALO/P3U/2,amh/halo/p3u/2/data,Halo/P3u/2,kA,"(2000,)",1,2000,float32,amh27935.nc
27936,AMH,AMH_HALO/P3U/2,amh/halo/p3u/2/data,Halo/P3u/2,kA,"(2000,)",1,2000,float32,amh27936.nc
27937,AMH,AMH_HALO/P3U/2,amh/halo/p3u/2/data,Halo/P3u/2,kA,"(2000,)",1,2000,float32,amh27937.nc
27938,AMH,AMH_HALO/P3U/2,amh/halo/p3u/2/data,Halo/P3u/2,kA,"(2000,)",1,2000,float32,amh27938.nc
27929,AMH,AMH_HALO/P3U/3,amh/halo/p3u/3/data,Halo/P3u/3,kA,"(2000,)",1,2000,float32,amh27929.nc
27930,AMH,AMH_HALO/P3U/3,amh/halo/p3u/3/data,Halo/P3u/3,kA,"(2000,)",1,2000,float32,amh27930 (2).nc
27931,AMH,AMH_HALO/P3U/3,amh/halo/p3u/3/data,Halo/P3u/3,kA,"(2000,)",1,2000,float32,amh27931.nc
27932,AMH,AMH_HALO/P3U/3,amh/halo/p3u/3/data,Halo/P3u/3,kA,"(2000,)",1,2000,float32,amh27932.nc
27933,AMH,AMH_HALO/P3U/3,amh/halo/p3u/3/data,Halo/P3u/3,kA,"(2000,)",1,2000,float32,amh27933.nc
27934,AMH,AMH_HALO/P3U/3,amh/halo/p3u/3/data,Halo/P3u/3,kA,"(2000,)",1,2000,float32,amh27934.nc
27935,AMH,AMH_HALO/P3U/3,amh/halo/p3u/3/data,Halo/P3u/3,kA,"(2000,)",1,2000,float32,amh27935.nc
27936,AMH,AMH_HALO/P3U/3,amh/halo/p3u/3/data,Halo/P3u/3,kA,"(2000,)",1,2000,float32,amh27936.nc
27937,AMH,AMH_HALO/P3U/3,amh/halo/p3u/3/data,Halo/P3u/3,kA,"(2000,)",1,2000,float32,amh27937.nc
27938,AMH,AMH_HALO/P3U/3,amh/halo/p3u/3/data,Halo/P3u/3,kA,"(2000,)",1,2000,float32,amh27938.nc
27929,AMH,AMH_HALO/P3U/4,amh/halo/p3u/4/data,Halo/P3u/4,kA,"(2000,)",1,2000,float32,amh27929.nc
27930,AMH,AMH_HALO/P3U/4,amh/halo/p3u/4/data,Halo/P3u/4,kA,"(2000,)",1,2000,float32,amh27930 (2).nc
27931,AMH,AMH_HALO/P3U/4,amh/halo/p3u/4/data,Halo/P3u/4,kA,"(2000,)",1,2000,float32,amh27931.nc
27932,AMH,AMH_HALO/P3U/4,amh/halo/p3u/4/data,Halo/P3u/4,kA,"(2000,)",1,2000,float32,amh27932.nc
27933,AMH,AMH_HALO/P3U/4,amh/halo/p3u/4/data,Halo/P3u/4,kA,"(2000,)",1,2000,float32,amh27933.nc
27934,AMH,AMH_HALO/P3U/4,amh/halo/p3u/4/data,Halo/P3u/4,kA,"(2000,)",1,2000,float32,amh27934.nc
27935,AMH,AMH_HALO/P3U/4,amh/halo/p3u/4/data,Halo/P3u/4,kA,"(2000,)",1,2000,float32,amh27935.nc
27936,AMH,AMH_HALO/P3U/4,amh/halo/p3u/4/data,Halo/P3u/4,kA,"(2000,)",1,2000,float32,amh27936.nc
27937,AMH,AMH_HALO/P3U/4,amh/halo/p3u/4/data,Halo/P3u/4,kA,"(2000,)",1,2000,float32,amh27937.nc
27938,AMH,AMH_HALO/P3U/4,amh/halo/p3u/4/data,Halo/P3u/4,kA,"(2000,)",1,2000,float32,amh27938.nc
27929,AMH,AMH_HALO/P3U/5,amh/halo/p3u/5/data,Halo/P3u/5,kA,"(2000,)",1,2000,float32,amh27929.nc
27930,AMH,AMH_HALO/P3U/5,amh/halo/p3u/5/data,Halo/P3u/5,kA,"(2000,)",1,2000,float32,amh27930 (2).nc
27931,AMH,AMH_HALO/P3U/5,amh/halo/p3u/5/data,Halo/P3u/5,kA,"(2000,)",1,2000,float32,amh27931.nc
27932,AMH,AMH_HALO/P3U/5,amh/halo/p3u/5/data,Halo/P3u/5,kA,"(2000,)",1,2000,float32,amh27932.nc
27933,AMH,AMH_HALO/P3U/5,amh/halo/p3u/5/data,Halo/P3u/5,kA,"(2000,)",1,2000,float32,amh27933.nc
27934,AMH,AMH_HALO/P3U/5,amh/halo/p3u/5/data,Halo/P3u/5,kA,"(2000,)",1,2000,float32,amh27934.nc
27935,AMH,AMH_HALO/P3U/5,amh/halo/p3u/5/data,Halo/P3u/5,kA,"(2000,)",1,2000,float32,amh27935.nc
27936,AMH,AMH_HALO/P3U/5,amh/halo/p3u/5/data,Halo/P3u/5,kA,"(2000,)",1,2000,float32,amh27936.nc
27937,AMH,AMH_HALO/P3U/5,amh/halo/p3u/5/data,Halo/P3u/5,kA,"(2000,)",1,2000,float32,amh27937.nc
27938,AMH,AMH_HALO/P3U/5,amh/halo/p3u/5/data,Halo/P3u/5,kA,"(2000,)",1,2000,float32,amh27938.nc
27929,AMH,AMH_HALO/P3U/6,amh/halo/p3u/6/data,Halo/P3u/6,kA,"(2000,)",1,2000,float32,amh27929.nc
27930,AMH,AMH_HALO/P3U/6,amh/halo/p3u/6/data,Halo/P3u/6,kA,"(2000,)",1,2000,float32,amh27930 (2).nc
27931,AMH,AMH_HALO/P3U/6,amh/halo/p3u/6/data,Halo/P3u/6,kA,"(2000,)",1,2000,float32,amh27931.nc
27932,AMH,AMH_HALO/P3U/6,amh/halo/p3u/6/data,Halo/P3u/6,kA,"(2000,)",1,2000,float32,amh27932.nc
27933,AMH,AMH_HALO/P3U/6,amh/halo/p3u/6/data,Halo/P3u/6,kA,"(2000,)",1,2000,float32,amh27933.nc
27934,AMH,AMH_HALO/P3U/6,amh/halo/p3u/6/data,Halo/P3u/6,kA,"(2000,)",1,2000,float32,amh27934.nc
27935,AMH,AMH_HALO/P3U/6,amh/halo/p3u/6/data,Halo/P3u/6,kA,"(2000,)",1,2000,float32,amh27935.nc
27936,AMH,AMH_HALO/P3U/6,amh/halo/p3u/6/data,Halo/P3u/6,kA,"(2000,)",1,2000,float32,amh27936.nc
27937,AMH,AMH_HALO/P3U/6,amh/halo/p3u/6/data,Halo/P3u/6,kA,"(2000,)",1,2000,float32,amh27937.nc
27938,AMH,AMH_HALO/P3U/6,amh/halo/p3u/6/data,Halo/P3u/6,kA,"(2000,)",1,2000,float32,amh27938.nc
27929,AMH,AMH_PASSNUMBER,amh/passnumber/data,,,"(1,)",1,1,float32,amh27929.nc
27930,AMH,AMH_PASSNUMBER,amh/passnumber/data,,,"(1,)",1,1,float32,amh27930 (2).nc
27931,AMH,AMH_PASSNUMBER,amh/passnumber/data,,,"(1,)",1,1,float32,amh27931.nc
27932,AMH,AMH_PASSNUMBER,amh/passnumber/data,,,"(1,)",1,1,float32,amh27932.nc
27933,AMH,AMH_PASSNUMBER,amh/passnumber/data,,,"(1,)",1,1,float32,amh27933.nc
27934,AMH,AMH_PASSNUMBER,amh/passnumber/data,,,"(1,)",1,1,float32,amh27934.nc
27935,AMH,AMH_PASSNUMBER,amh/passnumber/data,,,"(1,)",1,1,float32,amh27935.nc
27936,AMH,AMH_PASSNUMBER,amh/passnumber/data,,,"(1,)",1,1,float32,amh27936.nc
27937,AMH,AMH_PASSNUMBER,amh/passnumber/data,,,"(1,)",1,1,float32,amh27937.nc
27938,AMH,AMH_PASSNUMBER,amh/passnumber/data,,,"(1,)",1,1,float32,amh27938.nc
27929,AMH,AMH_PHALO SUM EPL INNER,amh/phalo_sum_epl_inner/data,PHalo Sum EPl inner,kA,"(2000,)",1,2000,float32,amh27929.nc
27930,AMH,AMH_PHALO SUM EPL INNER,amh/phalo_sum_epl_inner/data,PHalo Sum EPl inner,kA,"(2000,)",1,2000,float32,amh27930 (2).nc
27931,AMH,AMH_PHALO SUM EPL INNER,amh/phalo_sum_epl_inner/data,PHalo Sum EPl inner,kA,"(2000,)",1,2000,float32,amh27931.nc
27932,AMH,AMH_PHALO SUM EPL INNER,amh/phalo_sum_epl_inner/data,PHalo Sum EPl inner,kA,"(2000,)",1,2000,float32,amh27932.nc
27933,AMH,AMH_PHALO SUM EPL INNER,amh/phalo_sum_epl_inner/data,PHalo Sum EPl inner,kA,"(2000,)",1,2000,float32,amh27933.nc
27934,AMH,AMH_PHALO SUM EPL INNER,amh/phalo_sum_epl_inner/data,PHalo Sum EPl inner,kA,"(2000,)",1,2000,float32,amh27934.nc
27935,AMH,AMH_PHALO SUM EPL INNER,amh/phalo_sum_epl_inner/data,PHalo Sum EPl inner,kA,"(2000,)",1,2000,float32,amh27935.nc
27936,AMH,AMH_PHALO SUM EPL INNER,amh/phalo_sum_epl_inner/data,PHalo Sum EPl inner,kA,"(2000,)",1,2000,float32,amh27936.nc
27937,AMH,AMH_PHALO SUM EPL INNER,amh/phalo_sum_epl_inner/data,PHalo Sum EPl inner,kA,"(2000,)",1,2000,float32,amh27937.nc
27938,AMH,AMH_PHALO SUM EPL INNER,amh/phalo_sum_epl_inner/data,PHalo Sum EPl inner,kA,"(2000,)",1,2000,float32,amh27938.nc
27929,AMH,AMH_PHALO SUM EPL OUTER,amh/phalo_sum_epl_outer/data,PHalo Sum EPl outer,kA,"(2000,)",1,2000,float32,amh27929.nc
27930,AMH,AMH_PHALO SUM EPL OUTER,amh/phalo_sum_epl_outer/data,PHalo Sum EPl outer,kA,"(2000,)",1,2000,float32,amh27930 (2).nc
27931,AMH,AMH_PHALO SUM EPL OUTER,amh/phalo_sum_epl_outer/data,PHalo Sum EPl outer,kA,"(2000,)",1,2000,float32,amh27931.nc
27932,AMH,AMH_PHALO SUM EPL OUTER,amh/phalo_sum_epl_outer/data,PHalo Sum EPl outer,kA,"(2000,)",1,2000,float32,amh27932.nc
27933,AMH,AMH_PHALO SUM EPL OUTER,amh/phalo_sum_epl_outer/data,PHalo Sum EPl outer,kA,"(2000,)",1,2000,float32,amh27933.nc
27934,AMH,AMH_PHALO SUM EPL OUTER,amh/phalo_sum_epl_outer/data,PHalo Sum EPl outer,kA,"(2000,)",1,2000,float32,amh27934.nc
27935,AMH,AMH_PHALO SUM EPL OUTER,amh/phalo_sum_epl_outer/data,PHalo Sum EPl outer,kA,"(2000,)",1,2000,float32,amh27935.nc
27936,AMH,AMH_PHALO SUM EPL OUTER,amh/phalo_sum_epl_outer/data,PHalo Sum EPl outer,kA,"(2000,)",1,2000,float32,amh27936.nc
27937,AMH,AMH_PHALO SUM EPL OUTER,amh/phalo_sum_epl_outer/data,PHalo Sum EPl outer,kA,"(2000,)",1,2000,float32,amh27937.nc
27938,AMH,AMH_PHALO SUM EPL OUTER,amh/phalo_sum_epl_outer/data,PHalo Sum EPl outer,kA,"(2000,)",1,2000,float32,amh27938.nc
27929,AMH,AMH_PHALO SUM EPU INNER,amh/phalo_sum_epu_inner/data,PHalo Sum EPu inner,kA,"(2000,)",1,2000,float32,amh27929.nc
27930,AMH,AMH_PHALO SUM EPU INNER,amh/phalo_sum_epu_inner/data,PHalo Sum EPu inner,kA,"(2000,)",1,2000,float32,amh27930 (2).nc
27931,AMH,AMH_PHALO SUM EPU INNER,amh/phalo_sum_epu_inner/data,PHalo Sum EPu inner,kA,"(2000,)",1,2000,float32,amh27931.nc
27932,AMH,AMH_PHALO SUM EPU INNER,amh/phalo_sum_epu_inner/data,PHalo Sum EPu inner,kA,"(2000,)",1,2000,float32,amh27932.nc
27933,AMH,AMH_PHALO SUM EPU INNER,amh/phalo_sum_epu_inner/data,PHalo Sum EPu inner,kA,"(2000,)",1,2000,float32,amh27933.nc
27934,AMH,AMH_PHALO SUM EPU INNER,amh/phalo_sum_epu_inner/data,PHalo Sum EPu inner,kA,"(2000,)",1,2000,float32,amh27934.nc
27935,AMH,AMH_PHALO SUM EPU INNER,amh/phalo_sum_epu_inner/data,PHalo Sum EPu inner,kA,"(2000,)",1,2000,float32,amh27935.nc
27936,AMH,AMH_PHALO SUM EPU INNER,amh/phalo_sum_epu_inner/data,PHalo Sum EPu inner,kA,"(2000,)",1,2000,float32,amh27936.nc
27937,AMH,AMH_PHALO SUM EPU INNER,amh/phalo_sum_epu_inner/data,PHalo Sum EPu inner,kA,"(2000,)",1,2000,float32,amh27937.nc
27938,AMH,AMH_PHALO SUM EPU INNER,amh/phalo_sum_epu_inner/data,PHalo Sum EPu inner,kA,"(2000,)",1,2000,float32,amh27938.nc
27929,AMH,AMH_PHALO SUM EPU OUTER,amh/phalo_sum_epu_outer/data,PHalo Sum EPu outer,kA,"(2000,)",1,2000,float32,amh27929.nc
27930,AMH,AMH_PHALO SUM EPU OUTER,amh/phalo_sum_epu_outer/data,PHalo Sum EPu outer,kA,"(2000,)",1,2000,float32,amh27930 (2).nc
27931,AMH,AMH_PHALO SUM EPU OUTER,amh/phalo_sum_epu_outer/data,PHalo Sum EPu outer,kA,"(2000,)",1,2000,float32,amh27931.nc
27932,AMH,AMH_PHALO SUM EPU OUTER,amh/phalo_sum_epu_outer/data,PHalo Sum EPu outer,kA,"(2000,)",1,2000,float32,amh27932.nc
27933,AMH,AMH_PHALO SUM EPU OUTER,amh/phalo_sum_epu_outer/data,PHalo Sum EPu outer,kA,"(2000,)",1,2000,float32,amh27933.nc
27934,AMH,AMH_PHALO SUM EPU OUTER,amh/phalo_sum_epu_outer/data,PHalo Sum EPu outer,kA,"(2000,)",1,2000,float32,amh27934.nc
27935,AMH,AMH_PHALO SUM EPU OUTER,amh/phalo_sum_epu_outer/data,PHalo Sum EPu outer,kA,"(2000,)",1,2000,float32,amh27935.nc
27936,AMH,AMH_PHALO SUM EPU OUTER,amh/phalo_sum_epu_outer/data,PHalo Sum EPu outer,kA,"(2000,)",1,2000,float32,amh27936.nc
27937,AMH,AMH_PHALO SUM EPU OUTER,amh/phalo_sum_epu_outer/data,PHalo Sum EPu outer,kA,"(2000,)",1,2000,float32,amh27937.nc
27938,AMH,AMH_PHALO SUM EPU OUTER,amh/phalo_sum_epu_outer/data,PHalo Sum EPu outer,kA,"(2000,)",1,2000,float32,amh27938.nc
27929,AMH,AMH_PHALO SUM P2L INNER,amh/phalo_sum_p2l_inner/data,PHalo Sum P2l inner,kA,"(2000,)",1,2000,float32,amh27929.nc
27930,AMH,AMH_PHALO SUM P2L INNER,amh/phalo_sum_p2l_inner/data,PHalo Sum P2l inner,kA,"(2000,)",1,2000,float32,amh27930 (2).nc
27931,AMH,AMH_PHALO SUM P2L INNER,amh/phalo_sum_p2l_inner/data,PHalo Sum P2l inner,kA,"(2000,)",1,2000,float32,amh27931.nc
27932,AMH,AMH_PHALO SUM P2L INNER,amh/phalo_sum_p2l_inner/data,PHalo Sum P2l inner,kA,"(2000,)",1,2000,float32,amh27932.nc
27933,AMH,AMH_PHALO SUM P2L INNER,amh/phalo_sum_p2l_inner/data,PHalo Sum P2l inner,kA,"(2000,)",1,2000,float32,amh27933.nc
27934,AMH,AMH_PHALO SUM P2L INNER,amh/phalo_sum_p2l_inner/data,PHalo Sum P2l inner,kA,"(2000,)",1,2000,float32,amh27934.nc
27935,AMH,AMH_PHALO SUM P2L INNER,amh/phalo_sum_p2l_inner/data,PHalo Sum P2l inner,kA,"(2000,)",1,2000,float32,amh27935.nc
27936,AMH,AMH_PHALO SUM P2L INNER,amh/phalo_sum_p2l_inner/data,PHalo Sum P2l inner,kA,"(2000,)",1,2000,float32,amh27936.nc
27937,AMH,AMH_PHALO SUM P2L INNER,amh/phalo_sum_p2l_inner/data,PHalo Sum P2l inner,kA,"(2000,)",1,2000,float32,amh27937.nc
27938,AMH,AMH_PHALO SUM P2L INNER,amh/phalo_sum_p2l_inner/data,PHalo Sum P2l inner,kA,"(2000,)",1,2000,float32,amh27938.nc
27929,AMH,AMH_PHALO SUM P2L OUTER,amh/phalo_sum_p2l_outer/data,PHalo Sum P2l outer,kA,"(2000,)",1,2000,float32,amh27929.nc
27930,AMH,AMH_PHALO SUM P2L OUTER,amh/phalo_sum_p2l_outer/data,PHalo Sum P2l outer,kA,"(2000,)",1,2000,float32,amh27930 (2).nc
27931,AMH,AMH_PHALO SUM P2L OUTER,amh/phalo_sum_p2l_outer/data,PHalo Sum P2l outer,kA,"(2000,)",1,2000,float32,amh27931.nc
27932,AMH,AMH_PHALO SUM P2L OUTER,amh/phalo_sum_p2l_outer/data,PHalo Sum P2l outer,kA,"(2000,)",1,2000,float32,amh27932.nc
27933,AMH,AMH_PHALO SUM P2L OUTER,amh/phalo_sum_p2l_outer/data,PHalo Sum P2l outer,kA,"(2000,)",1,2000,float32,amh27933.nc
27934,AMH,AMH_PHALO SUM P2L OUTER,amh/phalo_sum_p2l_outer/data,PHalo Sum P2l outer,kA,"(2000,)",1,2000,float32,amh27934.nc
27935,AMH,AMH_PHALO SUM P2L OUTER,amh/phalo_sum_p2l_outer/data,PHalo Sum P2l outer,kA,"(2000,)",1,2000,float32,amh27935.nc
27936,AMH,AMH_PHALO SUM P2L OUTER,amh/phalo_sum_p2l_outer/data,PHalo Sum P2l outer,kA,"(2000,)",1,2000,float32,amh27936.nc
27937,AMH,AMH_PHALO SUM P2L OUTER,amh/phalo_sum_p2l_outer/data,PHalo Sum P2l outer,kA,"(2000,)",1,2000,float32,amh27937.nc
27938,AMH,AMH_PHALO SUM P2L OUTER,amh/phalo_sum_p2l_outer/data,PHalo Sum P2l outer,kA,"(2000,)",1,2000,float32,amh27938.nc
27929,AMH,AMH_PHALO SUM P2U INNER,amh/phalo_sum_p2u_inner/data,PHalo Sum P2u inner,kA,"(2000,)",1,2000,float32,amh27929.nc
27930,AMH,AMH_PHALO SUM P2U INNER,amh/phalo_sum_p2u_inner/data,PHalo Sum P2u inner,kA,"(2000,)",1,2000,float32,amh27930 (2).nc
27931,AMH,AMH_PHALO SUM P2U INNER,amh/phalo_sum_p2u_inner/data,PHalo Sum P2u inner,kA,"(2000,)",1,2000,float32,amh27931.nc
27932,AMH,AMH_PHALO SUM P2U INNER,amh/phalo_sum_p2u_inner/data,PHalo Sum P2u inner,kA,"(2000,)",1,2000,float32,amh27932.nc
27933,AMH,AMH_PHALO SUM P2U INNER,amh/phalo_sum_p2u_inner/data,PHalo Sum P2u inner,kA,"(2000,)",1,2000,float32,amh27933.nc
27934,AMH,AMH_PHALO SUM P2U INNER,amh/phalo_sum_p2u_inner/data,PHalo Sum P2u inner,kA,"(2000,)",1,2000,float32,amh27934.nc
27935,AMH,AMH_PHALO SUM P2U INNER,amh/phalo_sum_p2u_inner/data,PHalo Sum P2u inner,kA,"(2000,)",1,2000,float32,amh27935.nc
27936,AMH,AMH_PHALO SUM P2U INNER,amh/phalo_sum_p2u_inner/data,PHalo Sum P2u inner,kA,"(2000,)",1,2000,float32,amh27936.nc
27937,AMH,AMH_PHALO SUM P2U INNER,amh/phalo_sum_p2u_inner/data,PHalo Sum P2u inner,kA,"(2000,)",1,2000,float32,amh27937.nc
27938,AMH,AMH_PHALO SUM P2U INNER,amh/phalo_sum_p2u_inner/data,PHalo Sum P2u inner,kA,"(2000,)",1,2000,float32,amh27938.nc
27929,AMH,AMH_PHALO SUM P2U OUTER,amh/phalo_sum_p2u_outer/data,PHalo Sum P2u outer,kA,"(2000,)",1,2000,float32,amh27929.nc
27930,AMH,AMH_PHALO SUM P2U OUTER,amh/phalo_sum_p2u_outer/data,PHalo Sum P2u outer,kA,"(2000,)",1,2000,float32,amh27930 (2).nc
27931,AMH,AMH_PHALO SUM P2U OUTER,amh/phalo_sum_p2u_outer/data,PHalo Sum P2u outer,kA,"(2000,)",1,2000,float32,amh27931.nc
27932,AMH,AMH_PHALO SUM P2U OUTER,amh/phalo_sum_p2u_outer/data,PHalo Sum P2u outer,kA,"(2000,)",1,2000,float32,amh27932.nc
27933,AMH,AMH_PHALO SUM P2U OUTER,amh/phalo_sum_p2u_outer/data,PHalo Sum P2u outer,kA,"(2000,)",1,2000,float32,amh27933.nc
27934,AMH,AMH_PHALO SUM P2U OUTER,amh/phalo_sum_p2u_outer/data,PHalo Sum P2u outer,kA,"(2000,)",1,2000,float32,amh27934.nc
27935,AMH,AMH_PHALO SUM P2U OUTER,amh/phalo_sum_p2u_outer/data,PHalo Sum P2u outer,kA,"(2000,)",1,2000,float32,amh27935.nc
27936,AMH,AMH_PHALO SUM P2U OUTER,amh/phalo_sum_p2u_outer/data,PHalo Sum P2u outer,kA,"(2000,)",1,2000,float32,amh27936.nc
27937,AMH,AMH_PHALO SUM P2U OUTER,amh/phalo_sum_p2u_outer/data,PHalo Sum P2u outer,kA,"(2000,)",1,2000,float32,amh27937.nc
27938,AMH,AMH_PHALO SUM P2U OUTER,amh/phalo_sum_p2u_outer/data,PHalo Sum P2u outer,kA,"(2000,)",1,2000,float32,amh27938.nc
27929,AMH,AMH_PHALO/EPL/I1,amh/phalo/epl/i1/data,phalo/epl/i1,kA,"(2000,)",1,2000,float32,amh27929.nc
27930,AMH,AMH_PHALO/EPL/I1,amh/phalo/epl/i1/data,phalo/epl/i1,kA,"(2000,)",1,2000,float32,amh27930 (2).nc
27931,AMH,AMH_PHALO/EPL/I1,amh/phalo/epl/i1/data,phalo/epl/i1,kA,"(2000,)",1,2000,float32,amh27931.nc
27932,AMH,AMH_PHALO/EPL/I1,amh/phalo/epl/i1/data,phalo/epl/i1,kA,"(2000,)",1,2000,float32,amh27932.nc
27933,AMH,AMH_PHALO/EPL/I1,amh/phalo/epl/i1/data,phalo/epl/i1,kA,"(2000,)",1,2000,float32,amh27933.nc
27934,AMH,AMH_PHALO/EPL/I1,amh/phalo/epl/i1/data,phalo/epl/i1,kA,"(2000,)",1,2000,float32,amh27934.nc
27935,AMH,AMH_PHALO/EPL/I1,amh/phalo/epl/i1/data,phalo/epl/i1,kA,"(2000,)",1,2000,float32,amh27935.nc
27936,AMH,AMH_PHALO/EPL/I1,amh/phalo/epl/i1/data,phalo/epl/i1,kA,"(2000,)",1,2000,float32,amh27936.nc
27937,AMH,AMH_PHALO/EPL/I1,amh/phalo/epl/i1/data,phalo/epl/i1,kA,"(2000,)",1,2000,float32,amh27937.nc
27938,AMH,AMH_PHALO/EPL/I1,amh/phalo/epl/i1/data,phalo/epl/i1,kA,"(2000,)",1,2000,float32,amh27938.nc
27929,AMH,AMH_PHALO/EPL/I2,amh/phalo/epl/i2/data,phalo/epl/i2,kA,"(2000,)",1,2000,float32,amh27929.nc
27930,AMH,AMH_PHALO/EPL/I2,amh/phalo/epl/i2/data,phalo/epl/i2,kA,"(2000,)",1,2000,float32,amh27930 (2).nc
27931,AMH,AMH_PHALO/EPL/I2,amh/phalo/epl/i2/data,phalo/epl/i2,kA,"(2000,)",1,2000,float32,amh27931.nc
27932,AMH,AMH_PHALO/EPL/I2,amh/phalo/epl/i2/data,phalo/epl/i2,kA,"(2000,)",1,2000,float32,amh27932.nc
27933,AMH,AMH_PHALO/EPL/I2,amh/phalo/epl/i2/data,phalo/epl/i2,kA,"(2000,)",1,2000,float32,amh27933.nc
27934,AMH,AMH_PHALO/EPL/I2,amh/phalo/epl/i2/data,phalo/epl/i2,kA,"(2000,)",1,2000,float32,amh27934.nc
27935,AMH,AMH_PHALO/EPL/I2,amh/phalo/epl/i2/data,phalo/epl/i2,kA,"(2000,)",1,2000,float32,amh27935.nc
27936,AMH,AMH_PHALO/EPL/I2,amh/phalo/epl/i2/data,phalo/epl/i2,kA,"(2000,)",1,2000,float32,amh27936.nc
27937,AMH,AMH_PHALO/EPL/I2,amh/phalo/epl/i2/data,phalo/epl/i2,kA,"(2000,)",1,2000,float32,amh27937.nc
27938,AMH,AMH_PHALO/EPL/I2,amh/phalo/epl/i2/data,phalo/epl/i2,kA,"(2000,)",1,2000,float32,amh27938.nc
27929,AMH,AMH_PHALO/EPL/I4,amh/phalo/epl/i4/data,phalo/epl/i4,kA,"(2000,)",1,2000,float32,amh27929.nc
27930,AMH,AMH_PHALO/EPL/I4,amh/phalo/epl/i4/data,phalo/epl/i4,kA,"(2000,)",1,2000,float32,amh27930 (2).nc
27931,AMH,AMH_PHALO/EPL/I4,amh/phalo/epl/i4/data,phalo/epl/i4,kA,"(2000,)",1,2000,float32,amh27931.nc
27932,AMH,AMH_PHALO/EPL/I4,amh/phalo/epl/i4/data,phalo/epl/i4,kA,"(2000,)",1,2000,float32,amh27932.nc
27933,AMH,AMH_PHALO/EPL/I4,amh/phalo/epl/i4/data,phalo/epl/i4,kA,"(2000,)",1,2000,float32,amh27933.nc
27934,AMH,AMH_PHALO/EPL/I4,amh/phalo/epl/i4/data,phalo/epl/i4,kA,"(2000,)",1,2000,float32,amh27934.nc
27935,AMH,AMH_PHALO/EPL/I4,amh/phalo/epl/i4/data,phalo/epl/i4,kA,"(2000,)",1,2000,float32,amh27935.nc
27936,AMH,AMH_PHALO/EPL/I4,amh/phalo/epl/i4/data,phalo/epl/i4,kA,"(2000,)",1,2000,float32,amh27936.nc
27937,AMH,AMH_PHALO/EPL/I4,amh/phalo/epl/i4/data,phalo/epl/i4,kA,"(2000,)",1,2000,float32,amh27937.nc
27938,AMH,AMH_PHALO/EPL/I4,amh/phalo/epl/i4/data,phalo/epl/i4,kA,"(2000,)",1,2000,float32,amh27938.nc
27929,AMH,AMH_PHALO/EPL/O1,amh/phalo/epl/o1/data,phalo/epl/o1,kA,"(2000,)",1,2000,float32,amh27929.nc
27930,AMH,AMH_PHALO/EPL/O1,amh/phalo/epl/o1/data,phalo/epl/o1,kA,"(2000,)",1,2000,float32,amh27930 (2).nc
27931,AMH,AMH_PHALO/EPL/O1,amh/phalo/epl/o1/data,phalo/epl/o1,kA,"(2000,)",1,2000,float32,amh27931.nc
27932,AMH,AMH_PHALO/EPL/O1,amh/phalo/epl/o1/data,phalo/epl/o1,kA,"(2000,)",1,2000,float32,amh27932.nc
27933,AMH,AMH_PHALO/EPL/O1,amh/phalo/epl/o1/data,phalo/epl/o1,kA,"(2000,)",1,2000,float32,amh27933.nc
27934,AMH,AMH_PHALO/EPL/O1,amh/phalo/epl/o1/data,phalo/epl/o1,kA,"(2000,)",1,2000,float32,amh27934.nc
27935,AMH,AMH_PHALO/EPL/O1,amh/phalo/epl/o1/data,phalo/epl/o1,kA,"(2000,)",1,2000,float32,amh27935.nc
27936,AMH,AMH_PHALO/EPL/O1,amh/phalo/epl/o1/data,phalo/epl/o1,kA,"(2000,)",1,2000,float32,amh27936.nc
27937,AMH,AMH_PHALO/EPL/O1,amh/phalo/epl/o1/data,phalo/epl/o1,kA,"(2000,)",1,2000,float32,amh27937.nc
27938,AMH,AMH_PHALO/EPL/O1,amh/phalo/epl/o1/data,phalo/epl/o1,kA,"(2000,)",1,2000,float32,amh27938.nc
27929,AMH,AMH_PHALO/EPL/O2,amh/phalo/epl/o2/data,phalo/epl/o2,kA,"(2000,)",1,2000,float32,amh27929.nc
27930,AMH,AMH_PHALO/EPL/O2,amh/phalo/epl/o2/data,phalo/epl/o2,kA,"(2000,)",1,2000,float32,amh27930 (2).nc
27931,AMH,AMH_PHALO/EPL/O2,amh/phalo/epl/o2/data,phalo/epl/o2,kA,"(2000,)",1,2000,float32,amh27931.nc
27932,AMH,AMH_PHALO/EPL/O2,amh/phalo/epl/o2/data,phalo/epl/o2,kA,"(2000,)",1,2000,float32,amh27932.nc
27933,AMH,AMH_PHALO/EPL/O2,amh/phalo/epl/o2/data,phalo/epl/o2,kA,"(2000,)",1,2000,float32,amh27933.nc
27934,AMH,AMH_PHALO/EPL/O2,amh/phalo/epl/o2/data,phalo/epl/o2,kA,"(2000,)",1,2000,float32,amh27934.nc
27935,AMH,AMH_PHALO/EPL/O2,amh/phalo/epl/o2/data,phalo/epl/o2,kA,"(2000,)",1,2000,float32,amh27935.nc
27936,AMH,AMH_PHALO/EPL/O2,amh/phalo/epl/o2/data,phalo/epl/o2,kA,"(2000,)",1,2000,float32,amh27936.nc
27937,AMH,AMH_PHALO/EPL/O2,amh/phalo/epl/o2/data,phalo/epl/o2,kA,"(2000,)",1,2000,float32,amh27937.nc
27938,AMH,AMH_PHALO/EPL/O2,amh/phalo/epl/o2/data,phalo/epl/o2,kA,"(2000,)",1,2000,float32,amh27938.nc
27929,AMH,AMH_PHALO/EPL/O3,amh/phalo/epl/o3/data,phalo/epl/o3,kA,"(2000,)",1,2000,float32,amh27929.nc
27930,AMH,AMH_PHALO/EPL/O3,amh/phalo/epl/o3/data,phalo/epl/o3,kA,"(2000,)",1,2000,float32,amh27930 (2).nc
27931,AMH,AMH_PHALO/EPL/O3,amh/phalo/epl/o3/data,phalo/epl/o3,kA,"(2000,)",1,2000,float32,amh27931.nc
27932,AMH,AMH_PHALO/EPL/O3,amh/phalo/epl/o3/data,phalo/epl/o3,kA,"(2000,)",1,2000,float32,amh27932.nc
27933,AMH,AMH_PHALO/EPL/O3,amh/phalo/epl/o3/data,phalo/epl/o3,kA,"(2000,)",1,2000,float32,amh27933.nc
27934,AMH,AMH_PHALO/EPL/O3,amh/phalo/epl/o3/data,phalo/epl/o3,kA,"(2000,)",1,2000,float32,amh27934.nc
27935,AMH,AMH_PHALO/EPL/O3,amh/phalo/epl/o3/data,phalo/epl/o3,kA,"(2000,)",1,2000,float32,amh27935.nc
27936,AMH,AMH_PHALO/EPL/O3,amh/phalo/epl/o3/data,phalo/epl/o3,kA,"(2000,)",1,2000,float32,amh27936.nc
27937,AMH,AMH_PHALO/EPL/O3,amh/phalo/epl/o3/data,phalo/epl/o3,kA,"(2000,)",1,2000,float32,amh27937.nc
27938,AMH,AMH_PHALO/EPL/O3,amh/phalo/epl/o3/data,phalo/epl/o3,kA,"(2000,)",1,2000,float32,amh27938.nc
27929,AMH,AMH_PHALO/EPL/O5,amh/phalo/epl/o5/data,phalo/epl/o5,kA,"(2000,)",1,2000,float32,amh27929.nc
27930,AMH,AMH_PHALO/EPL/O5,amh/phalo/epl/o5/data,phalo/epl/o5,kA,"(2000,)",1,2000,float32,amh27930 (2).nc
27931,AMH,AMH_PHALO/EPL/O5,amh/phalo/epl/o5/data,phalo/epl/o5,kA,"(2000,)",1,2000,float32,amh27931.nc
27932,AMH,AMH_PHALO/EPL/O5,amh/phalo/epl/o5/data,phalo/epl/o5,kA,"(2000,)",1,2000,float32,amh27932.nc
27933,AMH,AMH_PHALO/EPL/O5,amh/phalo/epl/o5/data,phalo/epl/o5,kA,"(2000,)",1,2000,float32,amh27933.nc
27934,AMH,AMH_PHALO/EPL/O5,amh/phalo/epl/o5/data,phalo/epl/o5,kA,"(2000,)",1,2000,float32,amh27934.nc
27935,AMH,AMH_PHALO/EPL/O5,amh/phalo/epl/o5/data,phalo/epl/o5,kA,"(2000,)",1,2000,float32,amh27935.nc
27936,AMH,AMH_PHALO/EPL/O5,amh/phalo/epl/o5/data,phalo/epl/o5,kA,"(2000,)",1,2000,float32,amh27936.nc
27937,AMH,AMH_PHALO/EPL/O5,amh/phalo/epl/o5/data,phalo/epl/o5,kA,"(2000,)",1,2000,float32,amh27937.nc
27938,AMH,AMH_PHALO/EPL/O5,amh/phalo/epl/o5/data,phalo/epl/o5,kA,"(2000,)",1,2000,float32,amh27938.nc
27929,AMH,AMH_PHALO/EPL/O6,amh/phalo/epl/o6/data,phalo/epl/o6,kA,"(2000,)",1,2000,float32,amh27929.nc
27930,AMH,AMH_PHALO/EPL/O6,amh/phalo/epl/o6/data,phalo/epl/o6,kA,"(2000,)",1,2000,float32,amh27930 (2).nc
27931,AMH,AMH_PHALO/EPL/O6,amh/phalo/epl/o6/data,phalo/epl/o6,kA,"(2000,)",1,2000,float32,amh27931.nc
27932,AMH,AMH_PHALO/EPL/O6,amh/phalo/epl/o6/data,phalo/epl/o6,kA,"(2000,)",1,2000,float32,amh27932.nc
27933,AMH,AMH_PHALO/EPL/O6,amh/phalo/epl/o6/data,phalo/epl/o6,kA,"(2000,)",1,2000,float32,amh27933.nc
27934,AMH,AMH_PHALO/EPL/O6,amh/phalo/epl/o6/data,phalo/epl/o6,kA,"(2000,)",1,2000,float32,amh27934.nc
27935,AMH,AMH_PHALO/EPL/O6,amh/phalo/epl/o6/data,phalo/epl/o6,kA,"(2000,)",1,2000,float32,amh27935.nc
27936,AMH,AMH_PHALO/EPL/O6,amh/phalo/epl/o6/data,phalo/epl/o6,kA,"(2000,)",1,2000,float32,amh27936.nc
27937,AMH,AMH_PHALO/EPL/O6,amh/phalo/epl/o6/data,phalo/epl/o6,kA,"(2000,)",1,2000,float32,amh27937.nc
27938,AMH,AMH_PHALO/EPL/O6,amh/phalo/epl/o6/data,phalo/epl/o6,kA,"(2000,)",1,2000,float32,amh27938.nc
27929,AMH,AMH_PHALO/EPU/I3,amh/phalo/epu/i3/data,phalo/epu/i3,kA,"(2000,)",1,2000,float32,amh27929.nc
27930,AMH,AMH_PHALO/EPU/I3,amh/phalo/epu/i3/data,phalo/epu/i3,kA,"(2000,)",1,2000,float32,amh27930 (2).nc
27931,AMH,AMH_PHALO/EPU/I3,amh/phalo/epu/i3/data,phalo/epu/i3,kA,"(2000,)",1,2000,float32,amh27931.nc
27932,AMH,AMH_PHALO/EPU/I3,amh/phalo/epu/i3/data,phalo/epu/i3,kA,"(2000,)",1,2000,float32,amh27932.nc
27933,AMH,AMH_PHALO/EPU/I3,amh/phalo/epu/i3/data,phalo/epu/i3,kA,"(2000,)",1,2000,float32,amh27933.nc
27934,AMH,AMH_PHALO/EPU/I3,amh/phalo/epu/i3/data,phalo/epu/i3,kA,"(2000,)",1,2000,float32,amh27934.nc
27935,AMH,AMH_PHALO/EPU/I3,amh/phalo/epu/i3/data,phalo/epu/i3,kA,"(2000,)",1,2000,float32,amh27935.nc
27936,AMH,AMH_PHALO/EPU/I3,amh/phalo/epu/i3/data,phalo/epu/i3,kA,"(2000,)",1,2000,float32,amh27936.nc
27937,AMH,AMH_PHALO/EPU/I3,amh/phalo/epu/i3/data,phalo/epu/i3,kA,"(2000,)",1,2000,float32,amh27937.nc
27938,AMH,AMH_PHALO/EPU/I3,amh/phalo/epu/i3/data,phalo/epu/i3,kA,"(2000,)",1,2000,float32,amh27938.nc
27929,AMH,AMH_PHALO/EPU/I4,amh/phalo/epu/i4/data,phalo/epu/i4,kA,"(2000,)",1,2000,float32,amh27929.nc
27930,AMH,AMH_PHALO/EPU/I4,amh/phalo/epu/i4/data,phalo/epu/i4,kA,"(2000,)",1,2000,float32,amh27930 (2).nc
27931,AMH,AMH_PHALO/EPU/I4,amh/phalo/epu/i4/data,phalo/epu/i4,kA,"(2000,)",1,2000,float32,amh27931.nc
27932,AMH,AMH_PHALO/EPU/I4,amh/phalo/epu/i4/data,phalo/epu/i4,kA,"(2000,)",1,2000,float32,amh27932.nc
27933,AMH,AMH_PHALO/EPU/I4,amh/phalo/epu/i4/data,phalo/epu/i4,kA,"(2000,)",1,2000,float32,amh27933.nc
27934,AMH,AMH_PHALO/EPU/I4,amh/phalo/epu/i4/data,phalo/epu/i4,kA,"(2000,)",1,2000,float32,amh27934.nc
27935,AMH,AMH_PHALO/EPU/I4,amh/phalo/epu/i4/data,phalo/epu/i4,kA,"(2000,)",1,2000,float32,amh27935.nc
27936,AMH,AMH_PHALO/EPU/I4,amh/phalo/epu/i4/data,phalo/epu/i4,kA,"(2000,)",1,2000,float32,amh27936.nc
27937,AMH,AMH_PHALO/EPU/I4,amh/phalo/epu/i4/data,phalo/epu/i4,kA,"(2000,)",1,2000,float32,amh27937.nc
27938,AMH,AMH_PHALO/EPU/I4,amh/phalo/epu/i4/data,phalo/epu/i4,kA,"(2000,)",1,2000,float32,amh27938.nc
27929,AMH,AMH_PHALO/EPU/O1,amh/phalo/epu/o1/data,phalo/epu/o1,kA,"(2000,)",1,2000,float32,amh27929.nc
27930,AMH,AMH_PHALO/EPU/O1,amh/phalo/epu/o1/data,phalo/epu/o1,kA,"(2000,)",1,2000,float32,amh27930 (2).nc
27931,AMH,AMH_PHALO/EPU/O1,amh/phalo/epu/o1/data,phalo/epu/o1,kA,"(2000,)",1,2000,float32,amh27931.nc
27932,AMH,AMH_PHALO/EPU/O1,amh/phalo/epu/o1/data,phalo/epu/o1,kA,"(2000,)",1,2000,float32,amh27932.nc
27933,AMH,AMH_PHALO/EPU/O1,amh/phalo/epu/o1/data,phalo/epu/o1,kA,"(2000,)",1,2000,float32,amh27933.nc
27934,AMH,AMH_PHALO/EPU/O1,amh/phalo/epu/o1/data,phalo/epu/o1,kA,"(2000,)",1,2000,float32,amh27934.nc
27935,AMH,AMH_PHALO/EPU/O1,amh/phalo/epu/o1/data,phalo/epu/o1,kA,"(2000,)",1,2000,float32,amh27935.nc
27936,AMH,AMH_PHALO/EPU/O1,amh/phalo/epu/o1/data,phalo/epu/o1,kA,"(2000,)",1,2000,float32,amh27936.nc
27937,AMH,AMH_PHALO/EPU/O1,amh/phalo/epu/o1/data,phalo/epu/o1,kA,"(2000,)",1,2000,float32,amh27937.nc
27938,AMH,AMH_PHALO/EPU/O1,amh/phalo/epu/o1/data,phalo/epu/o1,kA,"(2000,)",1,2000,float32,amh27938.nc
27929,AMH,AMH_PHALO/EPU/O3,amh/phalo/epu/o3/data,phalo/epu/o3,kA,"(2000,)",1,2000,float32,amh27929.nc
27930,AMH,AMH_PHALO/EPU/O3,amh/phalo/epu/o3/data,phalo/epu/o3,kA,"(2000,)",1,2000,float32,amh27930 (2).nc
27931,AMH,AMH_PHALO/EPU/O3,amh/phalo/epu/o3/data,phalo/epu/o3,kA,"(2000,)",1,2000,float32,amh27931.nc
27932,AMH,AMH_PHALO/EPU/O3,amh/phalo/epu/o3/data,phalo/epu/o3,kA,"(2000,)",1,2000,float32,amh27932.nc
27933,AMH,AMH_PHALO/EPU/O3,amh/phalo/epu/o3/data,phalo/epu/o3,kA,"(2000,)",1,2000,float32,amh27933.nc
27934,AMH,AMH_PHALO/EPU/O3,amh/phalo/epu/o3/data,phalo/epu/o3,kA,"(2000,)",1,2000,float32,amh27934.nc
27935,AMH,AMH_PHALO/EPU/O3,amh/phalo/epu/o3/data,phalo/epu/o3,kA,"(2000,)",1,2000,float32,amh27935.nc
27936,AMH,AMH_PHALO/EPU/O3,amh/phalo/epu/o3/data,phalo/epu/o3,kA,"(2000,)",1,2000,float32,amh27936.nc
27937,AMH,AMH_PHALO/EPU/O3,amh/phalo/epu/o3/data,phalo/epu/o3,kA,"(2000,)",1,2000,float32,amh27937.nc
27938,AMH,AMH_PHALO/EPU/O3,amh/phalo/epu/o3/data,phalo/epu/o3,kA,"(2000,)",1,2000,float32,amh27938.nc
27929,AMH,AMH_PHALO/EPU/O4,amh/phalo/epu/o4/data,phalo/epu/o4,kA,"(2000,)",1,2000,float32,amh27929.nc
27930,AMH,AMH_PHALO/EPU/O4,amh/phalo/epu/o4/data,phalo/epu/o4,kA,"(2000,)",1,2000,float32,amh27930 (2).nc
27931,AMH,AMH_PHALO/EPU/O4,amh/phalo/epu/o4/data,phalo/epu/o4,kA,"(2000,)",1,2000,float32,amh27931.nc
27932,AMH,AMH_PHALO/EPU/O4,amh/phalo/epu/o4/data,phalo/epu/o4,kA,"(2000,)",1,2000,float32,amh27932.nc
27933,AMH,AMH_PHALO/EPU/O4,amh/phalo/epu/o4/data,phalo/epu/o4,kA,"(2000,)",1,2000,float32,amh27933.nc
27934,AMH,AMH_PHALO/EPU/O4,amh/phalo/epu/o4/data,phalo/epu/o4,kA,"(2000,)",1,2000,float32,amh27934.nc
27935,AMH,AMH_PHALO/EPU/O4,amh/phalo/epu/o4/data,phalo/epu/o4,kA,"(2000,)",1,2000,float32,amh27935.nc
27936,AMH,AMH_PHALO/EPU/O4,amh/phalo/epu/o4/data,phalo/epu/o4,kA,"(2000,)",1,2000,float32,amh27936.nc
27937,AMH,AMH_PHALO/EPU/O4,amh/phalo/epu/o4/data,phalo/epu/o4,kA,"(2000,)",1,2000,float32,amh27937.nc
27938,AMH,AMH_PHALO/EPU/O4,amh/phalo/epu/o4/data,phalo/epu/o4,kA,"(2000,)",1,2000,float32,amh27938.nc
27929,AMH,AMH_PHALO/EPU/O5,amh/phalo/epu/o5/data,phalo/epu/o5,kA,"(2000,)",1,2000,float32,amh27929.nc
27930,AMH,AMH_PHALO/EPU/O5,amh/phalo/epu/o5/data,phalo/epu/o5,kA,"(2000,)",1,2000,float32,amh27930 (2).nc
27931,AMH,AMH_PHALO/EPU/O5,amh/phalo/epu/o5/data,phalo/epu/o5,kA,"(2000,)",1,2000,float32,amh27931.nc
27932,AMH,AMH_PHALO/EPU/O5,amh/phalo/epu/o5/data,phalo/epu/o5,kA,"(2000,)",1,2000,float32,amh27932.nc
27933,AMH,AMH_PHALO/EPU/O5,amh/phalo/epu/o5/data,phalo/epu/o5,kA,"(2000,)",1,2000,float32,amh27933.nc
27934,AMH,AMH_PHALO/EPU/O5,amh/phalo/epu/o5/data,phalo/epu/o5,kA,"(2000,)",1,2000,float32,amh27934.nc
27935,AMH,AMH_PHALO/EPU/O5,amh/phalo/epu/o5/data,phalo/epu/o5,kA,"(2000,)",1,2000,float32,amh27935.nc
27936,AMH,AMH_PHALO/EPU/O5,amh/phalo/epu/o5/data,phalo/epu/o5,kA,"(2000,)",1,2000,float32,amh27936.nc
27937,AMH,AMH_PHALO/EPU/O5,amh/phalo/epu/o5/data,phalo/epu/o5,kA,"(2000,)",1,2000,float32,amh27937.nc
27938,AMH,AMH_PHALO/EPU/O5,amh/phalo/epu/o5/data,phalo/epu/o5,kA,"(2000,)",1,2000,float32,amh27938.nc
27929,AMH,AMH_PHALO/EPU/O6,amh/phalo/epu/o6/data,phalo/epu/o6,kA,"(2000,)",1,2000,float32,amh27929.nc
27930,AMH,AMH_PHALO/EPU/O6,amh/phalo/epu/o6/data,phalo/epu/o6,kA,"(2000,)",1,2000,float32,amh27930 (2).nc
27931,AMH,AMH_PHALO/EPU/O6,amh/phalo/epu/o6/data,phalo/epu/o6,kA,"(2000,)",1,2000,float32,amh27931.nc
27932,AMH,AMH_PHALO/EPU/O6,amh/phalo/epu/o6/data,phalo/epu/o6,kA,"(2000,)",1,2000,float32,amh27932.nc
27933,AMH,AMH_PHALO/EPU/O6,amh/phalo/epu/o6/data,phalo/epu/o6,kA,"(2000,)",1,2000,float32,amh27933.nc
27934,AMH,AMH_PHALO/EPU/O6,amh/phalo/epu/o6/data,phalo/epu/o6,kA,"(2000,)",1,2000,float32,amh27934.nc
27935,AMH,AMH_PHALO/EPU/O6,amh/phalo/epu/o6/data,phalo/epu/o6,kA,"(2000,)",1,2000,float32,amh27935.nc
27936,AMH,AMH_PHALO/EPU/O6,amh/phalo/epu/o6/data,phalo/epu/o6,kA,"(2000,)",1,2000,float32,amh27936.nc
27937,AMH,AMH_PHALO/EPU/O6,amh/phalo/epu/o6/data,phalo/epu/o6,kA,"(2000,)",1,2000,float32,amh27937.nc
27938,AMH,AMH_PHALO/EPU/O6,amh/phalo/epu/o6/data,phalo/epu/o6,kA,"(2000,)",1,2000,float32,amh27938.nc
27929,AMH,AMH_PHALO/P2L/I2,amh/phalo/p2l/i2/data,phalo/p2l/i2,kA,"(2000,)",1,2000,float32,amh27929.nc
27930,AMH,AMH_PHALO/P2L/I2,amh/phalo/p2l/i2/data,phalo/p2l/i2,kA,"(2000,)",1,2000,float32,amh27930 (2).nc
27931,AMH,AMH_PHALO/P2L/I2,amh/phalo/p2l/i2/data,phalo/p2l/i2,kA,"(2000,)",1,2000,float32,amh27931.nc
27932,AMH,AMH_PHALO/P2L/I2,amh/phalo/p2l/i2/data,phalo/p2l/i2,kA,"(2000,)",1,2000,float32,amh27932.nc
27933,AMH,AMH_PHALO/P2L/I2,amh/phalo/p2l/i2/data,phalo/p2l/i2,kA,"(2000,)",1,2000,float32,amh27933.nc
27934,AMH,AMH_PHALO/P2L/I2,amh/phalo/p2l/i2/data,phalo/p2l/i2,kA,"(2000,)",1,2000,float32,amh27934.nc
27935,AMH,AMH_PHALO/P2L/I2,amh/phalo/p2l/i2/data,phalo/p2l/i2,kA,"(2000,)",1,2000,float32,amh27935.nc
27936,AMH,AMH_PHALO/P2L/I2,amh/phalo/p2l/i2/data,phalo/p2l/i2,kA,"(2000,)",1,2000,float32,amh27936.nc
27937,AMH,AMH_PHALO/P2L/I2,amh/phalo/p2l/i2/data,phalo/p2l/i2,kA,"(2000,)",1,2000,float32,amh27937.nc
27938,AMH,AMH_PHALO/P2L/I2,amh/phalo/p2l/i2/data,phalo/p2l/i2,kA,"(2000,)",1,2000,float32,amh27938.nc
27929,AMH,AMH_PHALO/P2L/I3,amh/phalo/p2l/i3/data,phalo/p2l/i3,kA,"(2000,)",1,2000,float32,amh27929.nc
27930,AMH,AMH_PHALO/P2L/I3,amh/phalo/p2l/i3/data,phalo/p2l/i3,kA,"(2000,)",1,2000,float32,amh27930 (2).nc
27931,AMH,AMH_PHALO/P2L/I3,amh/phalo/p2l/i3/data,phalo/p2l/i3,kA,"(2000,)",1,2000,float32,amh27931.nc
27932,AMH,AMH_PHALO/P2L/I3,amh/phalo/p2l/i3/data,phalo/p2l/i3,kA,"(2000,)",1,2000,float32,amh27932.nc
27933,AMH,AMH_PHALO/P2L/I3,amh/phalo/p2l/i3/data,phalo/p2l/i3,kA,"(2000,)",1,2000,float32,amh27933.nc
27934,AMH,AMH_PHALO/P2L/I3,amh/phalo/p2l/i3/data,phalo/p2l/i3,kA,"(2000,)",1,2000,float32,amh27934.nc
27935,AMH,AMH_PHALO/P2L/I3,amh/phalo/p2l/i3/data,phalo/p2l/i3,kA,"(2000,)",1,2000,float32,amh27935.nc
27936,AMH,AMH_PHALO/P2L/I3,amh/phalo/p2l/i3/data,phalo/p2l/i3,kA,"(2000,)",1,2000,float32,amh27936.nc
27937,AMH,AMH_PHALO/P2L/I3,amh/phalo/p2l/i3/data,phalo/p2l/i3,kA,"(2000,)",1,2000,float32,amh27937.nc
27938,AMH,AMH_PHALO/P2L/I3,amh/phalo/p2l/i3/data,phalo/p2l/i3,kA,"(2000,)",1,2000,float32,amh27938.nc
27929,AMH,AMH_PHALO/P2L/I6,amh/phalo/p2l/i6/data,phalo/p2l/i6,kA,"(2000,)",1,2000,float32,amh27929.nc
27930,AMH,AMH_PHALO/P2L/I6,amh/phalo/p2l/i6/data,phalo/p2l/i6,kA,"(2000,)",1,2000,float32,amh27930 (2).nc
27931,AMH,AMH_PHALO/P2L/I6,amh/phalo/p2l/i6/data,phalo/p2l/i6,kA,"(2000,)",1,2000,float32,amh27931.nc
27932,AMH,AMH_PHALO/P2L/I6,amh/phalo/p2l/i6/data,phalo/p2l/i6,kA,"(2000,)",1,2000,float32,amh27932.nc
27933,AMH,AMH_PHALO/P2L/I6,amh/phalo/p2l/i6/data,phalo/p2l/i6,kA,"(2000,)",1,2000,float32,amh27933.nc
27934,AMH,AMH_PHALO/P2L/I6,amh/phalo/p2l/i6/data,phalo/p2l/i6,kA,"(2000,)",1,2000,float32,amh27934.nc
27935,AMH,AMH_PHALO/P2L/I6,amh/phalo/p2l/i6/data,phalo/p2l/i6,kA,"(2000,)",1,2000,float32,amh27935.nc
27936,AMH,AMH_PHALO/P2L/I6,amh/phalo/p2l/i6/data,phalo/p2l/i6,kA,"(2000,)",1,2000,float32,amh27936.nc
27937,AMH,AMH_PHALO/P2L/I6,amh/phalo/p2l/i6/data,phalo/p2l/i6,kA,"(2000,)",1,2000,float32,amh27937.nc
27938,AMH,AMH_PHALO/P2L/I6,amh/phalo/p2l/i6/data,phalo/p2l/i6,kA,"(2000,)",1,2000,float32,amh27938.nc
27929,AMH,AMH_PHALO/P2L/O1,amh/phalo/p2l/o1/data,phalo/p2l/o1,kA,"(2000,)",1,2000,float32,amh27929.nc
27930,AMH,AMH_PHALO/P2L/O1,amh/phalo/p2l/o1/data,phalo/p2l/o1,kA,"(2000,)",1,2000,float32,amh27930 (2).nc
27931,AMH,AMH_PHALO/P2L/O1,amh/phalo/p2l/o1/data,phalo/p2l/o1,kA,"(2000,)",1,2000,float32,amh27931.nc
27932,AMH,AMH_PHALO/P2L/O1,amh/phalo/p2l/o1/data,phalo/p2l/o1,kA,"(2000,)",1,2000,float32,amh27932.nc
27933,AMH,AMH_PHALO/P2L/O1,amh/phalo/p2l/o1/data,phalo/p2l/o1,kA,"(2000,)",1,2000,float32,amh27933.nc
27934,AMH,AMH_PHALO/P2L/O1,amh/phalo/p2l/o1/data,phalo/p2l/o1,kA,"(2000,)",1,2000,float32,amh27934.nc
27935,AMH,AMH_PHALO/P2L/O1,amh/phalo/p2l/o1/data,phalo/p2l/o1,kA,"(2000,)",1,2000,float32,amh27935.nc
27936,AMH,AMH_PHALO/P2L/O1,amh/phalo/p2l/o1/data,phalo/p2l/o1,kA,"(2000,)",1,2000,float32,amh27936.nc
27937,AMH,AMH_PHALO/P2L/O1,amh/phalo/p2l/o1/data,phalo/p2l/o1,kA,"(2000,)",1,2000,float32,amh27937.nc
27938,AMH,AMH_PHALO/P2L/O1,amh/phalo/p2l/o1/data,phalo/p2l/o1,kA,"(2000,)",1,2000,float32,amh27938.nc
27929,AMH,AMH_PHALO/P2L/O2,amh/phalo/p2l/o2/data,phalo/p2l/o2,kA,"(2000,)",1,2000,float32,amh27929.nc
27930,AMH,AMH_PHALO/P2L/O2,amh/phalo/p2l/o2/data,phalo/p2l/o2,kA,"(2000,)",1,2000,float32,amh27930 (2).nc
27931,AMH,AMH_PHALO/P2L/O2,amh/phalo/p2l/o2/data,phalo/p2l/o2,kA,"(2000,)",1,2000,float32,amh27931.nc
27932,AMH,AMH_PHALO/P2L/O2,amh/phalo/p2l/o2/data,phalo/p2l/o2,kA,"(2000,)",1,2000,float32,amh27932.nc
27933,AMH,AMH_PHALO/P2L/O2,amh/phalo/p2l/o2/data,phalo/p2l/o2,kA,"(2000,)",1,2000,float32,amh27933.nc
27934,AMH,AMH_PHALO/P2L/O2,amh/phalo/p2l/o2/data,phalo/p2l/o2,kA,"(2000,)",1,2000,float32,amh27934.nc
27935,AMH,AMH_PHALO/P2L/O2,amh/phalo/p2l/o2/data,phalo/p2l/o2,kA,"(2000,)",1,2000,float32,amh27935.nc
27936,AMH,AMH_PHALO/P2L/O2,amh/phalo/p2l/o2/data,phalo/p2l/o2,kA,"(2000,)",1,2000,float32,amh27936.nc
27937,AMH,AMH_PHALO/P2L/O2,amh/phalo/p2l/o2/data,phalo/p2l/o2,kA,"(2000,)",1,2000,float32,amh27937.nc
27938,AMH,AMH_PHALO/P2L/O2,amh/phalo/p2l/o2/data,phalo/p2l/o2,kA,"(2000,)",1,2000,float32,amh27938.nc
27929,AMH,AMH_PHALO/P2L/O4,amh/phalo/p2l/o4/data,phalo/p2l/o4,kA,"(2000,)",1,2000,float32,amh27929.nc
27930,AMH,AMH_PHALO/P2L/O4,amh/phalo/p2l/o4/data,phalo/p2l/o4,kA,"(2000,)",1,2000,float32,amh27930 (2).nc
27931,AMH,AMH_PHALO/P2L/O4,amh/phalo/p2l/o4/data,phalo/p2l/o4,kA,"(2000,)",1,2000,float32,amh27931.nc
27932,AMH,AMH_PHALO/P2L/O4,amh/phalo/p2l/o4/data,phalo/p2l/o4,kA,"(2000,)",1,2000,float32,amh27932.nc
27933,AMH,AMH_PHALO/P2L/O4,amh/phalo/p2l/o4/data,phalo/p2l/o4,kA,"(2000,)",1,2000,float32,amh27933.nc
27934,AMH,AMH_PHALO/P2L/O4,amh/phalo/p2l/o4/data,phalo/p2l/o4,kA,"(2000,)",1,2000,float32,amh27934.nc
27935,AMH,AMH_PHALO/P2L/O4,amh/phalo/p2l/o4/data,phalo/p2l/o4,kA,"(2000,)",1,2000,float32,amh27935.nc
27936,AMH,AMH_PHALO/P2L/O4,amh/phalo/p2l/o4/data,phalo/p2l/o4,kA,"(2000,)",1,2000,float32,amh27936.nc
27937,AMH,AMH_PHALO/P2L/O4,amh/phalo/p2l/o4/data,phalo/p2l/o4,kA,"(2000,)",1,2000,float32,amh27937.nc
27938,AMH,AMH_PHALO/P2L/O4,amh/phalo/p2l/o4/data,phalo/p2l/o4,kA,"(2000,)",1,2000,float32,amh27938.nc
27929,AMH,AMH_PHALO/P2U/I1,amh/phalo/p2u/i1/data,phalo/p2u/i1,kA,"(2000,)",1,2000,float32,amh27929.nc
27930,AMH,AMH_PHALO/P2U/I1,amh/phalo/p2u/i1/data,phalo/p2u/i1,kA,"(2000,)",1,2000,float32,amh27930 (2).nc
27931,AMH,AMH_PHALO/P2U/I1,amh/phalo/p2u/i1/data,phalo/p2u/i1,kA,"(2000,)",1,2000,float32,amh27931.nc
27932,AMH,AMH_PHALO/P2U/I1,amh/phalo/p2u/i1/data,phalo/p2u/i1,kA,"(2000,)",1,2000,float32,amh27932.nc
27933,AMH,AMH_PHALO/P2U/I1,amh/phalo/p2u/i1/data,phalo/p2u/i1,kA,"(2000,)",1,2000,float32,amh27933.nc
27934,AMH,AMH_PHALO/P2U/I1,amh/phalo/p2u/i1/data,phalo/p2u/i1,kA,"(2000,)",1,2000,float32,amh27934.nc
27935,AMH,AMH_PHALO/P2U/I1,amh/phalo/p2u/i1/data,phalo/p2u/i1,kA,"(2000,)",1,2000,float32,amh27935.nc
27936,AMH,AMH_PHALO/P2U/I1,amh/phalo/p2u/i1/data,phalo/p2u/i1,kA,"(2000,)",1,2000,float32,amh27936.nc
27937,AMH,AMH_PHALO/P2U/I1,amh/phalo/p2u/i1/data,phalo/p2u/i1,kA,"(2000,)",1,2000,float32,amh27937.nc
27938,AMH,AMH_PHALO/P2U/I1,amh/phalo/p2u/i1/data,phalo/p2u/i1,kA,"(2000,)",1,2000,float32,amh27938.nc
27929,AMH,AMH_PHALO/P2U/I2,amh/phalo/p2u/i2/data,phalo/p2u/i2,kA,"(2000,)",1,2000,float32,amh27929.nc
27930,AMH,AMH_PHALO/P2U/I2,amh/phalo/p2u/i2/data,phalo/p2u/i2,kA,"(2000,)",1,2000,float32,amh27930 (2).nc
27931,AMH,AMH_PHALO/P2U/I2,amh/phalo/p2u/i2/data,phalo/p2u/i2,kA,"(2000,)",1,2000,float32,amh27931.nc
27932,AMH,AMH_PHALO/P2U/I2,amh/phalo/p2u/i2/data,phalo/p2u/i2,kA,"(2000,)",1,2000,float32,amh27932.nc
27933,AMH,AMH_PHALO/P2U/I2,amh/phalo/p2u/i2/data,phalo/p2u/i2,kA,"(2000,)",1,2000,float32,amh27933.nc
27934,AMH,AMH_PHALO/P2U/I2,amh/phalo/p2u/i2/data,phalo/p2u/i2,kA,"(2000,)",1,2000,float32,amh27934.nc
27935,AMH,AMH_PHALO/P2U/I2,amh/phalo/p2u/i2/data,phalo/p2u/i2,kA,"(2000,)",1,2000,float32,amh27935.nc
27936,AMH,AMH_PHALO/P2U/I2,amh/phalo/p2u/i2/data,phalo/p2u/i2,kA,"(2000,)",1,2000,float32,amh27936.nc
27937,AMH,AMH_PHALO/P2U/I2,amh/phalo/p2u/i2/data,phalo/p2u/i2,kA,"(2000,)",1,2000,float32,amh27937.nc
27938,AMH,AMH_PHALO/P2U/I2,amh/phalo/p2u/i2/data,phalo/p2u/i2,kA,"(2000,)",1,2000,float32,amh27938.nc
27929,AMH,AMH_PHALO/P2U/I3,amh/phalo/p2u/i3/data,phalo/p2u/i3,kA,"(2000,)",1,2000,float32,amh27929.nc
27930,AMH,AMH_PHALO/P2U/I3,amh/phalo/p2u/i3/data,phalo/p2u/i3,kA,"(2000,)",1,2000,float32,amh27930 (2).nc
27931,AMH,AMH_PHALO/P2U/I3,amh/phalo/p2u/i3/data,phalo/p2u/i3,kA,"(2000,)",1,2000,float32,amh27931.nc
27932,AMH,AMH_PHALO/P2U/I3,amh/phalo/p2u/i3/data,phalo/p2u/i3,kA,"(2000,)",1,2000,float32,amh27932.nc
27933,AMH,AMH_PHALO/P2U/I3,amh/phalo/p2u/i3/data,phalo/p2u/i3,kA,"(2000,)",1,2000,float32,amh27933.nc
27934,AMH,AMH_PHALO/P2U/I3,amh/phalo/p2u/i3/data,phalo/p2u/i3,kA,"(2000,)",1,2000,float32,amh27934.nc
27935,AMH,AMH_PHALO/P2U/I3,amh/phalo/p2u/i3/data,phalo/p2u/i3,kA,"(2000,)",1,2000,float32,amh27935.nc
27936,AMH,AMH_PHALO/P2U/I3,amh/phalo/p2u/i3/data,phalo/p2u/i3,kA,"(2000,)",1,2000,float32,amh27936.nc
27937,AMH,AMH_PHALO/P2U/I3,amh/phalo/p2u/i3/data,phalo/p2u/i3,kA,"(2000,)",1,2000,float32,amh27937.nc
27938,AMH,AMH_PHALO/P2U/I3,amh/phalo/p2u/i3/data,phalo/p2u/i3,kA,"(2000,)",1,2000,float32,amh27938.nc
27929,AMH,AMH_PHALO/P2U/I4,amh/phalo/p2u/i4/data,phalo/p2u/i4,kA,"(2000,)",1,2000,float32,amh27929.nc
27930,AMH,AMH_PHALO/P2U/I4,amh/phalo/p2u/i4/data,phalo/p2u/i4,kA,"(2000,)",1,2000,float32,amh27930 (2).nc
27931,AMH,AMH_PHALO/P2U/I4,amh/phalo/p2u/i4/data,phalo/p2u/i4,kA,"(2000,)",1,2000,float32,amh27931.nc
27932,AMH,AMH_PHALO/P2U/I4,amh/phalo/p2u/i4/data,phalo/p2u/i4,kA,"(2000,)",1,2000,float32,amh27932.nc
27933,AMH,AMH_PHALO/P2U/I4,amh/phalo/p2u/i4/data,phalo/p2u/i4,kA,"(2000,)",1,2000,float32,amh27933.nc
27934,AMH,AMH_PHALO/P2U/I4,amh/phalo/p2u/i4/data,phalo/p2u/i4,kA,"(2000,)",1,2000,float32,amh27934.nc
27935,AMH,AMH_PHALO/P2U/I4,amh/phalo/p2u/i4/data,phalo/p2u/i4,kA,"(2000,)",1,2000,float32,amh27935.nc
27936,AMH,AMH_PHALO/P2U/I4,amh/phalo/p2u/i4/data,phalo/p2u/i4,kA,"(2000,)",1,2000,float32,amh27936.nc
27937,AMH,AMH_PHALO/P2U/I4,amh/phalo/p2u/i4/data,phalo/p2u/i4,kA,"(2000,)",1,2000,float32,amh27937.nc
27938,AMH,AMH_PHALO/P2U/I4,amh/phalo/p2u/i4/data,phalo/p2u/i4,kA,"(2000,)",1,2000,float32,amh27938.nc
27929,AMH,AMH_PHALO/P2U/I5,amh/phalo/p2u/i5/data,phalo/p2u/i5,kA,"(2000,)",1,2000,float32,amh27929.nc
27930,AMH,AMH_PHALO/P2U/I5,amh/phalo/p2u/i5/data,phalo/p2u/i5,kA,"(2000,)",1,2000,float32,amh27930 (2).nc
27931,AMH,AMH_PHALO/P2U/I5,amh/phalo/p2u/i5/data,phalo/p2u/i5,kA,"(2000,)",1,2000,float32,amh27931.nc
27932,AMH,AMH_PHALO/P2U/I5,amh/phalo/p2u/i5/data,phalo/p2u/i5,kA,"(2000,)",1,2000,float32,amh27932.nc
27933,AMH,AMH_PHALO/P2U/I5,amh/phalo/p2u/i5/data,phalo/p2u/i5,kA,"(2000,)",1,2000,float32,amh27933.nc
27934,AMH,AMH_PHALO/P2U/I5,amh/phalo/p2u/i5/data,phalo/p2u/i5,kA,"(2000,)",1,2000,float32,amh27934.nc
27935,AMH,AMH_PHALO/P2U/I5,amh/phalo/p2u/i5/data,phalo/p2u/i5,kA,"(2000,)",1,2000,float32,amh27935.nc
27936,AMH,AMH_PHALO/P2U/I5,amh/phalo/p2u/i5/data,phalo/p2u/i5,kA,"(2000,)",1,2000,float32,amh27936.nc
27937,AMH,AMH_PHALO/P2U/I5,amh/phalo/p2u/i5/data,phalo/p2u/i5,kA,"(2000,)",1,2000,float32,amh27937.nc
27938,AMH,AMH_PHALO/P2U/I5,amh/phalo/p2u/i5/data,phalo/p2u/i5,kA,"(2000,)",1,2000,float32,amh27938.nc
27929,AMH,AMH_PHALO/P2U/I6,amh/phalo/p2u/i6/data,phalo/p2u/i6,kA,"(2000,)",1,2000,float32,amh27929.nc
27930,AMH,AMH_PHALO/P2U/I6,amh/phalo/p2u/i6/data,phalo/p2u/i6,kA,"(2000,)",1,2000,float32,amh27930 (2).nc
27931,AMH,AMH_PHALO/P2U/I6,amh/phalo/p2u/i6/data,phalo/p2u/i6,kA,"(2000,)",1,2000,float32,amh27931.nc
27932,AMH,AMH_PHALO/P2U/I6,amh/phalo/p2u/i6/data,phalo/p2u/i6,kA,"(2000,)",1,2000,float32,amh27932.nc
27933,AMH,AMH_PHALO/P2U/I6,amh/phalo/p2u/i6/data,phalo/p2u/i6,kA,"(2000,)",1,2000,float32,amh27933.nc
27934,AMH,AMH_PHALO/P2U/I6,amh/phalo/p2u/i6/data,phalo/p2u/i6,kA,"(2000,)",1,2000,float32,amh27934.nc
27935,AMH,AMH_PHALO/P2U/I6,amh/phalo/p2u/i6/data,phalo/p2u/i6,kA,"(2000,)",1,2000,float32,amh27935.nc
27936,AMH,AMH_PHALO/P2U/I6,amh/phalo/p2u/i6/data,phalo/p2u/i6,kA,"(2000,)",1,2000,float32,amh27936.nc
27937,AMH,AMH_PHALO/P2U/I6,amh/phalo/p2u/i6/data,phalo/p2u/i6,kA,"(2000,)",1,2000,float32,amh27937.nc
27938,AMH,AMH_PHALO/P2U/I6,amh/phalo/p2u/i6/data,phalo/p2u/i6,kA,"(2000,)",1,2000,float32,amh27938.nc
27929,AMH,AMH_PHALO/P2U/O4,amh/phalo/p2u/o4/data,phalo/p2u/o4,kA,"(2000,)",1,2000,float32,amh27929.nc
27930,AMH,AMH_PHALO/P2U/O4,amh/phalo/p2u/o4/data,phalo/p2u/o4,kA,"(2000,)",1,2000,float32,amh27930 (2).nc
27931,AMH,AMH_PHALO/P2U/O4,amh/phalo/p2u/o4/data,phalo/p2u/o4,kA,"(2000,)",1,2000,float32,amh27931.nc
27932,AMH,AMH_PHALO/P2U/O4,amh/phalo/p2u/o4/data,phalo/p2u/o4,kA,"(2000,)",1,2000,float32,amh27932.nc
27933,AMH,AMH_PHALO/P2U/O4,amh/phalo/p2u/o4/data,phalo/p2u/o4,kA,"(2000,)",1,2000,float32,amh27933.nc
27934,AMH,AMH_PHALO/P2U/O4,amh/phalo/p2u/o4/data,phalo/p2u/o4,kA,"(2000,)",1,2000,float32,amh27934.nc
27935,AMH,AMH_PHALO/P2U/O4,amh/phalo/p2u/o4/data,phalo/p2u/o4,kA,"(2000,)",1,2000,float32,amh27935.nc
27936,AMH,AMH_PHALO/P2U/O4,amh/phalo/p2u/o4/data,phalo/p2u/o4,kA,"(2000,)",1,2000,float32,amh27936.nc
27937,AMH,AMH_PHALO/P2U/O4,amh/phalo/p2u/o4/data,phalo/p2u/o4,kA,"(2000,)",1,2000,float32,amh27937.nc
27938,AMH,AMH_PHALO/P2U/O4,amh/phalo/p2u/o4/data,phalo/p2u/o4,kA,"(2000,)",1,2000,float32,amh27938.nc
27929,AMH,AMH_STATUS,amh/status/data,,,"(1,)",1,1,float32,amh27929.nc
27930,AMH,AMH_STATUS,amh/status/data,,,"(1,)",1,1,float32,amh27930 (2).nc
27931,AMH,AMH_STATUS,amh/status/data,,,"(1,)",1,1,float32,amh27931.nc
27932,AMH,AMH_STATUS,amh/status/data,,,"(1,)",1,1,float32,amh27932.nc
27933,AMH,AMH_STATUS,amh/status/data,,,"(1,)",1,1,float32,amh27933.nc
27934,AMH,AMH_STATUS,amh/status/data,,,"(1,)",1,1,float32,amh27934.nc
27935,AMH,AMH_STATUS,amh/status/data,,,"(1,)",1,1,float32,amh27935.nc
27936,AMH,AMH_STATUS,amh/status/data,,,"(1,)",1,1,float32,amh27936.nc
27937,AMH,AMH_STATUS,amh/status/data,,,"(1,)",1,1,float32,amh27937.nc
27938,AMH,AMH_STATUS,amh/status/data,,,"(1,)",1,1,float32,amh27938.nc
27929,AMH,VERSION,amh/version/data,,,"(1,)",1,1,float32,amh27929.nc
27930,AMH,VERSION,amh/version/data,,,"(1,)",1,1,float32,amh27930 (2).nc
27931,AMH,VERSION,amh/version/data,,,"(1,)",1,1,float32,amh27931.nc
27932,AMH,VERSION,amh/version/data,,,"(1,)",1,1,float32,amh27932.nc
27933,AMH,VERSION,amh/version/data,,,"(1,)",1,1,float32,amh27933.nc
27934,AMH,VERSION,amh/version/data,,,"(1,)",1,1,float32,amh27934.nc
27935,AMH,VERSION,amh/version/data,,,"(1,)",1,1,float32,amh27935.nc
27936,AMH,VERSION,amh/version/data,,,"(1,)",1,1,float32,amh27936.nc
27937,AMH,VERSION,amh/version/data,,,"(1,)",1,1,float32,amh27937.nc
27938,AMH,VERSION,amh/version/data,,,"(1,)",1,1,float32,amh27938.nc
27929,AMM,AMM_BOTCOL,amm/botcol/data,Current,kA,"(30000,)",1,30000,float64,amm27929.nc
27930,AMM,AMM_BOTCOL,amm/botcol/data,Current,kA,"(30000,)",1,30000,float64,amm27930 (2).nc
27931,AMM,AMM_BOTCOL,amm/botcol/data,Current,kA,"(30000,)",1,30000,float64,amm27931.nc
27932,AMM,AMM_BOTCOL,amm/botcol/data,Current,kA,"(30000,)",1,30000,float64,amm27932.nc
27933,AMM,AMM_BOTCOL,amm/botcol/data,Current,kA,"(30000,)",1,30000,float64,amm27933.nc
27934,AMM,AMM_BOTCOL,amm/botcol/data,Current,kA,"(30000,)",1,30000,float64,amm27934.nc
27935,AMM,AMM_BOTCOL,amm/botcol/data,Current,kA,"(30000,)",1,30000,float64,amm27935.nc
27936,AMM,AMM_BOTCOL,amm/botcol/data,Current,kA,"(30000,)",1,30000,float64,amm27936.nc
27937,AMM,AMM_BOTCOL,amm/botcol/data,Current,kA,"(30000,)",1,30000,float64,amm27937.nc
27938,AMM,AMM_BOTCOL,amm/botcol/data,Current,kA,"(30000,)",1,30000,float64,amm27938.nc
27929,AMM,AMM_ENDCROWN_L,amm/endcrown_l/data,Current,kA,"(30000,)",1,30000,float64,amm27929.nc
27930,AMM,AMM_ENDCROWN_L,amm/endcrown_l/data,Current,kA,"(30000,)",1,30000,float64,amm27930 (2).nc
27931,AMM,AMM_ENDCROWN_L,amm/endcrown_l/data,Current,kA,"(30000,)",1,30000,float64,amm27931.nc
27932,AMM,AMM_ENDCROWN_L,amm/endcrown_l/data,Current,kA,"(30000,)",1,30000,float64,amm27932.nc
27933,AMM,AMM_ENDCROWN_L,amm/endcrown_l/data,Current,kA,"(30000,)",1,30000,float64,amm27933.nc
27934,AMM,AMM_ENDCROWN_L,amm/endcrown_l/data,Current,kA,"(30000,)",1,30000,float64,amm27934.nc
27935,AMM,AMM_ENDCROWN_L,amm/endcrown_l/data,Current,kA,"(30000,)",1,30000,float64,amm27935.nc
27936,AMM,AMM_ENDCROWN_L,amm/endcrown_l/data,Current,kA,"(30000,)",1,30000,float64,amm27936.nc
27937,AMM,AMM_ENDCROWN_L,amm/endcrown_l/data,Current,kA,"(30000,)",1,30000,float64,amm27937.nc
27938,AMM,AMM_ENDCROWN_L,amm/endcrown_l/data,Current,kA,"(30000,)",1,30000,float64,amm27938.nc
27929,AMM,AMM_ENDCROWN_U,amm/endcrown_u/data,Current,kA,"(30000,)",1,30000,float64,amm27929.nc
27930,AMM,AMM_ENDCROWN_U,amm/endcrown_u/data,Current,kA,"(30000,)",1,30000,float64,amm27930 (2).nc
27931,AMM,AMM_ENDCROWN_U,amm/endcrown_u/data,Current,kA,"(30000,)",1,30000,float64,amm27931.nc
27932,AMM,AMM_ENDCROWN_U,amm/endcrown_u/data,Current,kA,"(30000,)",1,30000,float64,amm27932.nc
27933,AMM,AMM_ENDCROWN_U,amm/endcrown_u/data,Current,kA,"(30000,)",1,30000,float64,amm27933.nc
27934,AMM,AMM_ENDCROWN_U,amm/endcrown_u/data,Current,kA,"(30000,)",1,30000,float64,amm27934.nc
27935,AMM,AMM_ENDCROWN_U,amm/endcrown_u/data,Current,kA,"(30000,)",1,30000,float64,amm27935.nc
27936,AMM,AMM_ENDCROWN_U,amm/endcrown_u/data,Current,kA,"(30000,)",1,30000,float64,amm27936.nc
27937,AMM,AMM_ENDCROWN_U,amm/endcrown_u/data,Current,kA,"(30000,)",1,30000,float64,amm27937.nc
27938,AMM,AMM_ENDCROWN_U,amm/endcrown_u/data,Current,kA,"(30000,)",1,30000,float64,amm27938.nc
27929,AMM,AMM_INCON1,amm/incon1/data,Current,kA,"(30000,)",1,30000,float64,amm27929.nc
27930,AMM,AMM_INCON1,amm/incon1/data,Current,kA,"(30000,)",1,30000,float64,amm27930 (2).nc
27931,AMM,AMM_INCON1,amm/incon1/data,Current,kA,"(30000,)",1,30000,float64,amm27931.nc
27932,AMM,AMM_INCON1,amm/incon1/data,Current,kA,"(30000,)",1,30000,float64,amm27932.nc
27933,AMM,AMM_INCON1,amm/incon1/data,Current,kA,"(30000,)",1,30000,float64,amm27933.nc
27934,AMM,AMM_INCON1,amm/incon1/data,Current,kA,"(30000,)",1,30000,float64,amm27934.nc
27935,AMM,AMM_INCON1,amm/incon1/data,Current,kA,"(30000,)",1,30000,float64,amm27935.nc
27936,AMM,AMM_INCON1,amm/incon1/data,Current,kA,"(30000,)",1,30000,float64,amm27936.nc
27937,AMM,AMM_INCON1,amm/incon1/data,Current,kA,"(30000,)",1,30000,float64,amm27937.nc
27938,AMM,AMM_INCON1,amm/incon1/data,Current,kA,"(30000,)",1,30000,float64,amm27938.nc
27929,AMM,AMM_INCON10,amm/incon10/data,Current,kA,"(30000,)",1,30000,float64,amm27929.nc
27930,AMM,AMM_INCON10,amm/incon10/data,Current,kA,"(30000,)",1,30000,float64,amm27930 (2).nc
27931,AMM,AMM_INCON10,amm/incon10/data,Current,kA,"(30000,)",1,30000,float64,amm27931.nc
27932,AMM,AMM_INCON10,amm/incon10/data,Current,kA,"(30000,)",1,30000,float64,amm27932.nc
27933,AMM,AMM_INCON10,amm/incon10/data,Current,kA,"(30000,)",1,30000,float64,amm27933.nc
27934,AMM,AMM_INCON10,amm/incon10/data,Current,kA,"(30000,)",1,30000,float64,amm27934.nc
27935,AMM,AMM_INCON10,amm/incon10/data,Current,kA,"(30000,)",1,30000,float64,amm27935.nc
27936,AMM,AMM_INCON10,amm/incon10/data,Current,kA,"(30000,)",1,30000,float64,amm27936.nc
27937,AMM,AMM_INCON10,amm/incon10/data,Current,kA,"(30000,)",1,30000,float64,amm27937.nc
27938,AMM,AMM_INCON10,amm/incon10/data,Current,kA,"(30000,)",1,30000,float64,amm27938.nc
27929,AMM,AMM_INCON2,amm/incon2/data,Current,kA,"(30000,)",1,30000,float64,amm27929.nc
27930,AMM,AMM_INCON2,amm/incon2/data,Current,kA,"(30000,)",1,30000,float64,amm27930 (2).nc
27931,AMM,AMM_INCON2,amm/incon2/data,Current,kA,"(30000,)",1,30000,float64,amm27931.nc
27932,AMM,AMM_INCON2,amm/incon2/data,Current,kA,"(30000,)",1,30000,float64,amm27932.nc
27933,AMM,AMM_INCON2,amm/incon2/data,Current,kA,"(30000,)",1,30000,float64,amm27933.nc
27934,AMM,AMM_INCON2,amm/incon2/data,Current,kA,"(30000,)",1,30000,float64,amm27934.nc
27935,AMM,AMM_INCON2,amm/incon2/data,Current,kA,"(30000,)",1,30000,float64,amm27935.nc
27936,AMM,AMM_INCON2,amm/incon2/data,Current,kA,"(30000,)",1,30000,float64,amm27936.nc
27937,AMM,AMM_INCON2,amm/incon2/data,Current,kA,"(30000,)",1,30000,float64,amm27937.nc
27938,AMM,AMM_INCON2,amm/incon2/data,Current,kA,"(30000,)",1,30000,float64,amm27938.nc
27929,AMM,AMM_INCON3,amm/incon3/data,Current,kA,"(30000,)",1,30000,float64,amm27929.nc
27930,AMM,AMM_INCON3,amm/incon3/data,Current,kA,"(30000,)",1,30000,float64,amm27930 (2).nc
27931,AMM,AMM_INCON3,amm/incon3/data,Current,kA,"(30000,)",1,30000,float64,amm27931.nc
27932,AMM,AMM_INCON3,amm/incon3/data,Current,kA,"(30000,)",1,30000,float64,amm27932.nc
27933,AMM,AMM_INCON3,amm/incon3/data,Current,kA,"(30000,)",1,30000,float64,amm27933.nc
27934,AMM,AMM_INCON3,amm/incon3/data,Current,kA,"(30000,)",1,30000,float64,amm27934.nc
27935,AMM,AMM_INCON3,amm/incon3/data,Current,kA,"(30000,)",1,30000,float64,amm27935.nc
27936,AMM,AMM_INCON3,amm/incon3/data,Current,kA,"(30000,)",1,30000,float64,amm27936.nc
27937,AMM,AMM_INCON3,amm/incon3/data,Current,kA,"(30000,)",1,30000,float64,amm27937.nc
27938,AMM,AMM_INCON3,amm/incon3/data,Current,kA,"(30000,)",1,30000,float64,amm27938.nc
27929,AMM,AMM_INCON4,amm/incon4/data,Current,kA,"(30000,)",1,30000,float64,amm27929.nc
27930,AMM,AMM_INCON4,amm/incon4/data,Current,kA,"(30000,)",1,30000,float64,amm27930 (2).nc
27931,AMM,AMM_INCON4,amm/incon4/data,Current,kA,"(30000,)",1,30000,float64,amm27931.nc
27932,AMM,AMM_INCON4,amm/incon4/data,Current,kA,"(30000,)",1,30000,float64,amm27932.nc
27933,AMM,AMM_INCON4,amm/incon4/data,Current,kA,"(30000,)",1,30000,float64,amm27933.nc
27934,AMM,AMM_INCON4,amm/incon4/data,Current,kA,"(30000,)",1,30000,float64,amm27934.nc
27935,AMM,AMM_INCON4,amm/incon4/data,Current,kA,"(30000,)",1,30000,float64,amm27935.nc
27936,AMM,AMM_INCON4,amm/incon4/data,Current,kA,"(30000,)",1,30000,float64,amm27936.nc
27937,AMM,AMM_INCON4,amm/incon4/data,Current,kA,"(30000,)",1,30000,float64,amm27937.nc
27938,AMM,AMM_INCON4,amm/incon4/data,Current,kA,"(30000,)",1,30000,float64,amm27938.nc
27929,AMM,AMM_INCON5,amm/incon5/data,Current,kA,"(30000,)",1,30000,float64,amm27929.nc
27930,AMM,AMM_INCON5,amm/incon5/data,Current,kA,"(30000,)",1,30000,float64,amm27930 (2).nc
27931,AMM,AMM_INCON5,amm/incon5/data,Current,kA,"(30000,)",1,30000,float64,amm27931.nc
27932,AMM,AMM_INCON5,amm/incon5/data,Current,kA,"(30000,)",1,30000,float64,amm27932.nc
27933,AMM,AMM_INCON5,amm/incon5/data,Current,kA,"(30000,)",1,30000,float64,amm27933.nc
27934,AMM,AMM_INCON5,amm/incon5/data,Current,kA,"(30000,)",1,30000,float64,amm27934.nc
27935,AMM,AMM_INCON5,amm/incon5/data,Current,kA,"(30000,)",1,30000,float64,amm27935.nc
27936,AMM,AMM_INCON5,amm/incon5/data,Current,kA,"(30000,)",1,30000,float64,amm27936.nc
27937,AMM,AMM_INCON5,amm/incon5/data,Current,kA,"(30000,)",1,30000,float64,amm27937.nc
27938,AMM,AMM_INCON5,amm/incon5/data,Current,kA,"(30000,)",1,30000,float64,amm27938.nc
27929,AMM,AMM_INCON6,amm/incon6/data,Current,kA,"(30000,)",1,30000,float64,amm27929.nc
27930,AMM,AMM_INCON6,amm/incon6/data,Current,kA,"(30000,)",1,30000,float64,amm27930 (2).nc
27931,AMM,AMM_INCON6,amm/incon6/data,Current,kA,"(30000,)",1,30000,float64,amm27931.nc
27932,AMM,AMM_INCON6,amm/incon6/data,Current,kA,"(30000,)",1,30000,float64,amm27932.nc
27933,AMM,AMM_INCON6,amm/incon6/data,Current,kA,"(30000,)",1,30000,float64,amm27933.nc
27934,AMM,AMM_INCON6,amm/incon6/data,Current,kA,"(30000,)",1,30000,float64,amm27934.nc
27935,AMM,AMM_INCON6,amm/incon6/data,Current,kA,"(30000,)",1,30000,float64,amm27935.nc
27936,AMM,AMM_INCON6,amm/incon6/data,Current,kA,"(30000,)",1,30000,float64,amm27936.nc
27937,AMM,AMM_INCON6,amm/incon6/data,Current,kA,"(30000,)",1,30000,float64,amm27937.nc
27938,AMM,AMM_INCON6,amm/incon6/data,Current,kA,"(30000,)",1,30000,float64,amm27938.nc
27929,AMM,AMM_INCON7,amm/incon7/data,Current,kA,"(30000,)",1,30000,float64,amm27929.nc
27930,AMM,AMM_INCON7,amm/incon7/data,Current,kA,"(30000,)",1,30000,float64,amm27930 (2).nc
27931,AMM,AMM_INCON7,amm/incon7/data,Current,kA,"(30000,)",1,30000,float64,amm27931.nc
27932,AMM,AMM_INCON7,amm/incon7/data,Current,kA,"(30000,)",1,30000,float64,amm27932.nc
27933,AMM,AMM_INCON7,amm/incon7/data,Current,kA,"(30000,)",1,30000,float64,amm27933.nc
27934,AMM,AMM_INCON7,amm/incon7/data,Current,kA,"(30000,)",1,30000,float64,amm27934.nc
27935,AMM,AMM_INCON7,amm/incon7/data,Current,kA,"(30000,)",1,30000,float64,amm27935.nc
27936,AMM,AMM_INCON7,amm/incon7/data,Current,kA,"(30000,)",1,30000,float64,amm27936.nc
27937,AMM,AMM_INCON7,amm/incon7/data,Current,kA,"(30000,)",1,30000,float64,amm27937.nc
27938,AMM,AMM_INCON7,amm/incon7/data,Current,kA,"(30000,)",1,30000,float64,amm27938.nc
27929,AMM,AMM_INCON8,amm/incon8/data,Current,kA,"(30000,)",1,30000,float64,amm27929.nc
27930,AMM,AMM_INCON8,amm/incon8/data,Current,kA,"(30000,)",1,30000,float64,amm27930 (2).nc
27931,AMM,AMM_INCON8,amm/incon8/data,Current,kA,"(30000,)",1,30000,float64,amm27931.nc
27932,AMM,AMM_INCON8,amm/incon8/data,Current,kA,"(30000,)",1,30000,float64,amm27932.nc
27933,AMM,AMM_INCON8,amm/incon8/data,Current,kA,"(30000,)",1,30000,float64,amm27933.nc
27934,AMM,AMM_INCON8,amm/incon8/data,Current,kA,"(30000,)",1,30000,float64,amm27934.nc
27935,AMM,AMM_INCON8,amm/incon8/data,Current,kA,"(30000,)",1,30000,float64,amm27935.nc
27936,AMM,AMM_INCON8,amm/incon8/data,Current,kA,"(30000,)",1,30000,float64,amm27936.nc
27937,AMM,AMM_INCON8,amm/incon8/data,Current,kA,"(30000,)",1,30000,float64,amm27937.nc
27938,AMM,AMM_INCON8,amm/incon8/data,Current,kA,"(30000,)",1,30000,float64,amm27938.nc
27929,AMM,AMM_INCON9,amm/incon9/data,Current,kA,"(30000,)",1,30000,float64,amm27929.nc
27930,AMM,AMM_INCON9,amm/incon9/data,Current,kA,"(30000,)",1,30000,float64,amm27930 (2).nc
27931,AMM,AMM_INCON9,amm/incon9/data,Current,kA,"(30000,)",1,30000,float64,amm27931.nc
27932,AMM,AMM_INCON9,amm/incon9/data,Current,kA,"(30000,)",1,30000,float64,amm27932.nc
27933,AMM,AMM_INCON9,amm/incon9/data,Current,kA,"(30000,)",1,30000,float64,amm27933.nc
27934,AMM,AMM_INCON9,amm/incon9/data,Current,kA,"(30000,)",1,30000,float64,amm27934.nc
27935,AMM,AMM_INCON9,amm/incon9/data,Current,kA,"(30000,)",1,30000,float64,amm27935.nc
27936,AMM,AMM_INCON9,amm/incon9/data,Current,kA,"(30000,)",1,30000,float64,amm27936.nc
27937,AMM,AMM_INCON9,amm/incon9/data,Current,kA,"(30000,)",1,30000,float64,amm27937.nc
27938,AMM,AMM_INCON9,amm/incon9/data,Current,kA,"(30000,)",1,30000,float64,amm27938.nc
27929,AMM,AMM_LHORW1,amm/lhorw1/data,Current,kA,"(30000,)",1,30000,float64,amm27929.nc
27930,AMM,AMM_LHORW1,amm/lhorw1/data,Current,kA,"(30000,)",1,30000,float64,amm27930 (2).nc
27931,AMM,AMM_LHORW1,amm/lhorw1/data,Current,kA,"(30000,)",1,30000,float64,amm27931.nc
27932,AMM,AMM_LHORW1,amm/lhorw1/data,Current,kA,"(30000,)",1,30000,float64,amm27932.nc
27933,AMM,AMM_LHORW1,amm/lhorw1/data,Current,kA,"(30000,)",1,30000,float64,amm27933.nc
27934,AMM,AMM_LHORW1,amm/lhorw1/data,Current,kA,"(30000,)",1,30000,float64,amm27934.nc
27935,AMM,AMM_LHORW1,amm/lhorw1/data,Current,kA,"(30000,)",1,30000,float64,amm27935.nc
27936,AMM,AMM_LHORW1,amm/lhorw1/data,Current,kA,"(30000,)",1,30000,float64,amm27936.nc
27937,AMM,AMM_LHORW1,amm/lhorw1/data,Current,kA,"(30000,)",1,30000,float64,amm27937.nc
27938,AMM,AMM_LHORW1,amm/lhorw1/data,Current,kA,"(30000,)",1,30000,float64,amm27938.nc
27929,AMM,AMM_LHORW2,amm/lhorw2/data,Current,kA,"(30000,)",1,30000,float64,amm27929.nc
27930,AMM,AMM_LHORW2,amm/lhorw2/data,Current,kA,"(30000,)",1,30000,float64,amm27930 (2).nc
27931,AMM,AMM_LHORW2,amm/lhorw2/data,Current,kA,"(30000,)",1,30000,float64,amm27931.nc
27932,AMM,AMM_LHORW2,amm/lhorw2/data,Current,kA,"(30000,)",1,30000,float64,amm27932.nc
27933,AMM,AMM_LHORW2,amm/lhorw2/data,Current,kA,"(30000,)",1,30000,float64,amm27933.nc
27934,AMM,AMM_LHORW2,amm/lhorw2/data,Current,kA,"(30000,)",1,30000,float64,amm27934.nc
27935,AMM,AMM_LHORW2,amm/lhorw2/data,Current,kA,"(30000,)",1,30000,float64,amm27935.nc
27936,AMM,AMM_LHORW2,amm/lhorw2/data,Current,kA,"(30000,)",1,30000,float64,amm27936.nc
27937,AMM,AMM_LHORW2,amm/lhorw2/data,Current,kA,"(30000,)",1,30000,float64,amm27937.nc
27938,AMM,AMM_LHORW2,amm/lhorw2/data,Current,kA,"(30000,)",1,30000,float64,amm27938.nc
27929,AMM,AMM_LHORW3,amm/lhorw3/data,Current,kA,"(30000,)",1,30000,float64,amm27929.nc
27930,AMM,AMM_LHORW3,amm/lhorw3/data,Current,kA,"(30000,)",1,30000,float64,amm27930 (2).nc
27931,AMM,AMM_LHORW3,amm/lhorw3/data,Current,kA,"(30000,)",1,30000,float64,amm27931.nc
27932,AMM,AMM_LHORW3,amm/lhorw3/data,Current,kA,"(30000,)",1,30000,float64,amm27932.nc
27933,AMM,AMM_LHORW3,amm/lhorw3/data,Current,kA,"(30000,)",1,30000,float64,amm27933.nc
27934,AMM,AMM_LHORW3,amm/lhorw3/data,Current,kA,"(30000,)",1,30000,float64,amm27934.nc
27935,AMM,AMM_LHORW3,amm/lhorw3/data,Current,kA,"(30000,)",1,30000,float64,amm27935.nc
27936,AMM,AMM_LHORW3,amm/lhorw3/data,Current,kA,"(30000,)",1,30000,float64,amm27936.nc
27937,AMM,AMM_LHORW3,amm/lhorw3/data,Current,kA,"(30000,)",1,30000,float64,amm27937.nc
27938,AMM,AMM_LHORW3,amm/lhorw3/data,Current,kA,"(30000,)",1,30000,float64,amm27938.nc
27929,AMM,AMM_LHORW4,amm/lhorw4/data,Current,kA,"(30000,)",1,30000,float64,amm27929.nc
27930,AMM,AMM_LHORW4,amm/lhorw4/data,Current,kA,"(30000,)",1,30000,float64,amm27930 (2).nc
27931,AMM,AMM_LHORW4,amm/lhorw4/data,Current,kA,"(30000,)",1,30000,float64,amm27931.nc
27932,AMM,AMM_LHORW4,amm/lhorw4/data,Current,kA,"(30000,)",1,30000,float64,amm27932.nc
27933,AMM,AMM_LHORW4,amm/lhorw4/data,Current,kA,"(30000,)",1,30000,float64,amm27933.nc
27934,AMM,AMM_LHORW4,amm/lhorw4/data,Current,kA,"(30000,)",1,30000,float64,amm27934.nc
27935,AMM,AMM_LHORW4,amm/lhorw4/data,Current,kA,"(30000,)",1,30000,float64,amm27935.nc
27936,AMM,AMM_LHORW4,amm/lhorw4/data,Current,kA,"(30000,)",1,30000,float64,amm27936.nc
27937,AMM,AMM_LHORW4,amm/lhorw4/data,Current,kA,"(30000,)",1,30000,float64,amm27937.nc
27938,AMM,AMM_LHORW4,amm/lhorw4/data,Current,kA,"(30000,)",1,30000,float64,amm27938.nc
27929,AMM,AMM_LHORW5,amm/lhorw5/data,Current,kA,"(30000,)",1,30000,float64,amm27929.nc
27930,AMM,AMM_LHORW5,amm/lhorw5/data,Current,kA,"(30000,)",1,30000,float64,amm27930 (2).nc
27931,AMM,AMM_LHORW5,amm/lhorw5/data,Current,kA,"(30000,)",1,30000,float64,amm27931.nc
27932,AMM,AMM_LHORW5,amm/lhorw5/data,Current,kA,"(30000,)",1,30000,float64,amm27932.nc
27933,AMM,AMM_LHORW5,amm/lhorw5/data,Current,kA,"(30000,)",1,30000,float64,amm27933.nc
27934,AMM,AMM_LHORW5,amm/lhorw5/data,Current,kA,"(30000,)",1,30000,float64,amm27934.nc
27935,AMM,AMM_LHORW5,amm/lhorw5/data,Current,kA,"(30000,)",1,30000,float64,amm27935.nc
27936,AMM,AMM_LHORW5,amm/lhorw5/data,Current,kA,"(30000,)",1,30000,float64,amm27936.nc
27937,AMM,AMM_LHORW5,amm/lhorw5/data,Current,kA,"(30000,)",1,30000,float64,amm27937.nc
27938,AMM,AMM_LHORW5,amm/lhorw5/data,Current,kA,"(30000,)",1,30000,float64,amm27938.nc
27929,AMM,AMM_LHORW6,amm/lhorw6/data,Current,kA,"(30000,)",1,30000,float64,amm27929.nc
27930,AMM,AMM_LHORW6,amm/lhorw6/data,Current,kA,"(30000,)",1,30000,float64,amm27930 (2).nc
27931,AMM,AMM_LHORW6,amm/lhorw6/data,Current,kA,"(30000,)",1,30000,float64,amm27931.nc
27932,AMM,AMM_LHORW6,amm/lhorw6/data,Current,kA,"(30000,)",1,30000,float64,amm27932.nc
27933,AMM,AMM_LHORW6,amm/lhorw6/data,Current,kA,"(30000,)",1,30000,float64,amm27933.nc
27934,AMM,AMM_LHORW6,amm/lhorw6/data,Current,kA,"(30000,)",1,30000,float64,amm27934.nc
27935,AMM,AMM_LHORW6,amm/lhorw6/data,Current,kA,"(30000,)",1,30000,float64,amm27935.nc
27936,AMM,AMM_LHORW6,amm/lhorw6/data,Current,kA,"(30000,)",1,30000,float64,amm27936.nc
27937,AMM,AMM_LHORW6,amm/lhorw6/data,Current,kA,"(30000,)",1,30000,float64,amm27937.nc
27938,AMM,AMM_LHORW6,amm/lhorw6/data,Current,kA,"(30000,)",1,30000,float64,amm27938.nc
27929,AMM,AMM_MID1,amm/mid1/data,Current,kA,"(30000,)",1,30000,float64,amm27929.nc
27930,AMM,AMM_MID1,amm/mid1/data,Current,kA,"(30000,)",1,30000,float64,amm27930 (2).nc
27931,AMM,AMM_MID1,amm/mid1/data,Current,kA,"(30000,)",1,30000,float64,amm27931.nc
27932,AMM,AMM_MID1,amm/mid1/data,Current,kA,"(30000,)",1,30000,float64,amm27932.nc
27933,AMM,AMM_MID1,amm/mid1/data,Current,kA,"(30000,)",1,30000,float64,amm27933.nc
27934,AMM,AMM_MID1,amm/mid1/data,Current,kA,"(30000,)",1,30000,float64,amm27934.nc
27935,AMM,AMM_MID1,amm/mid1/data,Current,kA,"(30000,)",1,30000,float64,amm27935.nc
27936,AMM,AMM_MID1,amm/mid1/data,Current,kA,"(30000,)",1,30000,float64,amm27936.nc
27937,AMM,AMM_MID1,amm/mid1/data,Current,kA,"(30000,)",1,30000,float64,amm27937.nc
27938,AMM,AMM_MID1,amm/mid1/data,Current,kA,"(30000,)",1,30000,float64,amm27938.nc
27929,AMM,AMM_MID10,amm/mid10/data,Current,kA,"(30000,)",1,30000,float64,amm27929.nc
27930,AMM,AMM_MID10,amm/mid10/data,Current,kA,"(30000,)",1,30000,float64,amm27930 (2).nc
27931,AMM,AMM_MID10,amm/mid10/data,Current,kA,"(30000,)",1,30000,float64,amm27931.nc
27932,AMM,AMM_MID10,amm/mid10/data,Current,kA,"(30000,)",1,30000,float64,amm27932.nc
27933,AMM,AMM_MID10,amm/mid10/data,Current,kA,"(30000,)",1,30000,float64,amm27933.nc
27934,AMM,AMM_MID10,amm/mid10/data,Current,kA,"(30000,)",1,30000,float64,amm27934.nc
27935,AMM,AMM_MID10,amm/mid10/data,Current,kA,"(30000,)",1,30000,float64,amm27935.nc
27936,AMM,AMM_MID10,amm/mid10/data,Current,kA,"(30000,)",1,30000,float64,amm27936.nc
27937,AMM,AMM_MID10,amm/mid10/data,Current,kA,"(30000,)",1,30000,float64,amm27937.nc
27938,AMM,AMM_MID10,amm/mid10/data,Current,kA,"(30000,)",1,30000,float64,amm27938.nc
27929,AMM,AMM_MID11,amm/mid11/data,Current,kA,"(30000,)",1,30000,float64,amm27929.nc
27930,AMM,AMM_MID11,amm/mid11/data,Current,kA,"(30000,)",1,30000,float64,amm27930 (2).nc
27931,AMM,AMM_MID11,amm/mid11/data,Current,kA,"(30000,)",1,30000,float64,amm27931.nc
27932,AMM,AMM_MID11,amm/mid11/data,Current,kA,"(30000,)",1,30000,float64,amm27932.nc
27933,AMM,AMM_MID11,amm/mid11/data,Current,kA,"(30000,)",1,30000,float64,amm27933.nc
27934,AMM,AMM_MID11,amm/mid11/data,Current,kA,"(30000,)",1,30000,float64,amm27934.nc
27935,AMM,AMM_MID11,amm/mid11/data,Current,kA,"(30000,)",1,30000,float64,amm27935.nc
27936,AMM,AMM_MID11,amm/mid11/data,Current,kA,"(30000,)",1,30000,float64,amm27936.nc
27937,AMM,AMM_MID11,amm/mid11/data,Current,kA,"(30000,)",1,30000,float64,amm27937.nc
27938,AMM,AMM_MID11,amm/mid11/data,Current,kA,"(30000,)",1,30000,float64,amm27938.nc
27929,AMM,AMM_MID12,amm/mid12/data,Current,kA,"(30000,)",1,30000,float64,amm27929.nc
27930,AMM,AMM_MID12,amm/mid12/data,Current,kA,"(30000,)",1,30000,float64,amm27930 (2).nc
27931,AMM,AMM_MID12,amm/mid12/data,Current,kA,"(30000,)",1,30000,float64,amm27931.nc
27932,AMM,AMM_MID12,amm/mid12/data,Current,kA,"(30000,)",1,30000,float64,amm27932.nc
27933,AMM,AMM_MID12,amm/mid12/data,Current,kA,"(30000,)",1,30000,float64,amm27933.nc
27934,AMM,AMM_MID12,amm/mid12/data,Current,kA,"(30000,)",1,30000,float64,amm27934.nc
27935,AMM,AMM_MID12,amm/mid12/data,Current,kA,"(30000,)",1,30000,float64,amm27935.nc
27936,AMM,AMM_MID12,amm/mid12/data,Current,kA,"(30000,)",1,30000,float64,amm27936.nc
27937,AMM,AMM_MID12,amm/mid12/data,Current,kA,"(30000,)",1,30000,float64,amm27937.nc
27938,AMM,AMM_MID12,amm/mid12/data,Current,kA,"(30000,)",1,30000,float64,amm27938.nc
27929,AMM,AMM_MID2,amm/mid2/data,Current,kA,"(30000,)",1,30000,float64,amm27929.nc
27930,AMM,AMM_MID2,amm/mid2/data,Current,kA,"(30000,)",1,30000,float64,amm27930 (2).nc
27931,AMM,AMM_MID2,amm/mid2/data,Current,kA,"(30000,)",1,30000,float64,amm27931.nc
27932,AMM,AMM_MID2,amm/mid2/data,Current,kA,"(30000,)",1,30000,float64,amm27932.nc
27933,AMM,AMM_MID2,amm/mid2/data,Current,kA,"(30000,)",1,30000,float64,amm27933.nc
27934,AMM,AMM_MID2,amm/mid2/data,Current,kA,"(30000,)",1,30000,float64,amm27934.nc
27935,AMM,AMM_MID2,amm/mid2/data,Current,kA,"(30000,)",1,30000,float64,amm27935.nc
27936,AMM,AMM_MID2,amm/mid2/data,Current,kA,"(30000,)",1,30000,float64,amm27936.nc
27937,AMM,AMM_MID2,amm/mid2/data,Current,kA,"(30000,)",1,30000,float64,amm27937.nc
27938,AMM,AMM_MID2,amm/mid2/data,Current,kA,"(30000,)",1,30000,float64,amm27938.nc
27929,AMM,AMM_MID3,amm/mid3/data,Current,kA,"(30000,)",1,30000,float64,amm27929.nc
27930,AMM,AMM_MID3,amm/mid3/data,Current,kA,"(30000,)",1,30000,float64,amm27930 (2).nc
27931,AMM,AMM_MID3,amm/mid3/data,Current,kA,"(30000,)",1,30000,float64,amm27931.nc
27932,AMM,AMM_MID3,amm/mid3/data,Current,kA,"(30000,)",1,30000,float64,amm27932.nc
27933,AMM,AMM_MID3,amm/mid3/data,Current,kA,"(30000,)",1,30000,float64,amm27933.nc
27934,AMM,AMM_MID3,amm/mid3/data,Current,kA,"(30000,)",1,30000,float64,amm27934.nc
27935,AMM,AMM_MID3,amm/mid3/data,Current,kA,"(30000,)",1,30000,float64,amm27935.nc
27936,AMM,AMM_MID3,amm/mid3/data,Current,kA,"(30000,)",1,30000,float64,amm27936.nc
27937,AMM,AMM_MID3,amm/mid3/data,Current,kA,"(30000,)",1,30000,float64,amm27937.nc
27938,AMM,AMM_MID3,amm/mid3/data,Current,kA,"(30000,)",1,30000,float64,amm27938.nc
27929,AMM,AMM_MID4,amm/mid4/data,Current,kA,"(30000,)",1,30000,float64,amm27929.nc
27930,AMM,AMM_MID4,amm/mid4/data,Current,kA,"(30000,)",1,30000,float64,amm27930 (2).nc
27931,AMM,AMM_MID4,amm/mid4/data,Current,kA,"(30000,)",1,30000,float64,amm27931.nc
27932,AMM,AMM_MID4,amm/mid4/data,Current,kA,"(30000,)",1,30000,float64,amm27932.nc
27933,AMM,AMM_MID4,amm/mid4/data,Current,kA,"(30000,)",1,30000,float64,amm27933.nc
27934,AMM,AMM_MID4,amm/mid4/data,Current,kA,"(30000,)",1,30000,float64,amm27934.nc
27935,AMM,AMM_MID4,amm/mid4/data,Current,kA,"(30000,)",1,30000,float64,amm27935.nc
27936,AMM,AMM_MID4,amm/mid4/data,Current,kA,"(30000,)",1,30000,float64,amm27936.nc
27937,AMM,AMM_MID4,amm/mid4/data,Current,kA,"(30000,)",1,30000,float64,amm27937.nc
27938,AMM,AMM_MID4,amm/mid4/data,Current,kA,"(30000,)",1,30000,float64,amm27938.nc
27929,AMM,AMM_MID5,amm/mid5/data,Current,kA,"(30000,)",1,30000,float64,amm27929.nc
27930,AMM,AMM_MID5,amm/mid5/data,Current,kA,"(30000,)",1,30000,float64,amm27930 (2).nc
27931,AMM,AMM_MID5,amm/mid5/data,Current,kA,"(30000,)",1,30000,float64,amm27931.nc
27932,AMM,AMM_MID5,amm/mid5/data,Current,kA,"(30000,)",1,30000,float64,amm27932.nc
27933,AMM,AMM_MID5,amm/mid5/data,Current,kA,"(30000,)",1,30000,float64,amm27933.nc
27934,AMM,AMM_MID5,amm/mid5/data,Current,kA,"(30000,)",1,30000,float64,amm27934.nc
27935,AMM,AMM_MID5,amm/mid5/data,Current,kA,"(30000,)",1,30000,float64,amm27935.nc
27936,AMM,AMM_MID5,amm/mid5/data,Current,kA,"(30000,)",1,30000,float64,amm27936.nc
27937,AMM,AMM_MID5,amm/mid5/data,Current,kA,"(30000,)",1,30000,float64,amm27937.nc
27938,AMM,AMM_MID5,amm/mid5/data,Current,kA,"(30000,)",1,30000,float64,amm27938.nc
27929,AMM,AMM_MID6,amm/mid6/data,Current,kA,"(30000,)",1,30000,float64,amm27929.nc
27930,AMM,AMM_MID6,amm/mid6/data,Current,kA,"(30000,)",1,30000,float64,amm27930 (2).nc
27931,AMM,AMM_MID6,amm/mid6/data,Current,kA,"(30000,)",1,30000,float64,amm27931.nc
27932,AMM,AMM_MID6,amm/mid6/data,Current,kA,"(30000,)",1,30000,float64,amm27932.nc
27933,AMM,AMM_MID6,amm/mid6/data,Current,kA,"(30000,)",1,30000,float64,amm27933.nc
27934,AMM,AMM_MID6,amm/mid6/data,Current,kA,"(30000,)",1,30000,float64,amm27934.nc
27935,AMM,AMM_MID6,amm/mid6/data,Current,kA,"(30000,)",1,30000,float64,amm27935.nc
27936,AMM,AMM_MID6,amm/mid6/data,Current,kA,"(30000,)",1,30000,float64,amm27936.nc
27937,AMM,AMM_MID6,amm/mid6/data,Current,kA,"(30000,)",1,30000,float64,amm27937.nc
27938,AMM,AMM_MID6,amm/mid6/data,Current,kA,"(30000,)",1,30000,float64,amm27938.nc
27929,AMM,AMM_MID7,amm/mid7/data,Current,kA,"(30000,)",1,30000,float64,amm27929.nc
27930,AMM,AMM_MID7,amm/mid7/data,Current,kA,"(30000,)",1,30000,float64,amm27930 (2).nc
27931,AMM,AMM_MID7,amm/mid7/data,Current,kA,"(30000,)",1,30000,float64,amm27931.nc
27932,AMM,AMM_MID7,amm/mid7/data,Current,kA,"(30000,)",1,30000,float64,amm27932.nc
27933,AMM,AMM_MID7,amm/mid7/data,Current,kA,"(30000,)",1,30000,float64,amm27933.nc
27934,AMM,AMM_MID7,amm/mid7/data,Current,kA,"(30000,)",1,30000,float64,amm27934.nc
27935,AMM,AMM_MID7,amm/mid7/data,Current,kA,"(30000,)",1,30000,float64,amm27935.nc
27936,AMM,AMM_MID7,amm/mid7/data,Current,kA,"(30000,)",1,30000,float64,amm27936.nc
27937,AMM,AMM_MID7,amm/mid7/data,Current,kA,"(30000,)",1,30000,float64,amm27937.nc
27938,AMM,AMM_MID7,amm/mid7/data,Current,kA,"(30000,)",1,30000,float64,amm27938.nc
27929,AMM,AMM_MID8,amm/mid8/data,Current,kA,"(30000,)",1,30000,float64,amm27929.nc
27930,AMM,AMM_MID8,amm/mid8/data,Current,kA,"(30000,)",1,30000,float64,amm27930 (2).nc
27931,AMM,AMM_MID8,amm/mid8/data,Current,kA,"(30000,)",1,30000,float64,amm27931.nc
27932,AMM,AMM_MID8,amm/mid8/data,Current,kA,"(30000,)",1,30000,float64,amm27932.nc
27933,AMM,AMM_MID8,amm/mid8/data,Current,kA,"(30000,)",1,30000,float64,amm27933.nc
27934,AMM,AMM_MID8,amm/mid8/data,Current,kA,"(30000,)",1,30000,float64,amm27934.nc
27935,AMM,AMM_MID8,amm/mid8/data,Current,kA,"(30000,)",1,30000,float64,amm27935.nc
27936,AMM,AMM_MID8,amm/mid8/data,Current,kA,"(30000,)",1,30000,float64,amm27936.nc
27937,AMM,AMM_MID8,amm/mid8/data,Current,kA,"(30000,)",1,30000,float64,amm27937.nc
27938,AMM,AMM_MID8,amm/mid8/data,Current,kA,"(30000,)",1,30000,float64,amm27938.nc
27929,AMM,AMM_MID9,amm/mid9/data,Current,kA,"(30000,)",1,30000,float64,amm27929.nc
27930,AMM,AMM_MID9,amm/mid9/data,Current,kA,"(30000,)",1,30000,float64,amm27930 (2).nc
27931,AMM,AMM_MID9,amm/mid9/data,Current,kA,"(30000,)",1,30000,float64,amm27931.nc
27932,AMM,AMM_MID9,amm/mid9/data,Current,kA,"(30000,)",1,30000,float64,amm27932.nc
27933,AMM,AMM_MID9,amm/mid9/data,Current,kA,"(30000,)",1,30000,float64,amm27933.nc
27934,AMM,AMM_MID9,amm/mid9/data,Current,kA,"(30000,)",1,30000,float64,amm27934.nc
27935,AMM,AMM_MID9,amm/mid9/data,Current,kA,"(30000,)",1,30000,float64,amm27935.nc
27936,AMM,AMM_MID9,amm/mid9/data,Current,kA,"(30000,)",1,30000,float64,amm27936.nc
27937,AMM,AMM_MID9,amm/mid9/data,Current,kA,"(30000,)",1,30000,float64,amm27937.nc
27938,AMM,AMM_MID9,amm/mid9/data,Current,kA,"(30000,)",1,30000,float64,amm27938.nc
27929,AMM,AMM_P2LARM1,amm/p2larm1/data,Current,kA,"(30000,)",1,30000,float64,amm27929.nc
27930,AMM,AMM_P2LARM1,amm/p2larm1/data,Current,kA,"(30000,)",1,30000,float64,amm27930 (2).nc
27931,AMM,AMM_P2LARM1,amm/p2larm1/data,Current,kA,"(30000,)",1,30000,float64,amm27931.nc
27932,AMM,AMM_P2LARM1,amm/p2larm1/data,Current,kA,"(30000,)",1,30000,float64,amm27932.nc
27933,AMM,AMM_P2LARM1,amm/p2larm1/data,Current,kA,"(30000,)",1,30000,float64,amm27933.nc
27934,AMM,AMM_P2LARM1,amm/p2larm1/data,Current,kA,"(30000,)",1,30000,float64,amm27934.nc
27935,AMM,AMM_P2LARM1,amm/p2larm1/data,Current,kA,"(30000,)",1,30000,float64,amm27935.nc
27936,AMM,AMM_P2LARM1,amm/p2larm1/data,Current,kA,"(30000,)",1,30000,float64,amm27936.nc
27937,AMM,AMM_P2LARM1,amm/p2larm1/data,Current,kA,"(30000,)",1,30000,float64,amm27937.nc
27938,AMM,AMM_P2LARM1,amm/p2larm1/data,Current,kA,"(30000,)",1,30000,float64,amm27938.nc
27929,AMM,AMM_P2LARM2,amm/p2larm2/data,Current,kA,"(30000,)",1,30000,float64,amm27929.nc
27930,AMM,AMM_P2LARM2,amm/p2larm2/data,Current,kA,"(30000,)",1,30000,float64,amm27930 (2).nc
27931,AMM,AMM_P2LARM2,amm/p2larm2/data,Current,kA,"(30000,)",1,30000,float64,amm27931.nc
27932,AMM,AMM_P2LARM2,amm/p2larm2/data,Current,kA,"(30000,)",1,30000,float64,amm27932.nc
27933,AMM,AMM_P2LARM2,amm/p2larm2/data,Current,kA,"(30000,)",1,30000,float64,amm27933.nc
27934,AMM,AMM_P2LARM2,amm/p2larm2/data,Current,kA,"(30000,)",1,30000,float64,amm27934.nc
27935,AMM,AMM_P2LARM2,amm/p2larm2/data,Current,kA,"(30000,)",1,30000,float64,amm27935.nc
27936,AMM,AMM_P2LARM2,amm/p2larm2/data,Current,kA,"(30000,)",1,30000,float64,amm27936.nc
27937,AMM,AMM_P2LARM2,amm/p2larm2/data,Current,kA,"(30000,)",1,30000,float64,amm27937.nc
27938,AMM,AMM_P2LARM2,amm/p2larm2/data,Current,kA,"(30000,)",1,30000,float64,amm27938.nc
27929,AMM,AMM_P2LARM3,amm/p2larm3/data,Current,kA,"(30000,)",1,30000,float64,amm27929.nc
27930,AMM,AMM_P2LARM3,amm/p2larm3/data,Current,kA,"(30000,)",1,30000,float64,amm27930 (2).nc
27931,AMM,AMM_P2LARM3,amm/p2larm3/data,Current,kA,"(30000,)",1,30000,float64,amm27931.nc
27932,AMM,AMM_P2LARM3,amm/p2larm3/data,Current,kA,"(30000,)",1,30000,float64,amm27932.nc
27933,AMM,AMM_P2LARM3,amm/p2larm3/data,Current,kA,"(30000,)",1,30000,float64,amm27933.nc
27934,AMM,AMM_P2LARM3,amm/p2larm3/data,Current,kA,"(30000,)",1,30000,float64,amm27934.nc
27935,AMM,AMM_P2LARM3,amm/p2larm3/data,Current,kA,"(30000,)",1,30000,float64,amm27935.nc
27936,AMM,AMM_P2LARM3,amm/p2larm3/data,Current,kA,"(30000,)",1,30000,float64,amm27936.nc
27937,AMM,AMM_P2LARM3,amm/p2larm3/data,Current,kA,"(30000,)",1,30000,float64,amm27937.nc
27938,AMM,AMM_P2LARM3,amm/p2larm3/data,Current,kA,"(30000,)",1,30000,float64,amm27938.nc
27929,AMM,AMM_P2LDIVPL1,amm/p2ldivpl1/data,Current,kA,"(30000,)",1,30000,float64,amm27929.nc
27930,AMM,AMM_P2LDIVPL1,amm/p2ldivpl1/data,Current,kA,"(30000,)",1,30000,float64,amm27930 (2).nc
27931,AMM,AMM_P2LDIVPL1,amm/p2ldivpl1/data,Current,kA,"(30000,)",1,30000,float64,amm27931.nc
27932,AMM,AMM_P2LDIVPL1,amm/p2ldivpl1/data,Current,kA,"(30000,)",1,30000,float64,amm27932.nc
27933,AMM,AMM_P2LDIVPL1,amm/p2ldivpl1/data,Current,kA,"(30000,)",1,30000,float64,amm27933.nc
27934,AMM,AMM_P2LDIVPL1,amm/p2ldivpl1/data,Current,kA,"(30000,)",1,30000,float64,amm27934.nc
27935,AMM,AMM_P2LDIVPL1,amm/p2ldivpl1/data,Current,kA,"(30000,)",1,30000,float64,amm27935.nc
27936,AMM,AMM_P2LDIVPL1,amm/p2ldivpl1/data,Current,kA,"(30000,)",1,30000,float64,amm27936.nc
27937,AMM,AMM_P2LDIVPL1,amm/p2ldivpl1/data,Current,kA,"(30000,)",1,30000,float64,amm27937.nc
27938,AMM,AMM_P2LDIVPL1,amm/p2ldivpl1/data,Current,kA,"(30000,)",1,30000,float64,amm27938.nc
27929,AMM,AMM_P2LDIVPL2,amm/p2ldivpl2/data,Current,kA,"(30000,)",1,30000,float64,amm27929.nc
27930,AMM,AMM_P2LDIVPL2,amm/p2ldivpl2/data,Current,kA,"(30000,)",1,30000,float64,amm27930 (2).nc
27931,AMM,AMM_P2LDIVPL2,amm/p2ldivpl2/data,Current,kA,"(30000,)",1,30000,float64,amm27931.nc
27932,AMM,AMM_P2LDIVPL2,amm/p2ldivpl2/data,Current,kA,"(30000,)",1,30000,float64,amm27932.nc
27933,AMM,AMM_P2LDIVPL2,amm/p2ldivpl2/data,Current,kA,"(30000,)",1,30000,float64,amm27933.nc
27934,AMM,AMM_P2LDIVPL2,amm/p2ldivpl2/data,Current,kA,"(30000,)",1,30000,float64,amm27934.nc
27935,AMM,AMM_P2LDIVPL2,amm/p2ldivpl2/data,Current,kA,"(30000,)",1,30000,float64,amm27935.nc
27936,AMM,AMM_P2LDIVPL2,amm/p2ldivpl2/data,Current,kA,"(30000,)",1,30000,float64,amm27936.nc
27937,AMM,AMM_P2LDIVPL2,amm/p2ldivpl2/data,Current,kA,"(30000,)",1,30000,float64,amm27937.nc
27938,AMM,AMM_P2LDIVPL2,amm/p2ldivpl2/data,Current,kA,"(30000,)",1,30000,float64,amm27938.nc
27929,AMM,AMM_P2UARM1,amm/p2uarm1/data,Current,kA,"(30000,)",1,30000,float64,amm27929.nc
27930,AMM,AMM_P2UARM1,amm/p2uarm1/data,Current,kA,"(30000,)",1,30000,float64,amm27930 (2).nc
27931,AMM,AMM_P2UARM1,amm/p2uarm1/data,Current,kA,"(30000,)",1,30000,float64,amm27931.nc
27932,AMM,AMM_P2UARM1,amm/p2uarm1/data,Current,kA,"(30000,)",1,30000,float64,amm27932.nc
27933,AMM,AMM_P2UARM1,amm/p2uarm1/data,Current,kA,"(30000,)",1,30000,float64,amm27933.nc
27934,AMM,AMM_P2UARM1,amm/p2uarm1/data,Current,kA,"(30000,)",1,30000,float64,amm27934.nc
27935,AMM,AMM_P2UARM1,amm/p2uarm1/data,Current,kA,"(30000,)",1,30000,float64,amm27935.nc
27936,AMM,AMM_P2UARM1,amm/p2uarm1/data,Current,kA,"(30000,)",1,30000,float64,amm27936.nc
27937,AMM,AMM_P2UARM1,amm/p2uarm1/data,Current,kA,"(30000,)",1,30000,float64,amm27937.nc
27938,AMM,AMM_P2UARM1,amm/p2uarm1/data,Current,kA,"(30000,)",1,30000,float64,amm27938.nc
27929,AMM,AMM_P2UARM2,amm/p2uarm2/data,Current,kA,"(30000,)",1,30000,float64,amm27929.nc
27930,AMM,AMM_P2UARM2,amm/p2uarm2/data,Current,kA,"(30000,)",1,30000,float64,amm27930 (2).nc
27931,AMM,AMM_P2UARM2,amm/p2uarm2/data,Current,kA,"(30000,)",1,30000,float64,amm27931.nc
27932,AMM,AMM_P2UARM2,amm/p2uarm2/data,Current,kA,"(30000,)",1,30000,float64,amm27932.nc
27933,AMM,AMM_P2UARM2,amm/p2uarm2/data,Current,kA,"(30000,)",1,30000,float64,amm27933.nc
27934,AMM,AMM_P2UARM2,amm/p2uarm2/data,Current,kA,"(30000,)",1,30000,float64,amm27934.nc
27935,AMM,AMM_P2UARM2,amm/p2uarm2/data,Current,kA,"(30000,)",1,30000,float64,amm27935.nc
27936,AMM,AMM_P2UARM2,amm/p2uarm2/data,Current,kA,"(30000,)",1,30000,float64,amm27936.nc
27937,AMM,AMM_P2UARM2,amm/p2uarm2/data,Current,kA,"(30000,)",1,30000,float64,amm27937.nc
27938,AMM,AMM_P2UARM2,amm/p2uarm2/data,Current,kA,"(30000,)",1,30000,float64,amm27938.nc
27929,AMM,AMM_P2UARM3,amm/p2uarm3/data,Current,kA,"(30000,)",1,30000,float64,amm27929.nc
27930,AMM,AMM_P2UARM3,amm/p2uarm3/data,Current,kA,"(30000,)",1,30000,float64,amm27930 (2).nc
27931,AMM,AMM_P2UARM3,amm/p2uarm3/data,Current,kA,"(30000,)",1,30000,float64,amm27931.nc
27932,AMM,AMM_P2UARM3,amm/p2uarm3/data,Current,kA,"(30000,)",1,30000,float64,amm27932.nc
27933,AMM,AMM_P2UARM3,amm/p2uarm3/data,Current,kA,"(30000,)",1,30000,float64,amm27933.nc
27934,AMM,AMM_P2UARM3,amm/p2uarm3/data,Current,kA,"(30000,)",1,30000,float64,amm27934.nc
27935,AMM,AMM_P2UARM3,amm/p2uarm3/data,Current,kA,"(30000,)",1,30000,float64,amm27935.nc
27936,AMM,AMM_P2UARM3,amm/p2uarm3/data,Current,kA,"(30000,)",1,30000,float64,amm27936.nc
27937,AMM,AMM_P2UARM3,amm/p2uarm3/data,Current,kA,"(30000,)",1,30000,float64,amm27937.nc
27938,AMM,AMM_P2UARM3,amm/p2uarm3/data,Current,kA,"(30000,)",1,30000,float64,amm27938.nc
27929,AMM,AMM_P2UDIVPL1,amm/p2udivpl1/data,Current,kA,"(30000,)",1,30000,float64,amm27929.nc
27930,AMM,AMM_P2UDIVPL1,amm/p2udivpl1/data,Current,kA,"(30000,)",1,30000,float64,amm27930 (2).nc
27931,AMM,AMM_P2UDIVPL1,amm/p2udivpl1/data,Current,kA,"(30000,)",1,30000,float64,amm27931.nc
27932,AMM,AMM_P2UDIVPL1,amm/p2udivpl1/data,Current,kA,"(30000,)",1,30000,float64,amm27932.nc
27933,AMM,AMM_P2UDIVPL1,amm/p2udivpl1/data,Current,kA,"(30000,)",1,30000,float64,amm27933.nc
27934,AMM,AMM_P2UDIVPL1,amm/p2udivpl1/data,Current,kA,"(30000,)",1,30000,float64,amm27934.nc
27935,AMM,AMM_P2UDIVPL1,amm/p2udivpl1/data,Current,kA,"(30000,)",1,30000,float64,amm27935.nc
27936,AMM,AMM_P2UDIVPL1,amm/p2udivpl1/data,Current,kA,"(30000,)",1,30000,float64,amm27936.nc
27937,AMM,AMM_P2UDIVPL1,amm/p2udivpl1/data,Current,kA,"(30000,)",1,30000,float64,amm27937.nc
27938,AMM,AMM_P2UDIVPL1,amm/p2udivpl1/data,Current,kA,"(30000,)",1,30000,float64,amm27938.nc
27929,AMM,AMM_P2UDIVPL2,amm/p2udivpl2/data,Current,kA,"(30000,)",1,30000,float64,amm27929.nc
27930,AMM,AMM_P2UDIVPL2,amm/p2udivpl2/data,Current,kA,"(30000,)",1,30000,float64,amm27930 (2).nc
27931,AMM,AMM_P2UDIVPL2,amm/p2udivpl2/data,Current,kA,"(30000,)",1,30000,float64,amm27931.nc
27932,AMM,AMM_P2UDIVPL2,amm/p2udivpl2/data,Current,kA,"(30000,)",1,30000,float64,amm27932.nc
27933,AMM,AMM_P2UDIVPL2,amm/p2udivpl2/data,Current,kA,"(30000,)",1,30000,float64,amm27933.nc
27934,AMM,AMM_P2UDIVPL2,amm/p2udivpl2/data,Current,kA,"(30000,)",1,30000,float64,amm27934.nc
27935,AMM,AMM_P2UDIVPL2,amm/p2udivpl2/data,Current,kA,"(30000,)",1,30000,float64,amm27935.nc
27936,AMM,AMM_P2UDIVPL2,amm/p2udivpl2/data,Current,kA,"(30000,)",1,30000,float64,amm27936.nc
27937,AMM,AMM_P2UDIVPL2,amm/p2udivpl2/data,Current,kA,"(30000,)",1,30000,float64,amm27937.nc
27938,AMM,AMM_P2UDIVPL2,amm/p2udivpl2/data,Current,kA,"(30000,)",1,30000,float64,amm27938.nc
27929,AMM,AMM_PASSNUMBER,amm/passnumber/data,Pass,,"(1,)",1,1,int16,amm27929.nc
27930,AMM,AMM_PASSNUMBER,amm/passnumber/data,Pass,,"(1,)",1,1,int16,amm27930 (2).nc
27931,AMM,AMM_PASSNUMBER,amm/passnumber/data,Pass,,"(1,)",1,1,int16,amm27931.nc
27932,AMM,AMM_PASSNUMBER,amm/passnumber/data,Pass,,"(1,)",1,1,int16,amm27932.nc
27933,AMM,AMM_PASSNUMBER,amm/passnumber/data,Pass,,"(1,)",1,1,int16,amm27933.nc
27934,AMM,AMM_PASSNUMBER,amm/passnumber/data,Pass,,"(1,)",1,1,int16,amm27934.nc
27935,AMM,AMM_PASSNUMBER,amm/passnumber/data,Pass,,"(1,)",1,1,int16,amm27935.nc
27936,AMM,AMM_PASSNUMBER,amm/passnumber/data,Pass,,"(1,)",1,1,int16,amm27936.nc
27937,AMM,AMM_PASSNUMBER,amm/passnumber/data,Pass,,"(1,)",1,1,int16,amm27937.nc
27938,AMM,AMM_PASSNUMBER,amm/passnumber/data,Pass,,"(1,)",1,1,int16,amm27938.nc
27929,AMM,AMM_RING1,amm/ring1/data,Current,kA,"(30000,)",1,30000,float64,amm27929.nc
27930,AMM,AMM_RING1,amm/ring1/data,Current,kA,"(30000,)",1,30000,float64,amm27930 (2).nc
27931,AMM,AMM_RING1,amm/ring1/data,Current,kA,"(30000,)",1,30000,float64,amm27931.nc
27932,AMM,AMM_RING1,amm/ring1/data,Current,kA,"(30000,)",1,30000,float64,amm27932.nc
27933,AMM,AMM_RING1,amm/ring1/data,Current,kA,"(30000,)",1,30000,float64,amm27933.nc
27934,AMM,AMM_RING1,amm/ring1/data,Current,kA,"(30000,)",1,30000,float64,amm27934.nc
27935,AMM,AMM_RING1,amm/ring1/data,Current,kA,"(30000,)",1,30000,float64,amm27935.nc
27936,AMM,AMM_RING1,amm/ring1/data,Current,kA,"(30000,)",1,30000,float64,amm27936.nc
27937,AMM,AMM_RING1,amm/ring1/data,Current,kA,"(30000,)",1,30000,float64,amm27937.nc
27938,AMM,AMM_RING1,amm/ring1/data,Current,kA,"(30000,)",1,30000,float64,amm27938.nc
27929,AMM,AMM_RING10,amm/ring10/data,Current,kA,"(30000,)",1,30000,float64,amm27929.nc
27930,AMM,AMM_RING10,amm/ring10/data,Current,kA,"(30000,)",1,30000,float64,amm27930 (2).nc
27931,AMM,AMM_RING10,amm/ring10/data,Current,kA,"(30000,)",1,30000,float64,amm27931.nc
27932,AMM,AMM_RING10,amm/ring10/data,Current,kA,"(30000,)",1,30000,float64,amm27932.nc
27933,AMM,AMM_RING10,amm/ring10/data,Current,kA,"(30000,)",1,30000,float64,amm27933.nc
27934,AMM,AMM_RING10,amm/ring10/data,Current,kA,"(30000,)",1,30000,float64,amm27934.nc
27935,AMM,AMM_RING10,amm/ring10/data,Current,kA,"(30000,)",1,30000,float64,amm27935.nc
27936,AMM,AMM_RING10,amm/ring10/data,Current,kA,"(30000,)",1,30000,float64,amm27936.nc
27937,AMM,AMM_RING10,amm/ring10/data,Current,kA,"(30000,)",1,30000,float64,amm27937.nc
27938,AMM,AMM_RING10,amm/ring10/data,Current,kA,"(30000,)",1,30000,float64,amm27938.nc
27929,AMM,AMM_RING2,amm/ring2/data,Current,kA,"(30000,)",1,30000,float64,amm27929.nc
27930,AMM,AMM_RING2,amm/ring2/data,Current,kA,"(30000,)",1,30000,float64,amm27930 (2).nc
27931,AMM,AMM_RING2,amm/ring2/data,Current,kA,"(30000,)",1,30000,float64,amm27931.nc
27932,AMM,AMM_RING2,amm/ring2/data,Current,kA,"(30000,)",1,30000,float64,amm27932.nc
27933,AMM,AMM_RING2,amm/ring2/data,Current,kA,"(30000,)",1,30000,float64,amm27933.nc
27934,AMM,AMM_RING2,amm/ring2/data,Current,kA,"(30000,)",1,30000,float64,amm27934.nc
27935,AMM,AMM_RING2,amm/ring2/data,Current,kA,"(30000,)",1,30000,float64,amm27935.nc
27936,AMM,AMM_RING2,amm/ring2/data,Current,kA,"(30000,)",1,30000,float64,amm27936.nc
27937,AMM,AMM_RING2,amm/ring2/data,Current,kA,"(30000,)",1,30000,float64,amm27937.nc
27938,AMM,AMM_RING2,amm/ring2/data,Current,kA,"(30000,)",1,30000,float64,amm27938.nc
27929,AMM,AMM_RING3,amm/ring3/data,Current,kA,"(30000,)",1,30000,float64,amm27929.nc
27930,AMM,AMM_RING3,amm/ring3/data,Current,kA,"(30000,)",1,30000,float64,amm27930 (2).nc
27931,AMM,AMM_RING3,amm/ring3/data,Current,kA,"(30000,)",1,30000,float64,amm27931.nc
27932,AMM,AMM_RING3,amm/ring3/data,Current,kA,"(30000,)",1,30000,float64,amm27932.nc
27933,AMM,AMM_RING3,amm/ring3/data,Current,kA,"(30000,)",1,30000,float64,amm27933.nc
27934,AMM,AMM_RING3,amm/ring3/data,Current,kA,"(30000,)",1,30000,float64,amm27934.nc
27935,AMM,AMM_RING3,amm/ring3/data,Current,kA,"(30000,)",1,30000,float64,amm27935.nc
27936,AMM,AMM_RING3,amm/ring3/data,Current,kA,"(30000,)",1,30000,float64,amm27936.nc
27937,AMM,AMM_RING3,amm/ring3/data,Current,kA,"(30000,)",1,30000,float64,amm27937.nc
27938,AMM,AMM_RING3,amm/ring3/data,Current,kA,"(30000,)",1,30000,float64,amm27938.nc
27929,AMM,AMM_RING4,amm/ring4/data,Current,kA,"(30000,)",1,30000,float64,amm27929.nc
27930,AMM,AMM_RING4,amm/ring4/data,Current,kA,"(30000,)",1,30000,float64,amm27930 (2).nc
27931,AMM,AMM_RING4,amm/ring4/data,Current,kA,"(30000,)",1,30000,float64,amm27931.nc
27932,AMM,AMM_RING4,amm/ring4/data,Current,kA,"(30000,)",1,30000,float64,amm27932.nc
27933,AMM,AMM_RING4,amm/ring4/data,Current,kA,"(30000,)",1,30000,float64,amm27933.nc
27934,AMM,AMM_RING4,amm/ring4/data,Current,kA,"(30000,)",1,30000,float64,amm27934.nc
27935,AMM,AMM_RING4,amm/ring4/data,Current,kA,"(30000,)",1,30000,float64,amm27935.nc
27936,AMM,AMM_RING4,amm/ring4/data,Current,kA,"(30000,)",1,30000,float64,amm27936.nc
27937,AMM,AMM_RING4,amm/ring4/data,Current,kA,"(30000,)",1,30000,float64,amm27937.nc
27938,AMM,AMM_RING4,amm/ring4/data,Current,kA,"(30000,)",1,30000,float64,amm27938.nc
27929,AMM,AMM_RING5,amm/ring5/data,Current,kA,"(30000,)",1,30000,float64,amm27929.nc
27930,AMM,AMM_RING5,amm/ring5/data,Current,kA,"(30000,)",1,30000,float64,amm27930 (2).nc
27931,AMM,AMM_RING5,amm/ring5/data,Current,kA,"(30000,)",1,30000,float64,amm27931.nc
27932,AMM,AMM_RING5,amm/ring5/data,Current,kA,"(30000,)",1,30000,float64,amm27932.nc
27933,AMM,AMM_RING5,amm/ring5/data,Current,kA,"(30000,)",1,30000,float64,amm27933.nc
27934,AMM,AMM_RING5,amm/ring5/data,Current,kA,"(30000,)",1,30000,float64,amm27934.nc
27935,AMM,AMM_RING5,amm/ring5/data,Current,kA,"(30000,)",1,30000,float64,amm27935.nc
27936,AMM,AMM_RING5,amm/ring5/data,Current,kA,"(30000,)",1,30000,float64,amm27936.nc
27937,AMM,AMM_RING5,amm/ring5/data,Current,kA,"(30000,)",1,30000,float64,amm27937.nc
27938,AMM,AMM_RING5,amm/ring5/data,Current,kA,"(30000,)",1,30000,float64,amm27938.nc
27929,AMM,AMM_RING6,amm/ring6/data,Current,kA,"(30000,)",1,30000,float64,amm27929.nc
27930,AMM,AMM_RING6,amm/ring6/data,Current,kA,"(30000,)",1,30000,float64,amm27930 (2).nc
27931,AMM,AMM_RING6,amm/ring6/data,Current,kA,"(30000,)",1,30000,float64,amm27931.nc
27932,AMM,AMM_RING6,amm/ring6/data,Current,kA,"(30000,)",1,30000,float64,amm27932.nc
27933,AMM,AMM_RING6,amm/ring6/data,Current,kA,"(30000,)",1,30000,float64,amm27933.nc
27934,AMM,AMM_RING6,amm/ring6/data,Current,kA,"(30000,)",1,30000,float64,amm27934.nc
27935,AMM,AMM_RING6,amm/ring6/data,Current,kA,"(30000,)",1,30000,float64,amm27935.nc
27936,AMM,AMM_RING6,amm/ring6/data,Current,kA,"(30000,)",1,30000,float64,amm27936.nc
27937,AMM,AMM_RING6,amm/ring6/data,Current,kA,"(30000,)",1,30000,float64,amm27937.nc
27938,AMM,AMM_RING6,amm/ring6/data,Current,kA,"(30000,)",1,30000,float64,amm27938.nc
27929,AMM,AMM_RING7,amm/ring7/data,Current,kA,"(30000,)",1,30000,float64,amm27929.nc
27930,AMM,AMM_RING7,amm/ring7/data,Current,kA,"(30000,)",1,30000,float64,amm27930 (2).nc
27931,AMM,AMM_RING7,amm/ring7/data,Current,kA,"(30000,)",1,30000,float64,amm27931.nc
27932,AMM,AMM_RING7,amm/ring7/data,Current,kA,"(30000,)",1,30000,float64,amm27932.nc
27933,AMM,AMM_RING7,amm/ring7/data,Current,kA,"(30000,)",1,30000,float64,amm27933.nc
27934,AMM,AMM_RING7,amm/ring7/data,Current,kA,"(30000,)",1,30000,float64,amm27934.nc
27935,AMM,AMM_RING7,amm/ring7/data,Current,kA,"(30000,)",1,30000,float64,amm27935.nc
27936,AMM,AMM_RING7,amm/ring7/data,Current,kA,"(30000,)",1,30000,float64,amm27936.nc
27937,AMM,AMM_RING7,amm/ring7/data,Current,kA,"(30000,)",1,30000,float64,amm27937.nc
27938,AMM,AMM_RING7,amm/ring7/data,Current,kA,"(30000,)",1,30000,float64,amm27938.nc
27929,AMM,AMM_RING8,amm/ring8/data,Current,kA,"(30000,)",1,30000,float64,amm27929.nc
27930,AMM,AMM_RING8,amm/ring8/data,Current,kA,"(30000,)",1,30000,float64,amm27930 (2).nc
27931,AMM,AMM_RING8,amm/ring8/data,Current,kA,"(30000,)",1,30000,float64,amm27931.nc
27932,AMM,AMM_RING8,amm/ring8/data,Current,kA,"(30000,)",1,30000,float64,amm27932.nc
27933,AMM,AMM_RING8,amm/ring8/data,Current,kA,"(30000,)",1,30000,float64,amm27933.nc
27934,AMM,AMM_RING8,amm/ring8/data,Current,kA,"(30000,)",1,30000,float64,amm27934.nc
27935,AMM,AMM_RING8,amm/ring8/data,Current,kA,"(30000,)",1,30000,float64,amm27935.nc
27936,AMM,AMM_RING8,amm/ring8/data,Current,kA,"(30000,)",1,30000,float64,amm27936.nc
27937,AMM,AMM_RING8,amm/ring8/data,Current,kA,"(30000,)",1,30000,float64,amm27937.nc
27938,AMM,AMM_RING8,amm/ring8/data,Current,kA,"(30000,)",1,30000,float64,amm27938.nc
27929,AMM,AMM_RING9,amm/ring9/data,Current,kA,"(30000,)",1,30000,float64,amm27929.nc
27930,AMM,AMM_RING9,amm/ring9/data,Current,kA,"(30000,)",1,30000,float64,amm27930 (2).nc
27931,AMM,AMM_RING9,amm/ring9/data,Current,kA,"(30000,)",1,30000,float64,amm27931.nc
27932,AMM,AMM_RING9,amm/ring9/data,Current,kA,"(30000,)",1,30000,float64,amm27932.nc
27933,AMM,AMM_RING9,amm/ring9/data,Current,kA,"(30000,)",1,30000,float64,amm27933.nc
27934,AMM,AMM_RING9,amm/ring9/data,Current,kA,"(30000,)",1,30000,float64,amm27934.nc
27935,AMM,AMM_RING9,amm/ring9/data,Current,kA,"(30000,)",1,30000,float64,amm27935.nc
27936,AMM,AMM_RING9,amm/ring9/data,Current,kA,"(30000,)",1,30000,float64,amm27936.nc
27937,AMM,AMM_RING9,amm/ring9/data,Current,kA,"(30000,)",1,30000,float64,amm27937.nc
27938,AMM,AMM_RING9,amm/ring9/data,Current,kA,"(30000,)",1,30000,float64,amm27938.nc
27929,AMM,AMM_RODGR1,amm/rodgr1/data,Current,kA,"(30000,)",1,30000,float64,amm27929.nc
27930,AMM,AMM_RODGR1,amm/rodgr1/data,Current,kA,"(30000,)",1,30000,float64,amm27930 (2).nc
27931,AMM,AMM_RODGR1,amm/rodgr1/data,Current,kA,"(30000,)",1,30000,float64,amm27931.nc
27932,AMM,AMM_RODGR1,amm/rodgr1/data,Current,kA,"(30000,)",1,30000,float64,amm27932.nc
27933,AMM,AMM_RODGR1,amm/rodgr1/data,Current,kA,"(30000,)",1,30000,float64,amm27933.nc
27934,AMM,AMM_RODGR1,amm/rodgr1/data,Current,kA,"(30000,)",1,30000,float64,amm27934.nc
27935,AMM,AMM_RODGR1,amm/rodgr1/data,Current,kA,"(30000,)",1,30000,float64,amm27935.nc
27936,AMM,AMM_RODGR1,amm/rodgr1/data,Current,kA,"(30000,)",1,30000,float64,amm27936.nc
27937,AMM,AMM_RODGR1,amm/rodgr1/data,Current,kA,"(30000,)",1,30000,float64,amm27937.nc
27938,AMM,AMM_RODGR1,amm/rodgr1/data,Current,kA,"(30000,)",1,30000,float64,amm27938.nc
27929,AMM,AMM_RODGR10,amm/rodgr10/data,Current,kA,"(30000,)",1,30000,float64,amm27929.nc
27930,AMM,AMM_RODGR10,amm/rodgr10/data,Current,kA,"(30000,)",1,30000,float64,amm27930 (2).nc
27931,AMM,AMM_RODGR10,amm/rodgr10/data,Current,kA,"(30000,)",1,30000,float64,amm27931.nc
27932,AMM,AMM_RODGR10,amm/rodgr10/data,Current,kA,"(30000,)",1,30000,float64,amm27932.nc
27933,AMM,AMM_RODGR10,amm/rodgr10/data,Current,kA,"(30000,)",1,30000,float64,amm27933.nc
27934,AMM,AMM_RODGR10,amm/rodgr10/data,Current,kA,"(30000,)",1,30000,float64,amm27934.nc
27935,AMM,AMM_RODGR10,amm/rodgr10/data,Current,kA,"(30000,)",1,30000,float64,amm27935.nc
27936,AMM,AMM_RODGR10,amm/rodgr10/data,Current,kA,"(30000,)",1,30000,float64,amm27936.nc
27937,AMM,AMM_RODGR10,amm/rodgr10/data,Current,kA,"(30000,)",1,30000,float64,amm27937.nc
27938,AMM,AMM_RODGR10,amm/rodgr10/data,Current,kA,"(30000,)",1,30000,float64,amm27938.nc
27929,AMM,AMM_RODGR11,amm/rodgr11/data,Current,kA,"(30000,)",1,30000,float64,amm27929.nc
27930,AMM,AMM_RODGR11,amm/rodgr11/data,Current,kA,"(30000,)",1,30000,float64,amm27930 (2).nc
27931,AMM,AMM_RODGR11,amm/rodgr11/data,Current,kA,"(30000,)",1,30000,float64,amm27931.nc
27932,AMM,AMM_RODGR11,amm/rodgr11/data,Current,kA,"(30000,)",1,30000,float64,amm27932.nc
27933,AMM,AMM_RODGR11,amm/rodgr11/data,Current,kA,"(30000,)",1,30000,float64,amm27933.nc
27934,AMM,AMM_RODGR11,amm/rodgr11/data,Current,kA,"(30000,)",1,30000,float64,amm27934.nc
27935,AMM,AMM_RODGR11,amm/rodgr11/data,Current,kA,"(30000,)",1,30000,float64,amm27935.nc
27936,AMM,AMM_RODGR11,amm/rodgr11/data,Current,kA,"(30000,)",1,30000,float64,amm27936.nc
27937,AMM,AMM_RODGR11,amm/rodgr11/data,Current,kA,"(30000,)",1,30000,float64,amm27937.nc
27938,AMM,AMM_RODGR11,amm/rodgr11/data,Current,kA,"(30000,)",1,30000,float64,amm27938.nc
27929,AMM,AMM_RODGR12,amm/rodgr12/data,Current,kA,"(30000,)",1,30000,float64,amm27929.nc
27930,AMM,AMM_RODGR12,amm/rodgr12/data,Current,kA,"(30000,)",1,30000,float64,amm27930 (2).nc
27931,AMM,AMM_RODGR12,amm/rodgr12/data,Current,kA,"(30000,)",1,30000,float64,amm27931.nc
27932,AMM,AMM_RODGR12,amm/rodgr12/data,Current,kA,"(30000,)",1,30000,float64,amm27932.nc
27933,AMM,AMM_RODGR12,amm/rodgr12/data,Current,kA,"(30000,)",1,30000,float64,amm27933.nc
27934,AMM,AMM_RODGR12,amm/rodgr12/data,Current,kA,"(30000,)",1,30000,float64,amm27934.nc
27935,AMM,AMM_RODGR12,amm/rodgr12/data,Current,kA,"(30000,)",1,30000,float64,amm27935.nc
27936,AMM,AMM_RODGR12,amm/rodgr12/data,Current,kA,"(30000,)",1,30000,float64,amm27936.nc
27937,AMM,AMM_RODGR12,amm/rodgr12/data,Current,kA,"(30000,)",1,30000,float64,amm27937.nc
27938,AMM,AMM_RODGR12,amm/rodgr12/data,Current,kA,"(30000,)",1,30000,float64,amm27938.nc
27929,AMM,AMM_RODGR2,amm/rodgr2/data,Current,kA,"(30000,)",1,30000,float64,amm27929.nc
27930,AMM,AMM_RODGR2,amm/rodgr2/data,Current,kA,"(30000,)",1,30000,float64,amm27930 (2).nc
27931,AMM,AMM_RODGR2,amm/rodgr2/data,Current,kA,"(30000,)",1,30000,float64,amm27931.nc
27932,AMM,AMM_RODGR2,amm/rodgr2/data,Current,kA,"(30000,)",1,30000,float64,amm27932.nc
27933,AMM,AMM_RODGR2,amm/rodgr2/data,Current,kA,"(30000,)",1,30000,float64,amm27933.nc
27934,AMM,AMM_RODGR2,amm/rodgr2/data,Current,kA,"(30000,)",1,30000,float64,amm27934.nc
27935,AMM,AMM_RODGR2,amm/rodgr2/data,Current,kA,"(30000,)",1,30000,float64,amm27935.nc
27936,AMM,AMM_RODGR2,amm/rodgr2/data,Current,kA,"(30000,)",1,30000,float64,amm27936.nc
27937,AMM,AMM_RODGR2,amm/rodgr2/data,Current,kA,"(30000,)",1,30000,float64,amm27937.nc
27938,AMM,AMM_RODGR2,amm/rodgr2/data,Current,kA,"(30000,)",1,30000,float64,amm27938.nc
27929,AMM,AMM_RODGR3,amm/rodgr3/data,Current,kA,"(30000,)",1,30000,float64,amm27929.nc
27930,AMM,AMM_RODGR3,amm/rodgr3/data,Current,kA,"(30000,)",1,30000,float64,amm27930 (2).nc
27931,AMM,AMM_RODGR3,amm/rodgr3/data,Current,kA,"(30000,)",1,30000,float64,amm27931.nc
27932,AMM,AMM_RODGR3,amm/rodgr3/data,Current,kA,"(30000,)",1,30000,float64,amm27932.nc
27933,AMM,AMM_RODGR3,amm/rodgr3/data,Current,kA,"(30000,)",1,30000,float64,amm27933.nc
27934,AMM,AMM_RODGR3,amm/rodgr3/data,Current,kA,"(30000,)",1,30000,float64,amm27934.nc
27935,AMM,AMM_RODGR3,amm/rodgr3/data,Current,kA,"(30000,)",1,30000,float64,amm27935.nc
27936,AMM,AMM_RODGR3,amm/rodgr3/data,Current,kA,"(30000,)",1,30000,float64,amm27936.nc
27937,AMM,AMM_RODGR3,amm/rodgr3/data,Current,kA,"(30000,)",1,30000,float64,amm27937.nc
27938,AMM,AMM_RODGR3,amm/rodgr3/data,Current,kA,"(30000,)",1,30000,float64,amm27938.nc
27929,AMM,AMM_RODGR4,amm/rodgr4/data,Current,kA,"(30000,)",1,30000,float64,amm27929.nc
27930,AMM,AMM_RODGR4,amm/rodgr4/data,Current,kA,"(30000,)",1,30000,float64,amm27930 (2).nc
27931,AMM,AMM_RODGR4,amm/rodgr4/data,Current,kA,"(30000,)",1,30000,float64,amm27931.nc
27932,AMM,AMM_RODGR4,amm/rodgr4/data,Current,kA,"(30000,)",1,30000,float64,amm27932.nc
27933,AMM,AMM_RODGR4,amm/rodgr4/data,Current,kA,"(30000,)",1,30000,float64,amm27933.nc
27934,AMM,AMM_RODGR4,amm/rodgr4/data,Current,kA,"(30000,)",1,30000,float64,amm27934.nc
27935,AMM,AMM_RODGR4,amm/rodgr4/data,Current,kA,"(30000,)",1,30000,float64,amm27935.nc
27936,AMM,AMM_RODGR4,amm/rodgr4/data,Current,kA,"(30000,)",1,30000,float64,amm27936.nc
27937,AMM,AMM_RODGR4,amm/rodgr4/data,Current,kA,"(30000,)",1,30000,float64,amm27937.nc
27938,AMM,AMM_RODGR4,amm/rodgr4/data,Current,kA,"(30000,)",1,30000,float64,amm27938.nc
27929,AMM,AMM_RODGR5,amm/rodgr5/data,Current,kA,"(30000,)",1,30000,float64,amm27929.nc
27930,AMM,AMM_RODGR5,amm/rodgr5/data,Current,kA,"(30000,)",1,30000,float64,amm27930 (2).nc
27931,AMM,AMM_RODGR5,amm/rodgr5/data,Current,kA,"(30000,)",1,30000,float64,amm27931.nc
27932,AMM,AMM_RODGR5,amm/rodgr5/data,Current,kA,"(30000,)",1,30000,float64,amm27932.nc
27933,AMM,AMM_RODGR5,amm/rodgr5/data,Current,kA,"(30000,)",1,30000,float64,amm27933.nc
27934,AMM,AMM_RODGR5,amm/rodgr5/data,Current,kA,"(30000,)",1,30000,float64,amm27934.nc
27935,AMM,AMM_RODGR5,amm/rodgr5/data,Current,kA,"(30000,)",1,30000,float64,amm27935.nc
27936,AMM,AMM_RODGR5,amm/rodgr5/data,Current,kA,"(30000,)",1,30000,float64,amm27936.nc
27937,AMM,AMM_RODGR5,amm/rodgr5/data,Current,kA,"(30000,)",1,30000,float64,amm27937.nc
27938,AMM,AMM_RODGR5,amm/rodgr5/data,Current,kA,"(30000,)",1,30000,float64,amm27938.nc
27929,AMM,AMM_RODGR6,amm/rodgr6/data,Current,kA,"(30000,)",1,30000,float64,amm27929.nc
27930,AMM,AMM_RODGR6,amm/rodgr6/data,Current,kA,"(30000,)",1,30000,float64,amm27930 (2).nc
27931,AMM,AMM_RODGR6,amm/rodgr6/data,Current,kA,"(30000,)",1,30000,float64,amm27931.nc
27932,AMM,AMM_RODGR6,amm/rodgr6/data,Current,kA,"(30000,)",1,30000,float64,amm27932.nc
27933,AMM,AMM_RODGR6,amm/rodgr6/data,Current,kA,"(30000,)",1,30000,float64,amm27933.nc
27934,AMM,AMM_RODGR6,amm/rodgr6/data,Current,kA,"(30000,)",1,30000,float64,amm27934.nc
27935,AMM,AMM_RODGR6,amm/rodgr6/data,Current,kA,"(30000,)",1,30000,float64,amm27935.nc
27936,AMM,AMM_RODGR6,amm/rodgr6/data,Current,kA,"(30000,)",1,30000,float64,amm27936.nc
27937,AMM,AMM_RODGR6,amm/rodgr6/data,Current,kA,"(30000,)",1,30000,float64,amm27937.nc
27938,AMM,AMM_RODGR6,amm/rodgr6/data,Current,kA,"(30000,)",1,30000,float64,amm27938.nc
27929,AMM,AMM_RODGR7,amm/rodgr7/data,Current,kA,"(30000,)",1,30000,float64,amm27929.nc
27930,AMM,AMM_RODGR7,amm/rodgr7/data,Current,kA,"(30000,)",1,30000,float64,amm27930 (2).nc
27931,AMM,AMM_RODGR7,amm/rodgr7/data,Current,kA,"(30000,)",1,30000,float64,amm27931.nc
27932,AMM,AMM_RODGR7,amm/rodgr7/data,Current,kA,"(30000,)",1,30000,float64,amm27932.nc
27933,AMM,AMM_RODGR7,amm/rodgr7/data,Current,kA,"(30000,)",1,30000,float64,amm27933.nc
27934,AMM,AMM_RODGR7,amm/rodgr7/data,Current,kA,"(30000,)",1,30000,float64,amm27934.nc
27935,AMM,AMM_RODGR7,amm/rodgr7/data,Current,kA,"(30000,)",1,30000,float64,amm27935.nc
27936,AMM,AMM_RODGR7,amm/rodgr7/data,Current,kA,"(30000,)",1,30000,float64,amm27936.nc
27937,AMM,AMM_RODGR7,amm/rodgr7/data,Current,kA,"(30000,)",1,30000,float64,amm27937.nc
27938,AMM,AMM_RODGR7,amm/rodgr7/data,Current,kA,"(30000,)",1,30000,float64,amm27938.nc
27929,AMM,AMM_RODGR8,amm/rodgr8/data,Current,kA,"(30000,)",1,30000,float64,amm27929.nc
27930,AMM,AMM_RODGR8,amm/rodgr8/data,Current,kA,"(30000,)",1,30000,float64,amm27930 (2).nc
27931,AMM,AMM_RODGR8,amm/rodgr8/data,Current,kA,"(30000,)",1,30000,float64,amm27931.nc
27932,AMM,AMM_RODGR8,amm/rodgr8/data,Current,kA,"(30000,)",1,30000,float64,amm27932.nc
27933,AMM,AMM_RODGR8,amm/rodgr8/data,Current,kA,"(30000,)",1,30000,float64,amm27933.nc
27934,AMM,AMM_RODGR8,amm/rodgr8/data,Current,kA,"(30000,)",1,30000,float64,amm27934.nc
27935,AMM,AMM_RODGR8,amm/rodgr8/data,Current,kA,"(30000,)",1,30000,float64,amm27935.nc
27936,AMM,AMM_RODGR8,amm/rodgr8/data,Current,kA,"(30000,)",1,30000,float64,amm27936.nc
27937,AMM,AMM_RODGR8,amm/rodgr8/data,Current,kA,"(30000,)",1,30000,float64,amm27937.nc
27938,AMM,AMM_RODGR8,amm/rodgr8/data,Current,kA,"(30000,)",1,30000,float64,amm27938.nc
27929,AMM,AMM_RODGR9,amm/rodgr9/data,Current,kA,"(30000,)",1,30000,float64,amm27929.nc
27930,AMM,AMM_RODGR9,amm/rodgr9/data,Current,kA,"(30000,)",1,30000,float64,amm27930 (2).nc
27931,AMM,AMM_RODGR9,amm/rodgr9/data,Current,kA,"(30000,)",1,30000,float64,amm27931.nc
27932,AMM,AMM_RODGR9,amm/rodgr9/data,Current,kA,"(30000,)",1,30000,float64,amm27932.nc
27933,AMM,AMM_RODGR9,amm/rodgr9/data,Current,kA,"(30000,)",1,30000,float64,amm27933.nc
27934,AMM,AMM_RODGR9,amm/rodgr9/data,Current,kA,"(30000,)",1,30000,float64,amm27934.nc
27935,AMM,AMM_RODGR9,amm/rodgr9/data,Current,kA,"(30000,)",1,30000,float64,amm27935.nc
27936,AMM,AMM_RODGR9,amm/rodgr9/data,Current,kA,"(30000,)",1,30000,float64,amm27936.nc
27937,AMM,AMM_RODGR9,amm/rodgr9/data,Current,kA,"(30000,)",1,30000,float64,amm27937.nc
27938,AMM,AMM_RODGR9,amm/rodgr9/data,Current,kA,"(30000,)",1,30000,float64,amm27938.nc
27929,AMM,AMM_SUBSTEPS,amm/substeps/data,# substeps,#,"(30000,)",1,30000,int32,amm27929.nc
27930,AMM,AMM_SUBSTEPS,amm/substeps/data,# substeps,#,"(30000,)",1,30000,int32,amm27930 (2).nc
27931,AMM,AMM_SUBSTEPS,amm/substeps/data,# substeps,#,"(30000,)",1,30000,int32,amm27931.nc
27932,AMM,AMM_SUBSTEPS,amm/substeps/data,# substeps,#,"(30000,)",1,30000,int32,amm27932.nc
27933,AMM,AMM_SUBSTEPS,amm/substeps/data,# substeps,#,"(30000,)",1,30000,int32,amm27933.nc
27934,AMM,AMM_SUBSTEPS,amm/substeps/data,# substeps,#,"(30000,)",1,30000,int32,amm27934.nc
27935,AMM,AMM_SUBSTEPS,amm/substeps/data,# substeps,#,"(30000,)",1,30000,int32,amm27935.nc
27936,AMM,AMM_SUBSTEPS,amm/substeps/data,# substeps,#,"(30000,)",1,30000,int32,amm27936.nc
27937,AMM,AMM_SUBSTEPS,amm/substeps/data,# substeps,#,"(30000,)",1,30000,int32,amm27937.nc
27938,AMM,AMM_SUBSTEPS,amm/substeps/data,# substeps,#,"(30000,)",1,30000,int32,amm27938.nc
27929,AMM,AMM_TCUTOFF,amm/tcutoff/data,Iteration cutoff time,,"(1,)",1,1,float64,amm27929.nc
27930,AMM,AMM_TCUTOFF,amm/tcutoff/data,Iteration cutoff time,,"(1,)",1,1,float64,amm27930 (2).nc
27931,AMM,AMM_TCUTOFF,amm/tcutoff/data,Iteration cutoff time,,"(1,)",1,1,float64,amm27931.nc
27932,AMM,AMM_TCUTOFF,amm/tcutoff/data,Iteration cutoff time,,"(1,)",1,1,float64,amm27932.nc
27933,AMM,AMM_TCUTOFF,amm/tcutoff/data,Iteration cutoff time,,"(1,)",1,1,float64,amm27933.nc
27934,AMM,AMM_TCUTOFF,amm/tcutoff/data,Iteration cutoff time,,"(1,)",1,1,float64,amm27934.nc
27935,AMM,AMM_TCUTOFF,amm/tcutoff/data,Iteration cutoff time,,"(1,)",1,1,float64,amm27935.nc
27936,AMM,AMM_TCUTOFF,amm/tcutoff/data,Iteration cutoff time,,"(1,)",1,1,float64,amm27936.nc
27937,AMM,AMM_TCUTOFF,amm/tcutoff/data,Iteration cutoff time,,"(1,)",1,1,float64,amm27937.nc
27938,AMM,AMM_TCUTOFF,amm/tcutoff/data,Iteration cutoff time,,"(1,)",1,1,float64,amm27938.nc
27929,AMM,AMM_TOLERANCE,amm/tolerance/data,epsilon,,"(1,)",1,1,float64,amm27929.nc
27930,AMM,AMM_TOLERANCE,amm/tolerance/data,epsilon,,"(1,)",1,1,float64,amm27930 (2).nc
27931,AMM,AMM_TOLERANCE,amm/tolerance/data,epsilon,,"(1,)",1,1,float64,amm27931.nc
27932,AMM,AMM_TOLERANCE,amm/tolerance/data,epsilon,,"(1,)",1,1,float64,amm27932.nc
27933,AMM,AMM_TOLERANCE,amm/tolerance/data,epsilon,,"(1,)",1,1,float64,amm27933.nc
27934,AMM,AMM_TOLERANCE,amm/tolerance/data,epsilon,,"(1,)",1,1,float64,amm27934.nc
27935,AMM,AMM_TOLERANCE,amm/tolerance/data,epsilon,,"(1,)",1,1,float64,amm27935.nc
27936,AMM,AMM_TOLERANCE,amm/tolerance/data,epsilon,,"(1,)",1,1,float64,amm27936.nc
27937,AMM,AMM_TOLERANCE,amm/tolerance/data,epsilon,,"(1,)",1,1,float64,amm27937.nc
27938,AMM,AMM_TOLERANCE,amm/tolerance/data,epsilon,,"(1,)",1,1,float64,amm27938.nc
27929,AMM,AMM_TOPCOL,amm/topcol/data,Current,kA,"(30000,)",1,30000,float64,amm27929.nc
27930,AMM,AMM_TOPCOL,amm/topcol/data,Current,kA,"(30000,)",1,30000,float64,amm27930 (2).nc
27931,AMM,AMM_TOPCOL,amm/topcol/data,Current,kA,"(30000,)",1,30000,float64,amm27931.nc
27932,AMM,AMM_TOPCOL,amm/topcol/data,Current,kA,"(30000,)",1,30000,float64,amm27932.nc
27933,AMM,AMM_TOPCOL,amm/topcol/data,Current,kA,"(30000,)",1,30000,float64,amm27933.nc
27934,AMM,AMM_TOPCOL,amm/topcol/data,Current,kA,"(30000,)",1,30000,float64,amm27934.nc
27935,AMM,AMM_TOPCOL,amm/topcol/data,Current,kA,"(30000,)",1,30000,float64,amm27935.nc
27936,AMM,AMM_TOPCOL,amm/topcol/data,Current,kA,"(30000,)",1,30000,float64,amm27936.nc
27937,AMM,AMM_TOPCOL,amm/topcol/data,Current,kA,"(30000,)",1,30000,float64,amm27937.nc
27938,AMM,AMM_TOPCOL,amm/topcol/data,Current,kA,"(30000,)",1,30000,float64,amm27938.nc
27929,AMM,AMM_UHORW1,amm/uhorw1/data,Current,kA,"(30000,)",1,30000,float64,amm27929.nc
27930,AMM,AMM_UHORW1,amm/uhorw1/data,Current,kA,"(30000,)",1,30000,float64,amm27930 (2).nc
27931,AMM,AMM_UHORW1,amm/uhorw1/data,Current,kA,"(30000,)",1,30000,float64,amm27931.nc
27932,AMM,AMM_UHORW1,amm/uhorw1/data,Current,kA,"(30000,)",1,30000,float64,amm27932.nc
27933,AMM,AMM_UHORW1,amm/uhorw1/data,Current,kA,"(30000,)",1,30000,float64,amm27933.nc
27934,AMM,AMM_UHORW1,amm/uhorw1/data,Current,kA,"(30000,)",1,30000,float64,amm27934.nc
27935,AMM,AMM_UHORW1,amm/uhorw1/data,Current,kA,"(30000,)",1,30000,float64,amm27935.nc
27936,AMM,AMM_UHORW1,amm/uhorw1/data,Current,kA,"(30000,)",1,30000,float64,amm27936.nc
27937,AMM,AMM_UHORW1,amm/uhorw1/data,Current,kA,"(30000,)",1,30000,float64,amm27937.nc
27938,AMM,AMM_UHORW1,amm/uhorw1/data,Current,kA,"(30000,)",1,30000,float64,amm27938.nc
27929,AMM,AMM_UHORW2,amm/uhorw2/data,Current,kA,"(30000,)",1,30000,float64,amm27929.nc
27930,AMM,AMM_UHORW2,amm/uhorw2/data,Current,kA,"(30000,)",1,30000,float64,amm27930 (2).nc
27931,AMM,AMM_UHORW2,amm/uhorw2/data,Current,kA,"(30000,)",1,30000,float64,amm27931.nc
27932,AMM,AMM_UHORW2,amm/uhorw2/data,Current,kA,"(30000,)",1,30000,float64,amm27932.nc
27933,AMM,AMM_UHORW2,amm/uhorw2/data,Current,kA,"(30000,)",1,30000,float64,amm27933.nc
27934,AMM,AMM_UHORW2,amm/uhorw2/data,Current,kA,"(30000,)",1,30000,float64,amm27934.nc
27935,AMM,AMM_UHORW2,amm/uhorw2/data,Current,kA,"(30000,)",1,30000,float64,amm27935.nc
27936,AMM,AMM_UHORW2,amm/uhorw2/data,Current,kA,"(30000,)",1,30000,float64,amm27936.nc
27937,AMM,AMM_UHORW2,amm/uhorw2/data,Current,kA,"(30000,)",1,30000,float64,amm27937.nc
27938,AMM,AMM_UHORW2,amm/uhorw2/data,Current,kA,"(30000,)",1,30000,float64,amm27938.nc
27929,AMM,AMM_UHORW3,amm/uhorw3/data,Current,kA,"(30000,)",1,30000,float64,amm27929.nc
27930,AMM,AMM_UHORW3,amm/uhorw3/data,Current,kA,"(30000,)",1,30000,float64,amm27930 (2).nc
27931,AMM,AMM_UHORW3,amm/uhorw3/data,Current,kA,"(30000,)",1,30000,float64,amm27931.nc
27932,AMM,AMM_UHORW3,amm/uhorw3/data,Current,kA,"(30000,)",1,30000,float64,amm27932.nc
27933,AMM,AMM_UHORW3,amm/uhorw3/data,Current,kA,"(30000,)",1,30000,float64,amm27933.nc
27934,AMM,AMM_UHORW3,amm/uhorw3/data,Current,kA,"(30000,)",1,30000,float64,amm27934.nc
27935,AMM,AMM_UHORW3,amm/uhorw3/data,Current,kA,"(30000,)",1,30000,float64,amm27935.nc
27936,AMM,AMM_UHORW3,amm/uhorw3/data,Current,kA,"(30000,)",1,30000,float64,amm27936.nc
27937,AMM,AMM_UHORW3,amm/uhorw3/data,Current,kA,"(30000,)",1,30000,float64,amm27937.nc
27938,AMM,AMM_UHORW3,amm/uhorw3/data,Current,kA,"(30000,)",1,30000,float64,amm27938.nc
27929,AMM,AMM_UHORW4,amm/uhorw4/data,Current,kA,"(30000,)",1,30000,float64,amm27929.nc
27930,AMM,AMM_UHORW4,amm/uhorw4/data,Current,kA,"(30000,)",1,30000,float64,amm27930 (2).nc
27931,AMM,AMM_UHORW4,amm/uhorw4/data,Current,kA,"(30000,)",1,30000,float64,amm27931.nc
27932,AMM,AMM_UHORW4,amm/uhorw4/data,Current,kA,"(30000,)",1,30000,float64,amm27932.nc
27933,AMM,AMM_UHORW4,amm/uhorw4/data,Current,kA,"(30000,)",1,30000,float64,amm27933.nc
27934,AMM,AMM_UHORW4,amm/uhorw4/data,Current,kA,"(30000,)",1,30000,float64,amm27934.nc
27935,AMM,AMM_UHORW4,amm/uhorw4/data,Current,kA,"(30000,)",1,30000,float64,amm27935.nc
27936,AMM,AMM_UHORW4,amm/uhorw4/data,Current,kA,"(30000,)",1,30000,float64,amm27936.nc
27937,AMM,AMM_UHORW4,amm/uhorw4/data,Current,kA,"(30000,)",1,30000,float64,amm27937.nc
27938,AMM,AMM_UHORW4,amm/uhorw4/data,Current,kA,"(30000,)",1,30000,float64,amm27938.nc
27929,AMM,AMM_UHORW5,amm/uhorw5/data,Current,kA,"(30000,)",1,30000,float64,amm27929.nc
27930,AMM,AMM_UHORW5,amm/uhorw5/data,Current,kA,"(30000,)",1,30000,float64,amm27930 (2).nc
27931,AMM,AMM_UHORW5,amm/uhorw5/data,Current,kA,"(30000,)",1,30000,float64,amm27931.nc
27932,AMM,AMM_UHORW5,amm/uhorw5/data,Current,kA,"(30000,)",1,30000,float64,amm27932.nc
27933,AMM,AMM_UHORW5,amm/uhorw5/data,Current,kA,"(30000,)",1,30000,float64,amm27933.nc
27934,AMM,AMM_UHORW5,amm/uhorw5/data,Current,kA,"(30000,)",1,30000,float64,amm27934.nc
27935,AMM,AMM_UHORW5,amm/uhorw5/data,Current,kA,"(30000,)",1,30000,float64,amm27935.nc
27936,AMM,AMM_UHORW5,amm/uhorw5/data,Current,kA,"(30000,)",1,30000,float64,amm27936.nc
27937,AMM,AMM_UHORW5,amm/uhorw5/data,Current,kA,"(30000,)",1,30000,float64,amm27937.nc
27938,AMM,AMM_UHORW5,amm/uhorw5/data,Current,kA,"(30000,)",1,30000,float64,amm27938.nc
27929,AMM,AMM_UHORW6,amm/uhorw6/data,Current,kA,"(30000,)",1,30000,float64,amm27929.nc
27930,AMM,AMM_UHORW6,amm/uhorw6/data,Current,kA,"(30000,)",1,30000,float64,amm27930 (2).nc
27931,AMM,AMM_UHORW6,amm/uhorw6/data,Current,kA,"(30000,)",1,30000,float64,amm27931.nc
27932,AMM,AMM_UHORW6,amm/uhorw6/data,Current,kA,"(30000,)",1,30000,float64,amm27932.nc
27933,AMM,AMM_UHORW6,amm/uhorw6/data,Current,kA,"(30000,)",1,30000,float64,amm27933.nc
27934,AMM,AMM_UHORW6,amm/uhorw6/data,Current,kA,"(30000,)",1,30000,float64,amm27934.nc
27935,AMM,AMM_UHORW6,amm/uhorw6/data,Current,kA,"(30000,)",1,30000,float64,amm27935.nc
27936,AMM,AMM_UHORW6,amm/uhorw6/data,Current,kA,"(30000,)",1,30000,float64,amm27936.nc
27937,AMM,AMM_UHORW6,amm/uhorw6/data,Current,kA,"(30000,)",1,30000,float64,amm27937.nc
27938,AMM,AMM_UHORW6,amm/uhorw6/data,Current,kA,"(30000,)",1,30000,float64,amm27938.nc
27929,AMM,AMM_VERTW1,amm/vertw1/data,Current,kA,"(30000,)",1,30000,float64,amm27929.nc
27930,AMM,AMM_VERTW1,amm/vertw1/data,Current,kA,"(30000,)",1,30000,float64,amm27930 (2).nc
27931,AMM,AMM_VERTW1,amm/vertw1/data,Current,kA,"(30000,)",1,30000,float64,amm27931.nc
27932,AMM,AMM_VERTW1,amm/vertw1/data,Current,kA,"(30000,)",1,30000,float64,amm27932.nc
27933,AMM,AMM_VERTW1,amm/vertw1/data,Current,kA,"(30000,)",1,30000,float64,amm27933.nc
27934,AMM,AMM_VERTW1,amm/vertw1/data,Current,kA,"(30000,)",1,30000,float64,amm27934.nc
27935,AMM,AMM_VERTW1,amm/vertw1/data,Current,kA,"(30000,)",1,30000,float64,amm27935.nc
27936,AMM,AMM_VERTW1,amm/vertw1/data,Current,kA,"(30000,)",1,30000,float64,amm27936.nc
27937,AMM,AMM_VERTW1,amm/vertw1/data,Current,kA,"(30000,)",1,30000,float64,amm27937.nc
27938,AMM,AMM_VERTW1,amm/vertw1/data,Current,kA,"(30000,)",1,30000,float64,amm27938.nc
27929,AMM,AMM_VERTW2,amm/vertw2/data,Current,kA,"(30000,)",1,30000,float64,amm27929.nc
27930,AMM,AMM_VERTW2,amm/vertw2/data,Current,kA,"(30000,)",1,30000,float64,amm27930 (2).nc
27931,AMM,AMM_VERTW2,amm/vertw2/data,Current,kA,"(30000,)",1,30000,float64,amm27931.nc
27932,AMM,AMM_VERTW2,amm/vertw2/data,Current,kA,"(30000,)",1,30000,float64,amm27932.nc
27933,AMM,AMM_VERTW2,amm/vertw2/data,Current,kA,"(30000,)",1,30000,float64,amm27933.nc
27934,AMM,AMM_VERTW2,amm/vertw2/data,Current,kA,"(30000,)",1,30000,float64,amm27934.nc
27935,AMM,AMM_VERTW2,amm/vertw2/data,Current,kA,"(30000,)",1,30000,float64,amm27935.nc
27936,AMM,AMM_VERTW2,amm/vertw2/data,Current,kA,"(30000,)",1,30000,float64,amm27936.nc
27937,AMM,AMM_VERTW2,amm/vertw2/data,Current,kA,"(30000,)",1,30000,float64,amm27937.nc
27938,AMM,AMM_VERTW2,amm/vertw2/data,Current,kA,"(30000,)",1,30000,float64,amm27938.nc
27929,AMM,AMM_VERTW3,amm/vertw3/data,Current,kA,"(30000,)",1,30000,float64,amm27929.nc
27930,AMM,AMM_VERTW3,amm/vertw3/data,Current,kA,"(30000,)",1,30000,float64,amm27930 (2).nc
27931,AMM,AMM_VERTW3,amm/vertw3/data,Current,kA,"(30000,)",1,30000,float64,amm27931.nc
27932,AMM,AMM_VERTW3,amm/vertw3/data,Current,kA,"(30000,)",1,30000,float64,amm27932.nc
27933,AMM,AMM_VERTW3,amm/vertw3/data,Current,kA,"(30000,)",1,30000,float64,amm27933.nc
27934,AMM,AMM_VERTW3,amm/vertw3/data,Current,kA,"(30000,)",1,30000,float64,amm27934.nc
27935,AMM,AMM_VERTW3,amm/vertw3/data,Current,kA,"(30000,)",1,30000,float64,amm27935.nc
27936,AMM,AMM_VERTW3,amm/vertw3/data,Current,kA,"(30000,)",1,30000,float64,amm27936.nc
27937,AMM,AMM_VERTW3,amm/vertw3/data,Current,kA,"(30000,)",1,30000,float64,amm27937.nc
27938,AMM,AMM_VERTW3,amm/vertw3/data,Current,kA,"(30000,)",1,30000,float64,amm27938.nc
27929,AMM,AMM_VERTW4,amm/vertw4/data,Current,kA,"(30000,)",1,30000,float64,amm27929.nc
27930,AMM,AMM_VERTW4,amm/vertw4/data,Current,kA,"(30000,)",1,30000,float64,amm27930 (2).nc
27931,AMM,AMM_VERTW4,amm/vertw4/data,Current,kA,"(30000,)",1,30000,float64,amm27931.nc
27932,AMM,AMM_VERTW4,amm/vertw4/data,Current,kA,"(30000,)",1,30000,float64,amm27932.nc
27933,AMM,AMM_VERTW4,amm/vertw4/data,Current,kA,"(30000,)",1,30000,float64,amm27933.nc
27934,AMM,AMM_VERTW4,amm/vertw4/data,Current,kA,"(30000,)",1,30000,float64,amm27934.nc
27935,AMM,AMM_VERTW4,amm/vertw4/data,Current,kA,"(30000,)",1,30000,float64,amm27935.nc
27936,AMM,AMM_VERTW4,amm/vertw4/data,Current,kA,"(30000,)",1,30000,float64,amm27936.nc
27937,AMM,AMM_VERTW4,amm/vertw4/data,Current,kA,"(30000,)",1,30000,float64,amm27937.nc
27938,AMM,AMM_VERTW4,amm/vertw4/data,Current,kA,"(30000,)",1,30000,float64,amm27938.nc
27929,AMM,AMM_VERTW5,amm/vertw5/data,Current,kA,"(30000,)",1,30000,float64,amm27929.nc
27930,AMM,AMM_VERTW5,amm/vertw5/data,Current,kA,"(30000,)",1,30000,float64,amm27930 (2).nc
27931,AMM,AMM_VERTW5,amm/vertw5/data,Current,kA,"(30000,)",1,30000,float64,amm27931.nc
27932,AMM,AMM_VERTW5,amm/vertw5/data,Current,kA,"(30000,)",1,30000,float64,amm27932.nc
27933,AMM,AMM_VERTW5,amm/vertw5/data,Current,kA,"(30000,)",1,30000,float64,amm27933.nc
27934,AMM,AMM_VERTW5,amm/vertw5/data,Current,kA,"(30000,)",1,30000,float64,amm27934.nc
27935,AMM,AMM_VERTW5,amm/vertw5/data,Current,kA,"(30000,)",1,30000,float64,amm27935.nc
27936,AMM,AMM_VERTW5,amm/vertw5/data,Current,kA,"(30000,)",1,30000,float64,amm27936.nc
27937,AMM,AMM_VERTW5,amm/vertw5/data,Current,kA,"(30000,)",1,30000,float64,amm27937.nc
27938,AMM,AMM_VERTW5,amm/vertw5/data,Current,kA,"(30000,)",1,30000,float64,amm27938.nc
27929,AMM,AMM_VERTW6,amm/vertw6/data,Current,kA,"(30000,)",1,30000,float64,amm27929.nc
27930,AMM,AMM_VERTW6,amm/vertw6/data,Current,kA,"(30000,)",1,30000,float64,amm27930 (2).nc
27931,AMM,AMM_VERTW6,amm/vertw6/data,Current,kA,"(30000,)",1,30000,float64,amm27931.nc
27932,AMM,AMM_VERTW6,amm/vertw6/data,Current,kA,"(30000,)",1,30000,float64,amm27932.nc
27933,AMM,AMM_VERTW6,amm/vertw6/data,Current,kA,"(30000,)",1,30000,float64,amm27933.nc
27934,AMM,AMM_VERTW6,amm/vertw6/data,Current,kA,"(30000,)",1,30000,float64,amm27934.nc
27935,AMM,AMM_VERTW6,amm/vertw6/data,Current,kA,"(30000,)",1,30000,float64,amm27935.nc
27936,AMM,AMM_VERTW6,amm/vertw6/data,Current,kA,"(30000,)",1,30000,float64,amm27936.nc
27937,AMM,AMM_VERTW6,amm/vertw6/data,Current,kA,"(30000,)",1,30000,float64,amm27937.nc
27938,AMM,AMM_VERTW6,amm/vertw6/data,Current,kA,"(30000,)",1,30000,float64,amm27938.nc
27929,AMM,AMM_VERTW7,amm/vertw7/data,Current,kA,"(30000,)",1,30000,float64,amm27929.nc
27930,AMM,AMM_VERTW7,amm/vertw7/data,Current,kA,"(30000,)",1,30000,float64,amm27930 (2).nc
27931,AMM,AMM_VERTW7,amm/vertw7/data,Current,kA,"(30000,)",1,30000,float64,amm27931.nc
27932,AMM,AMM_VERTW7,amm/vertw7/data,Current,kA,"(30000,)",1,30000,float64,amm27932.nc
27933,AMM,AMM_VERTW7,amm/vertw7/data,Current,kA,"(30000,)",1,30000,float64,amm27933.nc
27934,AMM,AMM_VERTW7,amm/vertw7/data,Current,kA,"(30000,)",1,30000,float64,amm27934.nc
27935,AMM,AMM_VERTW7,amm/vertw7/data,Current,kA,"(30000,)",1,30000,float64,amm27935.nc
27936,AMM,AMM_VERTW7,amm/vertw7/data,Current,kA,"(30000,)",1,30000,float64,amm27936.nc
27937,AMM,AMM_VERTW7,amm/vertw7/data,Current,kA,"(30000,)",1,30000,float64,amm27937.nc
27938,AMM,AMM_VERTW7,amm/vertw7/data,Current,kA,"(30000,)",1,30000,float64,amm27938.nc
27929,AMM,AMM_VERTW8,amm/vertw8/data,Current,kA,"(30000,)",1,30000,float64,amm27929.nc
27930,AMM,AMM_VERTW8,amm/vertw8/data,Current,kA,"(30000,)",1,30000,float64,amm27930 (2).nc
27931,AMM,AMM_VERTW8,amm/vertw8/data,Current,kA,"(30000,)",1,30000,float64,amm27931.nc
27932,AMM,AMM_VERTW8,amm/vertw8/data,Current,kA,"(30000,)",1,30000,float64,amm27932.nc
27933,AMM,AMM_VERTW8,amm/vertw8/data,Current,kA,"(30000,)",1,30000,float64,amm27933.nc
27934,AMM,AMM_VERTW8,amm/vertw8/data,Current,kA,"(30000,)",1,30000,float64,amm27934.nc
27935,AMM,AMM_VERTW8,amm/vertw8/data,Current,kA,"(30000,)",1,30000,float64,amm27935.nc
27936,AMM,AMM_VERTW8,amm/vertw8/data,Current,kA,"(30000,)",1,30000,float64,amm27936.nc
27937,AMM,AMM_VERTW8,amm/vertw8/data,Current,kA,"(30000,)",1,30000,float64,amm27937.nc
27938,AMM,AMM_VERTW8,amm/vertw8/data,Current,kA,"(30000,)",1,30000,float64,amm27938.nc
27929,AMS,AMS_ACOEFF,ams/acoeff/data,,,"(1, 6, 35)",3,210,float32,ams27929.nc
27930,AMS,AMS_ACOEFF,ams/acoeff/data,,,"(1, 6, 35)",3,210,float32,ams27930 (2).nc
27931,AMS,AMS_ACOEFF,ams/acoeff/data,,,"(1, 6, 35)",3,210,float32,ams27931.nc
27932,AMS,AMS_ACOEFF,ams/acoeff/data,,,"(1, 6, 35)",3,210,float32,ams27932.nc
27933,AMS,AMS_ACOEFF,ams/acoeff/data,,,"(1, 6, 35)",3,210,float32,ams27933.nc
27934,AMS,AMS_ACOEFF,ams/acoeff/data,,,"(1, 6, 35)",3,210,float32,ams27934.nc
27935,AMS,AMS_ACOEFF,ams/acoeff/data,,,"(1, 6, 35)",3,210,float32,ams27935.nc
27936,AMS,AMS_ACOEFF,ams/acoeff/data,,,"(1, 6, 35)",3,210,float32,ams27936.nc
27937,AMS,AMS_ACOEFF,ams/acoeff/data,,,"(1, 6, 35)",3,210,float32,ams27937.nc
27938,AMS,AMS_ACOEFF,ams/acoeff/data,,,"(1, 6, 35)",3,210,float32,ams27938.nc
27929,AMS,AMS_BEAM_OK,ams/beam_ok/data,,,"(1,)",1,1,float32,ams27929.nc
27930,AMS,AMS_BEAM_OK,ams/beam_ok/data,,,"(1,)",1,1,float32,ams27930 (2).nc
27931,AMS,AMS_BEAM_OK,ams/beam_ok/data,,,"(1,)",1,1,float32,ams27931.nc
27932,AMS,AMS_BEAM_OK,ams/beam_ok/data,,,"(1,)",1,1,float32,ams27932.nc
27933,AMS,AMS_BEAM_OK,ams/beam_ok/data,,,"(1,)",1,1,float32,ams27933.nc
27934,AMS,AMS_BEAM_OK,ams/beam_ok/data,,,"(1,)",1,1,float32,ams27934.nc
27935,AMS,AMS_BEAM_OK,ams/beam_ok/data,,,"(1,)",1,1,float32,ams27935.nc
27936,AMS,AMS_BEAM_OK,ams/beam_ok/data,,,"(1,)",1,1,float32,ams27936.nc
27937,AMS,AMS_BEAM_OK,ams/beam_ok/data,,,"(1,)",1,1,float32,ams27937.nc
27938,AMS,AMS_BEAM_OK,ams/beam_ok/data,,,"(1,)",1,1,float32,ams27938.nc
27929,AMS,AMS_CH,ams/ch/data,,,"(1, 35)",2,35,float32,ams27929.nc
27930,AMS,AMS_CH,ams/ch/data,,,"(1, 35)",2,35,float32,ams27930 (2).nc
27931,AMS,AMS_CH,ams/ch/data,,,"(1, 35)",2,35,float32,ams27931.nc
27932,AMS,AMS_CH,ams/ch/data,,,"(1, 35)",2,35,float32,ams27932.nc
27933,AMS,AMS_CH,ams/ch/data,,,"(1, 35)",2,35,float32,ams27933.nc
27934,AMS,AMS_CH,ams/ch/data,,,"(1, 35)",2,35,float32,ams27934.nc
27935,AMS,AMS_CH,ams/ch/data,,,"(1, 35)",2,35,float32,ams27935.nc
27936,AMS,AMS_CH,ams/ch/data,,,"(1, 35)",2,35,float32,ams27936.nc
27937,AMS,AMS_CH,ams/ch/data,,,"(1, 35)",2,35,float32,ams27937.nc
27938,AMS,AMS_CH,ams/ch/data,,,"(1, 35)",2,35,float32,ams27938.nc
27929,AMS,AMS_COSBEAM,ams/cosbeam/data,,,"(1, 35)",2,35,float32,ams27929.nc
27930,AMS,AMS_COSBEAM,ams/cosbeam/data,,,"(1, 35)",2,35,float32,ams27930 (2).nc
27931,AMS,AMS_COSBEAM,ams/cosbeam/data,,,"(1, 35)",2,35,float32,ams27931.nc
27932,AMS,AMS_COSBEAM,ams/cosbeam/data,,,"(1, 35)",2,35,float32,ams27932.nc
27933,AMS,AMS_COSBEAM,ams/cosbeam/data,,,"(1, 35)",2,35,float32,ams27933.nc
27934,AMS,AMS_COSBEAM,ams/cosbeam/data,,,"(1, 35)",2,35,float32,ams27934.nc
27935,AMS,AMS_COSBEAM,ams/cosbeam/data,,,"(1, 35)",2,35,float32,ams27935.nc
27936,AMS,AMS_COSBEAM,ams/cosbeam/data,,,"(1, 35)",2,35,float32,ams27936.nc
27937,AMS,AMS_COSBEAM,ams/cosbeam/data,,,"(1, 35)",2,35,float32,ams27937.nc
27938,AMS,AMS_COSBEAM,ams/cosbeam/data,,,"(1, 35)",2,35,float32,ams27938.nc
27930,AMS,AMS_CPF,ams/cpf/data,,,"(1290, 35)",2,45150,float32,ams27930 (2).nc
27932,AMS,AMS_CPF,ams/cpf/data,,,"(1290, 35)",2,45150,float32,ams27932.nc
27933,AMS,AMS_CPF,ams/cpf/data,,,"(1290, 35)",2,45150,float32,ams27933.nc
27934,AMS,AMS_CPF,ams/cpf/data,,,"(1290, 35)",2,45150,float32,ams27934.nc
27935,AMS,AMS_CPF,ams/cpf/data,,,"(1290, 35)",2,45150,float32,ams27935.nc
27936,AMS,AMS_CPF,ams/cpf/data,,,"(1290, 35)",2,45150,float32,ams27936.nc
27937,AMS,AMS_CPF,ams/cpf/data,,,"(1290, 35)",2,45150,float32,ams27937.nc
27938,AMS,AMS_CPF,ams/cpf/data,,,"(1290, 35)",2,45150,float32,ams27938.nc
27930,AMS,AMS_CPFNOISE,ams/cpfnoise/data,,,"(1290, 35)",2,45150,float32,ams27930 (2).nc
27932,AMS,AMS_CPFNOISE,ams/cpfnoise/data,,,"(1290, 35)",2,45150,float32,ams27932.nc
27933,AMS,AMS_CPFNOISE,ams/cpfnoise/data,,,"(1290, 35)",2,45150,float32,ams27933.nc
27934,AMS,AMS_CPFNOISE,ams/cpfnoise/data,,,"(1290, 35)",2,45150,float32,ams27934.nc
27935,AMS,AMS_CPFNOISE,ams/cpfnoise/data,,,"(1290, 35)",2,45150,float32,ams27935.nc
27936,AMS,AMS_CPFNOISE,ams/cpfnoise/data,,,"(1290, 35)",2,45150,float32,ams27936.nc
27937,AMS,AMS_CPFNOISE,ams/cpfnoise/data,,,"(1290, 35)",2,45150,float32,ams27937.nc
27938,AMS,AMS_CPFNOISE,ams/cpfnoise/data,,,"(1290, 35)",2,45150,float32,ams27938.nc
27929,AMS,AMS_CWL,ams/cwl/data,,,"(1, 35)",2,35,float32,ams27929.nc
27930,AMS,AMS_CWL,ams/cwl/data,,,"(1, 35)",2,35,float32,ams27930 (2).nc
27931,AMS,AMS_CWL,ams/cwl/data,,,"(1, 35)",2,35,float32,ams27931.nc
27932,AMS,AMS_CWL,ams/cwl/data,,,"(1, 35)",2,35,float32,ams27932.nc
27933,AMS,AMS_CWL,ams/cwl/data,,,"(1, 35)",2,35,float32,ams27933.nc
27934,AMS,AMS_CWL,ams/cwl/data,,,"(1, 35)",2,35,float32,ams27934.nc
27935,AMS,AMS_CWL,ams/cwl/data,,,"(1, 35)",2,35,float32,ams27935.nc
27936,AMS,AMS_CWL,ams/cwl/data,,,"(1, 35)",2,35,float32,ams27936.nc
27937,AMS,AMS_CWL,ams/cwl/data,,,"(1, 35)",2,35,float32,ams27937.nc
27938,AMS,AMS_CWL,ams/cwl/data,,,"(1, 35)",2,35,float32,ams27938.nc
27929,AMS,AMS_DATETIME,ams/datetime/data,,2011-12-15T1,"(1, 19)",2,19,float32,ams27929.nc
27930,AMS,AMS_DATETIME,ams/datetime/data,,2011-12-15T1,"(1, 19)",2,19,float32,ams27930 (2).nc
27931,AMS,AMS_DATETIME,ams/datetime/data,,2011-12-15T1,"(1, 19)",2,19,float32,ams27931.nc
27932,AMS,AMS_DATETIME,ams/datetime/data,,2011-12-15T1,"(1, 19)",2,19,float32,ams27932.nc
27933,AMS,AMS_DATETIME,ams/datetime/data,,2011-12-15T1,"(1, 19)",2,19,float32,ams27933.nc
27934,AMS,AMS_DATETIME,ams/datetime/data,,2011-12-15T1,"(1, 19)",2,19,float32,ams27934.nc
27935,AMS,AMS_DATETIME,ams/datetime/data,,2011-12-15T1,"(1, 19)",2,19,float32,ams27935.nc
27936,AMS,AMS_DATETIME,ams/datetime/data,,2011-12-15T1,"(1, 19)",2,19,float32,ams27936.nc
27937,AMS,AMS_DATETIME,ams/datetime/data,,2011-12-15T1,"(1, 19)",2,19,float32,ams27937.nc
27938,AMS,AMS_DATETIME,ams/datetime/data,,2011-12-15T1,"(1, 19)",2,19,float32,ams27938.nc
27929,AMS,AMS_FILTERPN,ams/filterpn/data,,,"(1, 35)",2,35,float32,ams27929.nc
27930,AMS,AMS_FILTERPN,ams/filterpn/data,,,"(1, 35)",2,35,float32,ams27930 (2).nc
27931,AMS,AMS_FILTERPN,ams/filterpn/data,,,"(1, 35)",2,35,float32,ams27931.nc
27932,AMS,AMS_FILTERPN,ams/filterpn/data,,,"(1, 35)",2,35,float32,ams27932.nc
27933,AMS,AMS_FILTERPN,ams/filterpn/data,,,"(1, 35)",2,35,float32,ams27933.nc
27934,AMS,AMS_FILTERPN,ams/filterpn/data,,,"(1, 35)",2,35,float32,ams27934.nc
27935,AMS,AMS_FILTERPN,ams/filterpn/data,,,"(1, 35)",2,35,float32,ams27935.nc
27936,AMS,AMS_FILTERPN,ams/filterpn/data,,,"(1, 35)",2,35,float32,ams27936.nc
27937,AMS,AMS_FILTERPN,ams/filterpn/data,,,"(1, 35)",2,35,float32,ams27937.nc
27938,AMS,AMS_FILTERPN,ams/filterpn/data,,,"(1, 35)",2,35,float32,ams27938.nc
27929,AMS,AMS_FWHM,ams/fwhm/data,,,"(1, 35)",2,35,float32,ams27929.nc
27930,AMS,AMS_FWHM,ams/fwhm/data,,,"(1, 35)",2,35,float32,ams27930 (2).nc
27931,AMS,AMS_FWHM,ams/fwhm/data,,,"(1, 35)",2,35,float32,ams27931.nc
27932,AMS,AMS_FWHM,ams/fwhm/data,,,"(1, 35)",2,35,float32,ams27932.nc
27933,AMS,AMS_FWHM,ams/fwhm/data,,,"(1, 35)",2,35,float32,ams27933.nc
27934,AMS,AMS_FWHM,ams/fwhm/data,,,"(1, 35)",2,35,float32,ams27934.nc
27935,AMS,AMS_FWHM,ams/fwhm/data,,,"(1, 35)",2,35,float32,ams27935.nc
27936,AMS,AMS_FWHM,ams/fwhm/data,,,"(1, 35)",2,35,float32,ams27936.nc
27937,AMS,AMS_FWHM,ams/fwhm/data,,,"(1, 35)",2,35,float32,ams27937.nc
27938,AMS,AMS_FWHM,ams/fwhm/data,,,"(1, 35)",2,35,float32,ams27938.nc
27930,AMS,AMS_GAMMA,ams/gamma/data,,,"(1290, 35)",2,45150,float32,ams27930 (2).nc
27932,AMS,AMS_GAMMA,ams/gamma/data,,,"(1290, 35)",2,45150,float32,ams27932.nc
27933,AMS,AMS_GAMMA,ams/gamma/data,,,"(1290, 35)",2,45150,float32,ams27933.nc
27934,AMS,AMS_GAMMA,ams/gamma/data,,,"(1290, 35)",2,45150,float32,ams27934.nc
27935,AMS,AMS_GAMMA,ams/gamma/data,,,"(1290, 35)",2,45150,float32,ams27935.nc
27936,AMS,AMS_GAMMA,ams/gamma/data,,,"(1290, 35)",2,45150,float32,ams27936.nc
27937,AMS,AMS_GAMMA,ams/gamma/data,,,"(1290, 35)",2,45150,float32,ams27937.nc
27938,AMS,AMS_GAMMA,ams/gamma/data,,,"(1290, 35)",2,45150,float32,ams27938.nc
27930,AMS,AMS_GAMMANOISE,ams/gammanoise/data,,,"(1290, 35)",2,45150,float32,ams27930 (2).nc
27932,AMS,AMS_GAMMANOISE,ams/gammanoise/data,,,"(1290, 35)",2,45150,float32,ams27932.nc
27933,AMS,AMS_GAMMANOISE,ams/gammanoise/data,,,"(1290, 35)",2,45150,float32,ams27933.nc
27934,AMS,AMS_GAMMANOISE,ams/gammanoise/data,,,"(1290, 35)",2,45150,float32,ams27934.nc
27935,AMS,AMS_GAMMANOISE,ams/gammanoise/data,,,"(1290, 35)",2,45150,float32,ams27935.nc
27936,AMS,AMS_GAMMANOISE,ams/gammanoise/data,,,"(1290, 35)",2,45150,float32,ams27936.nc
27937,AMS,AMS_GAMMANOISE,ams/gammanoise/data,,,"(1290, 35)",2,45150,float32,ams27937.nc
27938,AMS,AMS_GAMMANOISE,ams/gammanoise/data,,,"(1290, 35)",2,45150,float32,ams27938.nc
27930,AMS,AMS_LPF,ams/lpf/data,,,"(1290, 35)",2,45150,float32,ams27930 (2).nc
27932,AMS,AMS_LPF,ams/lpf/data,,,"(1290, 35)",2,45150,float32,ams27932.nc
27933,AMS,AMS_LPF,ams/lpf/data,,,"(1290, 35)",2,45150,float32,ams27933.nc
27934,AMS,AMS_LPF,ams/lpf/data,,,"(1290, 35)",2,45150,float32,ams27934.nc
27935,AMS,AMS_LPF,ams/lpf/data,,,"(1290, 35)",2,45150,float32,ams27935.nc
27936,AMS,AMS_LPF,ams/lpf/data,,,"(1290, 35)",2,45150,float32,ams27936.nc
27937,AMS,AMS_LPF,ams/lpf/data,,,"(1290, 35)",2,45150,float32,ams27937.nc
27938,AMS,AMS_LPF,ams/lpf/data,,,"(1290, 35)",2,45150,float32,ams27938.nc
27930,AMS,AMS_LPFNOISE,ams/lpfnoise/data,,,"(1290, 35)",2,45150,float32,ams27930 (2).nc
27932,AMS,AMS_LPFNOISE,ams/lpfnoise/data,,,"(1290, 35)",2,45150,float32,ams27932.nc
27933,AMS,AMS_LPFNOISE,ams/lpfnoise/data,,,"(1290, 35)",2,45150,float32,ams27933.nc
27934,AMS,AMS_LPFNOISE,ams/lpfnoise/data,,,"(1290, 35)",2,45150,float32,ams27934.nc
27935,AMS,AMS_LPFNOISE,ams/lpfnoise/data,,,"(1290, 35)",2,45150,float32,ams27935.nc
27936,AMS,AMS_LPFNOISE,ams/lpfnoise/data,,,"(1290, 35)",2,45150,float32,ams27936.nc
27937,AMS,AMS_LPFNOISE,ams/lpfnoise/data,,,"(1290, 35)",2,45150,float32,ams27937.nc
27938,AMS,AMS_LPFNOISE,ams/lpfnoise/data,,,"(1290, 35)",2,45150,float32,ams27938.nc
27929,AMS,AMS_MD,ams/md/data,,,"(1, 35)",2,35,float32,ams27929.nc
27930,AMS,AMS_MD,ams/md/data,,,"(1, 35)",2,35,float32,ams27930 (2).nc
27931,AMS,AMS_MD,ams/md/data,,,"(1, 35)",2,35,float32,ams27931.nc
27932,AMS,AMS_MD,ams/md/data,,,"(1, 35)",2,35,float32,ams27932.nc
27933,AMS,AMS_MD,ams/md/data,,,"(1, 35)",2,35,float32,ams27933.nc
27934,AMS,AMS_MD,ams/md/data,,,"(1, 35)",2,35,float32,ams27934.nc
27935,AMS,AMS_MD,ams/md/data,,,"(1, 35)",2,35,float32,ams27935.nc
27936,AMS,AMS_MD,ams/md/data,,,"(1, 35)",2,35,float32,ams27936.nc
27937,AMS,AMS_MD,ams/md/data,,,"(1, 35)",2,35,float32,ams27937.nc
27938,AMS,AMS_MD,ams/md/data,,,"(1, 35)",2,35,float32,ams27938.nc
27929,AMS,AMS_OFFSET,ams/offset/data,,,"(1, 35)",2,35,float32,ams27929.nc
27930,AMS,AMS_OFFSET,ams/offset/data,,,"(1, 35)",2,35,float32,ams27930 (2).nc
27931,AMS,AMS_OFFSET,ams/offset/data,,,"(1, 35)",2,35,float32,ams27931.nc
27932,AMS,AMS_OFFSET,ams/offset/data,,,"(1, 35)",2,35,float32,ams27932.nc
27933,AMS,AMS_OFFSET,ams/offset/data,,,"(1, 35)",2,35,float32,ams27933.nc
27934,AMS,AMS_OFFSET,ams/offset/data,,,"(1, 35)",2,35,float32,ams27934.nc
27935,AMS,AMS_OFFSET,ams/offset/data,,,"(1, 35)",2,35,float32,ams27935.nc
27936,AMS,AMS_OFFSET,ams/offset/data,,,"(1, 35)",2,35,float32,ams27936.nc
27937,AMS,AMS_OFFSET,ams/offset/data,,,"(1, 35)",2,35,float32,ams27937.nc
27938,AMS,AMS_OFFSET,ams/offset/data,,,"(1, 35)",2,35,float32,ams27938.nc
27929,AMS,AMS_PASSNUMBER,ams/passnumber/data,Pass,Pass,"(1,)",1,1,int32,ams27929.nc
27930,AMS,AMS_PASSNUMBER,ams/passnumber/data,Pass,Pass,"(1,)",1,1,int32,ams27930 (2).nc
27931,AMS,AMS_PASSNUMBER,ams/passnumber/data,Pass,Pass,"(1,)",1,1,int32,ams27931.nc
27932,AMS,AMS_PASSNUMBER,ams/passnumber/data,Pass,Pass,"(1,)",1,1,int32,ams27932.nc
27933,AMS,AMS_PASSNUMBER,ams/passnumber/data,Pass,Pass,"(1,)",1,1,int32,ams27933.nc
27934,AMS,AMS_PASSNUMBER,ams/passnumber/data,Pass,Pass,"(1,)",1,1,int32,ams27934.nc
27935,AMS,AMS_PASSNUMBER,ams/passnumber/data,Pass,Pass,"(1,)",1,1,int32,ams27935.nc
27936,AMS,AMS_PASSNUMBER,ams/passnumber/data,Pass,Pass,"(1,)",1,1,int32,ams27936.nc
27937,AMS,AMS_PASSNUMBER,ams/passnumber/data,Pass,Pass,"(1,)",1,1,int32,ams27937.nc
27938,AMS,AMS_PASSNUMBER,ams/passnumber/data,Pass,Pass,"(1,)",1,1,int32,ams27938.nc
27930,AMS,AMS_PEM1_FREQ,ams/pem1_freq/data,,,"(1,)",1,1,float32,ams27930 (2).nc
27932,AMS,AMS_PEM1_FREQ,ams/pem1_freq/data,,,"(1,)",1,1,float32,ams27932.nc
27933,AMS,AMS_PEM1_FREQ,ams/pem1_freq/data,,,"(1,)",1,1,float32,ams27933.nc
27934,AMS,AMS_PEM1_FREQ,ams/pem1_freq/data,,,"(1,)",1,1,float32,ams27934.nc
27935,AMS,AMS_PEM1_FREQ,ams/pem1_freq/data,,,"(1,)",1,1,float32,ams27935.nc
27936,AMS,AMS_PEM1_FREQ,ams/pem1_freq/data,,,"(1,)",1,1,float32,ams27936.nc
27937,AMS,AMS_PEM1_FREQ,ams/pem1_freq/data,,,"(1,)",1,1,float32,ams27937.nc
27938,AMS,AMS_PEM1_FREQ,ams/pem1_freq/data,,,"(1,)",1,1,float32,ams27938.nc
27930,AMS,AMS_PEM2_FREQ,ams/pem2_freq/data,,,"(1,)",1,1,float32,ams27930 (2).nc
27932,AMS,AMS_PEM2_FREQ,ams/pem2_freq/data,,,"(1,)",1,1,float32,ams27932.nc
27933,AMS,AMS_PEM2_FREQ,ams/pem2_freq/data,,,"(1,)",1,1,float32,ams27933.nc
27934,AMS,AMS_PEM2_FREQ,ams/pem2_freq/data,,,"(1,)",1,1,float32,ams27934.nc
27935,AMS,AMS_PEM2_FREQ,ams/pem2_freq/data,,,"(1,)",1,1,float32,ams27935.nc
27936,AMS,AMS_PEM2_FREQ,ams/pem2_freq/data,,,"(1,)",1,1,float32,ams27936.nc
27937,AMS,AMS_PEM2_FREQ,ams/pem2_freq/data,,,"(1,)",1,1,float32,ams27937.nc
27938,AMS,AMS_PEM2_FREQ,ams/pem2_freq/data,,,"(1,)",1,1,float32,ams27938.nc
27930,AMS,AMS_PHASE1,ams/phase1/data,,,"(1, 35)",2,35,float32,ams27930 (2).nc
27932,AMS,AMS_PHASE1,ams/phase1/data,,,"(1, 35)",2,35,float32,ams27932.nc
27933,AMS,AMS_PHASE1,ams/phase1/data,,,"(1, 35)",2,35,float32,ams27933.nc
27934,AMS,AMS_PHASE1,ams/phase1/data,,,"(1, 35)",2,35,float32,ams27934.nc
27935,AMS,AMS_PHASE1,ams/phase1/data,,,"(1, 35)",2,35,float32,ams27935.nc
27936,AMS,AMS_PHASE1,ams/phase1/data,,,"(1, 35)",2,35,float32,ams27936.nc
27937,AMS,AMS_PHASE1,ams/phase1/data,,,"(1, 35)",2,35,float32,ams27937.nc
27938,AMS,AMS_PHASE1,ams/phase1/data,,,"(1, 35)",2,35,float32,ams27938.nc
27930,AMS,AMS_PHASE2,ams/phase2/data,,,"(1, 35)",2,35,float32,ams27930 (2).nc
27932,AMS,AMS_PHASE2,ams/phase2/data,,,"(1, 35)",2,35,float32,ams27932.nc
27933,AMS,AMS_PHASE2,ams/phase2/data,,,"(1, 35)",2,35,float32,ams27933.nc
27934,AMS,AMS_PHASE2,ams/phase2/data,,,"(1, 35)",2,35,float32,ams27934.nc
27935,AMS,AMS_PHASE2,ams/phase2/data,,,"(1, 35)",2,35,float32,ams27935.nc
27936,AMS,AMS_PHASE2,ams/phase2/data,,,"(1, 35)",2,35,float32,ams27936.nc
27937,AMS,AMS_PHASE2,ams/phase2/data,,,"(1, 35)",2,35,float32,ams27937.nc
27938,AMS,AMS_PHASE2,ams/phase2/data,,,"(1, 35)",2,35,float32,ams27938.nc
27930,AMS,AMS_PITCHA,ams/pitcha/data,,,"(1290, 35)",2,45150,float32,ams27930 (2).nc
27932,AMS,AMS_PITCHA,ams/pitcha/data,,,"(1290, 35)",2,45150,float32,ams27932.nc
27933,AMS,AMS_PITCHA,ams/pitcha/data,,,"(1290, 35)",2,45150,float32,ams27933.nc
27934,AMS,AMS_PITCHA,ams/pitcha/data,,,"(1290, 35)",2,45150,float32,ams27934.nc
27935,AMS,AMS_PITCHA,ams/pitcha/data,,,"(1290, 35)",2,45150,float32,ams27935.nc
27936,AMS,AMS_PITCHA,ams/pitcha/data,,,"(1290, 35)",2,45150,float32,ams27936.nc
27937,AMS,AMS_PITCHA,ams/pitcha/data,,,"(1290, 35)",2,45150,float32,ams27937.nc
27938,AMS,AMS_PITCHA,ams/pitcha/data,,,"(1290, 35)",2,45150,float32,ams27938.nc
27930,AMS,AMS_PITCHANOISE,ams/pitchanoise/data,,,"(1290, 35)",2,45150,float32,ams27930 (2).nc
27932,AMS,AMS_PITCHANOISE,ams/pitchanoise/data,,,"(1290, 35)",2,45150,float32,ams27932.nc
27933,AMS,AMS_PITCHANOISE,ams/pitchanoise/data,,,"(1290, 35)",2,45150,float32,ams27933.nc
27934,AMS,AMS_PITCHANOISE,ams/pitchanoise/data,,,"(1290, 35)",2,45150,float32,ams27934.nc
27935,AMS,AMS_PITCHANOISE,ams/pitchanoise/data,,,"(1290, 35)",2,45150,float32,ams27935.nc
27936,AMS,AMS_PITCHANOISE,ams/pitchanoise/data,,,"(1290, 35)",2,45150,float32,ams27936.nc
27937,AMS,AMS_PITCHANOISE,ams/pitchanoise/data,,,"(1290, 35)",2,45150,float32,ams27937.nc
27938,AMS,AMS_PITCHANOISE,ams/pitchanoise/data,,,"(1290, 35)",2,45150,float32,ams27938.nc
27930,AMS,AMS_Q0_KAPPA1.85_2PT,ams/q0_kappa1.85_2pt/data,,,"(1290,)",1,1290,float32,ams27930 (2).nc
27932,AMS,AMS_Q0_KAPPA1.85_2PT,ams/q0_kappa1.85_2pt/data,,,"(1290,)",1,1290,float32,ams27932.nc
27933,AMS,AMS_Q0_KAPPA1.85_2PT,ams/q0_kappa1.85_2pt/data,,,"(1290,)",1,1290,float32,ams27933.nc
27934,AMS,AMS_Q0_KAPPA1.85_2PT,ams/q0_kappa1.85_2pt/data,,,"(1290,)",1,1290,float32,ams27934.nc
27935,AMS,AMS_Q0_KAPPA1.85_2PT,ams/q0_kappa1.85_2pt/data,,,"(1290,)",1,1290,float32,ams27935.nc
27936,AMS,AMS_Q0_KAPPA1.85_2PT,ams/q0_kappa1.85_2pt/data,,,"(1290,)",1,1290,float32,ams27936.nc
27937,AMS,AMS_Q0_KAPPA1.85_2PT,ams/q0_kappa1.85_2pt/data,,,"(1290,)",1,1290,float32,ams27937.nc
27938,AMS,AMS_Q0_KAPPA1.85_2PT,ams/q0_kappa1.85_2pt/data,,,"(1290,)",1,1290,float32,ams27938.nc
27930,AMS,AMS_Q0_KAPPA1.85_4PT,ams/q0_kappa1.85_4pt/data,,,"(1290,)",1,1290,float32,ams27930 (2).nc
27932,AMS,AMS_Q0_KAPPA1.85_4PT,ams/q0_kappa1.85_4pt/data,,,"(1290,)",1,1290,float32,ams27932.nc
27933,AMS,AMS_Q0_KAPPA1.85_4PT,ams/q0_kappa1.85_4pt/data,,,"(1290,)",1,1290,float32,ams27933.nc
27934,AMS,AMS_Q0_KAPPA1.85_4PT,ams/q0_kappa1.85_4pt/data,,,"(1290,)",1,1290,float32,ams27934.nc
27935,AMS,AMS_Q0_KAPPA1.85_4PT,ams/q0_kappa1.85_4pt/data,,,"(1290,)",1,1290,float32,ams27935.nc
27936,AMS,AMS_Q0_KAPPA1.85_4PT,ams/q0_kappa1.85_4pt/data,,,"(1290,)",1,1290,float32,ams27936.nc
27937,AMS,AMS_Q0_KAPPA1.85_4PT,ams/q0_kappa1.85_4pt/data,,,"(1290,)",1,1290,float32,ams27937.nc
27938,AMS,AMS_Q0_KAPPA1.85_4PT,ams/q0_kappa1.85_4pt/data,,,"(1290,)",1,1290,float32,ams27938.nc
27930,AMS,AMS_RAX_2PT,ams/rax_2pt/data,,,"(1290,)",1,1290,float32,ams27930 (2).nc
27932,AMS,AMS_RAX_2PT,ams/rax_2pt/data,,,"(1290,)",1,1290,float32,ams27932.nc
27933,AMS,AMS_RAX_2PT,ams/rax_2pt/data,,,"(1290,)",1,1290,float32,ams27933.nc
27934,AMS,AMS_RAX_2PT,ams/rax_2pt/data,,,"(1290,)",1,1290,float32,ams27934.nc
27935,AMS,AMS_RAX_2PT,ams/rax_2pt/data,,,"(1290,)",1,1290,float32,ams27935.nc
27936,AMS,AMS_RAX_2PT,ams/rax_2pt/data,,,"(1290,)",1,1290,float32,ams27936.nc
27937,AMS,AMS_RAX_2PT,ams/rax_2pt/data,,,"(1290,)",1,1290,float32,ams27937.nc
27938,AMS,AMS_RAX_2PT,ams/rax_2pt/data,,,"(1290,)",1,1290,float32,ams27938.nc
27930,AMS,AMS_RAX_4PT,ams/rax_4pt/data,,,"(1290,)",1,1290,float32,ams27930 (2).nc
27932,AMS,AMS_RAX_4PT,ams/rax_4pt/data,,,"(1290,)",1,1290,float32,ams27932.nc
27933,AMS,AMS_RAX_4PT,ams/rax_4pt/data,,,"(1290,)",1,1290,float32,ams27933.nc
27934,AMS,AMS_RAX_4PT,ams/rax_4pt/data,,,"(1290,)",1,1290,float32,ams27934.nc
27935,AMS,AMS_RAX_4PT,ams/rax_4pt/data,,,"(1290,)",1,1290,float32,ams27935.nc
27936,AMS,AMS_RAX_4PT,ams/rax_4pt/data,,,"(1290,)",1,1290,float32,ams27936.nc
27937,AMS,AMS_RAX_4PT,ams/rax_4pt/data,,,"(1290,)",1,1290,float32,ams27937.nc
27938,AMS,AMS_RAX_4PT,ams/rax_4pt/data,,,"(1290,)",1,1290,float32,ams27938.nc
27930,AMS,AMS_RETAR1,ams/retar1/data,,,"(1, 35)",2,35,float32,ams27930 (2).nc
27932,AMS,AMS_RETAR1,ams/retar1/data,,,"(1, 35)",2,35,float32,ams27932.nc
27933,AMS,AMS_RETAR1,ams/retar1/data,,,"(1, 35)",2,35,float32,ams27933.nc
27934,AMS,AMS_RETAR1,ams/retar1/data,,,"(1, 35)",2,35,float32,ams27934.nc
27935,AMS,AMS_RETAR1,ams/retar1/data,,,"(1, 35)",2,35,float32,ams27935.nc
27936,AMS,AMS_RETAR1,ams/retar1/data,,,"(1, 35)",2,35,float32,ams27936.nc
27937,AMS,AMS_RETAR1,ams/retar1/data,,,"(1, 35)",2,35,float32,ams27937.nc
27938,AMS,AMS_RETAR1,ams/retar1/data,,,"(1, 35)",2,35,float32,ams27938.nc
27930,AMS,AMS_RETAR2,ams/retar2/data,,,"(1, 35)",2,35,float32,ams27930 (2).nc
27932,AMS,AMS_RETAR2,ams/retar2/data,,,"(1, 35)",2,35,float32,ams27932.nc
27933,AMS,AMS_RETAR2,ams/retar2/data,,,"(1, 35)",2,35,float32,ams27933.nc
27934,AMS,AMS_RETAR2,ams/retar2/data,,,"(1, 35)",2,35,float32,ams27934.nc
27935,AMS,AMS_RETAR2,ams/retar2/data,,,"(1, 35)",2,35,float32,ams27935.nc
27936,AMS,AMS_RETAR2,ams/retar2/data,,,"(1, 35)",2,35,float32,ams27936.nc
27937,AMS,AMS_RETAR2,ams/retar2/data,,,"(1, 35)",2,35,float32,ams27937.nc
27938,AMS,AMS_RETAR2,ams/retar2/data,,,"(1, 35)",2,35,float32,ams27938.nc
27929,AMS,AMS_RPOS,ams/rpos/data,,,"(1, 35)",2,35,float32,ams27929.nc
27930,AMS,AMS_RPOS,ams/rpos/data,,,"(1, 35)",2,35,float32,ams27930 (2).nc
27931,AMS,AMS_RPOS,ams/rpos/data,,,"(1, 35)",2,35,float32,ams27931.nc
27932,AMS,AMS_RPOS,ams/rpos/data,,,"(1, 35)",2,35,float32,ams27932.nc
27933,AMS,AMS_RPOS,ams/rpos/data,,,"(1, 35)",2,35,float32,ams27933.nc
27934,AMS,AMS_RPOS,ams/rpos/data,,,"(1, 35)",2,35,float32,ams27934.nc
27935,AMS,AMS_RPOS,ams/rpos/data,,,"(1, 35)",2,35,float32,ams27935.nc
27936,AMS,AMS_RPOS,ams/rpos/data,,,"(1, 35)",2,35,float32,ams27936.nc
27937,AMS,AMS_RPOS,ams/rpos/data,,,"(1, 35)",2,35,float32,ams27937.nc
27938,AMS,AMS_RPOS,ams/rpos/data,,,"(1, 35)",2,35,float32,ams27938.nc
27929,AMS,AMS_RUNPARAMETERS,ams/runparameters/data,,<?xml versio,"(1, 2219)",2,2219,float32,ams27929.nc
27930,AMS,AMS_RUNPARAMETERS,ams/runparameters/data,,<?xml versio,"(1, 2219)",2,2219,float32,ams27930 (2).nc
27931,AMS,AMS_RUNPARAMETERS,ams/runparameters/data,,<?xml versio,"(1, 2219)",2,2219,float32,ams27931.nc
27932,AMS,AMS_RUNPARAMETERS,ams/runparameters/data,,<?xml versio,"(1, 2219)",2,2219,float32,ams27932.nc
27933,AMS,AMS_RUNPARAMETERS,ams/runparameters/data,,<?xml versio,"(1, 2219)",2,2219,float32,ams27933.nc
27934,AMS,AMS_RUNPARAMETERS,ams/runparameters/data,,<?xml versio,"(1, 2219)",2,2219,float32,ams27934.nc
27935,AMS,AMS_RUNPARAMETERS,ams/runparameters/data,,<?xml versio,"(1, 2219)",2,2219,float32,ams27935.nc
27936,AMS,AMS_RUNPARAMETERS,ams/runparameters/data,,<?xml versio,"(1, 2219)",2,2219,float32,ams27936.nc
27937,AMS,AMS_RUNPARAMETERS,ams/runparameters/data,,<?xml versio,"(1, 2219)",2,2219,float32,ams27937.nc
27938,AMS,AMS_RUNPARAMETERS,ams/runparameters/data,,<?xml versio,"(1, 2219)",2,2219,float32,ams27938.nc
27930,AMS,AMS_S0,ams/s0/data,,,"(1290, 35)",2,45150,float32,ams27930 (2).nc
27932,AMS,AMS_S0,ams/s0/data,,,"(1290, 35)",2,45150,float32,ams27932.nc
27933,AMS,AMS_S0,ams/s0/data,,,"(1290, 35)",2,45150,float32,ams27933.nc
27934,AMS,AMS_S0,ams/s0/data,,,"(1290, 35)",2,45150,float32,ams27934.nc
27935,AMS,AMS_S0,ams/s0/data,,,"(1290, 35)",2,45150,float32,ams27935.nc
27936,AMS,AMS_S0,ams/s0/data,,,"(1290, 35)",2,45150,float32,ams27936.nc
27937,AMS,AMS_S0,ams/s0/data,,,"(1290, 35)",2,45150,float32,ams27937.nc
27938,AMS,AMS_S0,ams/s0/data,,,"(1290, 35)",2,45150,float32,ams27938.nc
27930,AMS,AMS_S0NOISE,ams/s0noise/data,,,"(1290, 35)",2,45150,float32,ams27930 (2).nc
27932,AMS,AMS_S0NOISE,ams/s0noise/data,,,"(1290, 35)",2,45150,float32,ams27932.nc
27933,AMS,AMS_S0NOISE,ams/s0noise/data,,,"(1290, 35)",2,45150,float32,ams27933.nc
27934,AMS,AMS_S0NOISE,ams/s0noise/data,,,"(1290, 35)",2,45150,float32,ams27934.nc
27935,AMS,AMS_S0NOISE,ams/s0noise/data,,,"(1290, 35)",2,45150,float32,ams27935.nc
27936,AMS,AMS_S0NOISE,ams/s0noise/data,,,"(1290, 35)",2,45150,float32,ams27936.nc
27937,AMS,AMS_S0NOISE,ams/s0noise/data,,,"(1290, 35)",2,45150,float32,ams27937.nc
27938,AMS,AMS_S0NOISE,ams/s0noise/data,,,"(1290, 35)",2,45150,float32,ams27938.nc
27930,AMS,AMS_S1,ams/s1/data,,,"(1290, 35)",2,45150,float32,ams27930 (2).nc
27932,AMS,AMS_S1,ams/s1/data,,,"(1290, 35)",2,45150,float32,ams27932.nc
27933,AMS,AMS_S1,ams/s1/data,,,"(1290, 35)",2,45150,float32,ams27933.nc
27934,AMS,AMS_S1,ams/s1/data,,,"(1290, 35)",2,45150,float32,ams27934.nc
27935,AMS,AMS_S1,ams/s1/data,,,"(1290, 35)",2,45150,float32,ams27935.nc
27936,AMS,AMS_S1,ams/s1/data,,,"(1290, 35)",2,45150,float32,ams27936.nc
27937,AMS,AMS_S1,ams/s1/data,,,"(1290, 35)",2,45150,float32,ams27937.nc
27938,AMS,AMS_S1,ams/s1/data,,,"(1290, 35)",2,45150,float32,ams27938.nc
27930,AMS,AMS_S1NOISE,ams/s1noise/data,,,"(1290, 35)",2,45150,float32,ams27930 (2).nc
27932,AMS,AMS_S1NOISE,ams/s1noise/data,,,"(1290, 35)",2,45150,float32,ams27932.nc
27933,AMS,AMS_S1NOISE,ams/s1noise/data,,,"(1290, 35)",2,45150,float32,ams27933.nc
27934,AMS,AMS_S1NOISE,ams/s1noise/data,,,"(1290, 35)",2,45150,float32,ams27934.nc
27935,AMS,AMS_S1NOISE,ams/s1noise/data,,,"(1290, 35)",2,45150,float32,ams27935.nc
27936,AMS,AMS_S1NOISE,ams/s1noise/data,,,"(1290, 35)",2,45150,float32,ams27936.nc
27937,AMS,AMS_S1NOISE,ams/s1noise/data,,,"(1290, 35)",2,45150,float32,ams27937.nc
27938,AMS,AMS_S1NOISE,ams/s1noise/data,,,"(1290, 35)",2,45150,float32,ams27938.nc
27930,AMS,AMS_S2,ams/s2/data,,,"(1290, 35)",2,45150,float32,ams27930 (2).nc
27932,AMS,AMS_S2,ams/s2/data,,,"(1290, 35)",2,45150,float32,ams27932.nc
27933,AMS,AMS_S2,ams/s2/data,,,"(1290, 35)",2,45150,float32,ams27933.nc
27934,AMS,AMS_S2,ams/s2/data,,,"(1290, 35)",2,45150,float32,ams27934.nc
27935,AMS,AMS_S2,ams/s2/data,,,"(1290, 35)",2,45150,float32,ams27935.nc
27936,AMS,AMS_S2,ams/s2/data,,,"(1290, 35)",2,45150,float32,ams27936.nc
27937,AMS,AMS_S2,ams/s2/data,,,"(1290, 35)",2,45150,float32,ams27937.nc
27938,AMS,AMS_S2,ams/s2/data,,,"(1290, 35)",2,45150,float32,ams27938.nc
27930,AMS,AMS_S2NOISE,ams/s2noise/data,,,"(1290, 35)",2,45150,float32,ams27930 (2).nc
27932,AMS,AMS_S2NOISE,ams/s2noise/data,,,"(1290, 35)",2,45150,float32,ams27932.nc
27933,AMS,AMS_S2NOISE,ams/s2noise/data,,,"(1290, 35)",2,45150,float32,ams27933.nc
27934,AMS,AMS_S2NOISE,ams/s2noise/data,,,"(1290, 35)",2,45150,float32,ams27934.nc
27935,AMS,AMS_S2NOISE,ams/s2noise/data,,,"(1290, 35)",2,45150,float32,ams27935.nc
27936,AMS,AMS_S2NOISE,ams/s2noise/data,,,"(1290, 35)",2,45150,float32,ams27936.nc
27937,AMS,AMS_S2NOISE,ams/s2noise/data,,,"(1290, 35)",2,45150,float32,ams27937.nc
27938,AMS,AMS_S2NOISE,ams/s2noise/data,,,"(1290, 35)",2,45150,float32,ams27938.nc
27930,AMS,AMS_S3,ams/s3/data,,,"(1290, 35)",2,45150,float32,ams27930 (2).nc
27932,AMS,AMS_S3,ams/s3/data,,,"(1290, 35)",2,45150,float32,ams27932.nc
27933,AMS,AMS_S3,ams/s3/data,,,"(1290, 35)",2,45150,float32,ams27933.nc
27934,AMS,AMS_S3,ams/s3/data,,,"(1290, 35)",2,45150,float32,ams27934.nc
27935,AMS,AMS_S3,ams/s3/data,,,"(1290, 35)",2,45150,float32,ams27935.nc
27936,AMS,AMS_S3,ams/s3/data,,,"(1290, 35)",2,45150,float32,ams27936.nc
27937,AMS,AMS_S3,ams/s3/data,,,"(1290, 35)",2,45150,float32,ams27937.nc
27938,AMS,AMS_S3,ams/s3/data,,,"(1290, 35)",2,45150,float32,ams27938.nc
27930,AMS,AMS_S3NOISE,ams/s3noise/data,,,"(1290, 35)",2,45150,float32,ams27930 (2).nc
27932,AMS,AMS_S3NOISE,ams/s3noise/data,,,"(1290, 35)",2,45150,float32,ams27932.nc
27933,AMS,AMS_S3NOISE,ams/s3noise/data,,,"(1290, 35)",2,45150,float32,ams27933.nc
27934,AMS,AMS_S3NOISE,ams/s3noise/data,,,"(1290, 35)",2,45150,float32,ams27934.nc
27935,AMS,AMS_S3NOISE,ams/s3noise/data,,,"(1290, 35)",2,45150,float32,ams27935.nc
27936,AMS,AMS_S3NOISE,ams/s3noise/data,,,"(1290, 35)",2,45150,float32,ams27936.nc
27937,AMS,AMS_S3NOISE,ams/s3noise/data,,,"(1290, 35)",2,45150,float32,ams27937.nc
27938,AMS,AMS_S3NOISE,ams/s3noise/data,,,"(1290, 35)",2,45150,float32,ams27938.nc
27929,AMS,AMS_STATUS,ams/status/data,Status,Status,"(1,)",1,1,int32,ams27929.nc
27930,AMS,AMS_STATUS,ams/status/data,Status,Status,"(1,)",1,1,int32,ams27930 (2).nc
27931,AMS,AMS_STATUS,ams/status/data,Status,Status,"(1,)",1,1,int32,ams27931.nc
27932,AMS,AMS_STATUS,ams/status/data,Status,Status,"(1,)",1,1,int32,ams27932.nc
27933,AMS,AMS_STATUS,ams/status/data,Status,Status,"(1,)",1,1,int32,ams27933.nc
27934,AMS,AMS_STATUS,ams/status/data,Status,Status,"(1,)",1,1,int32,ams27934.nc
27935,AMS,AMS_STATUS,ams/status/data,Status,Status,"(1,)",1,1,int32,ams27935.nc
27936,AMS,AMS_STATUS,ams/status/data,Status,Status,"(1,)",1,1,int32,ams27936.nc
27937,AMS,AMS_STATUS,ams/status/data,Status,Status,"(1,)",1,1,int32,ams27937.nc
27938,AMS,AMS_STATUS,ams/status/data,Status,Status,"(1,)",1,1,int32,ams27938.nc
27929,AMS,AMS_TRANS,ams/trans/data,,,"(1, 35)",2,35,float32,ams27929.nc
27930,AMS,AMS_TRANS,ams/trans/data,,,"(1, 35)",2,35,float32,ams27930 (2).nc
27931,AMS,AMS_TRANS,ams/trans/data,,,"(1, 35)",2,35,float32,ams27931.nc
27932,AMS,AMS_TRANS,ams/trans/data,,,"(1, 35)",2,35,float32,ams27932.nc
27933,AMS,AMS_TRANS,ams/trans/data,,,"(1, 35)",2,35,float32,ams27933.nc
27934,AMS,AMS_TRANS,ams/trans/data,,,"(1, 35)",2,35,float32,ams27934.nc
27935,AMS,AMS_TRANS,ams/trans/data,,,"(1, 35)",2,35,float32,ams27935.nc
27936,AMS,AMS_TRANS,ams/trans/data,,,"(1, 35)",2,35,float32,ams27936.nc
27937,AMS,AMS_TRANS,ams/trans/data,,,"(1, 35)",2,35,float32,ams27937.nc
27938,AMS,AMS_TRANS,ams/trans/data,,,"(1, 35)",2,35,float32,ams27938.nc
27929,AMS,AMS_VERSION,ams/version/data,,,"(1,)",1,1,float32,ams27929.nc
27930,AMS,AMS_VERSION,ams/version/data,,,"(1,)",1,1,float32,ams27930 (2).nc
27931,AMS,AMS_VERSION,ams/version/data,,,"(1,)",1,1,float32,ams27931.nc
27932,AMS,AMS_VERSION,ams/version/data,,,"(1,)",1,1,float32,ams27932.nc
27933,AMS,AMS_VERSION,ams/version/data,,,"(1,)",1,1,float32,ams27933.nc
27934,AMS,AMS_VERSION,ams/version/data,,,"(1,)",1,1,float32,ams27934.nc
27935,AMS,AMS_VERSION,ams/version/data,,,"(1,)",1,1,float32,ams27935.nc
27936,AMS,AMS_VERSION,ams/version/data,,,"(1,)",1,1,float32,ams27936.nc
27937,AMS,AMS_VERSION,ams/version/data,,,"(1,)",1,1,float32,ams27937.nc
27938,AMS,AMS_VERSION,ams/version/data,,,"(1,)",1,1,float32,ams27938.nc
27929,AMS,AMS_VIEWSTR,ams/viewstr/data,,<?xml versio,"(1, 408)",2,408,float32,ams27929.nc
27930,AMS,AMS_VIEWSTR,ams/viewstr/data,,<?xml versio,"(1, 408)",2,408,float32,ams27930 (2).nc
27931,AMS,AMS_VIEWSTR,ams/viewstr/data,,<?xml versio,"(1, 408)",2,408,float32,ams27931.nc
27932,AMS,AMS_VIEWSTR,ams/viewstr/data,,<?xml versio,"(1, 408)",2,408,float32,ams27932.nc
27933,AMS,AMS_VIEWSTR,ams/viewstr/data,,<?xml versio,"(1, 408)",2,408,float32,ams27933.nc
27934,AMS,AMS_VIEWSTR,ams/viewstr/data,,<?xml versio,"(1, 408)",2,408,float32,ams27934.nc
27935,AMS,AMS_VIEWSTR,ams/viewstr/data,,<?xml versio,"(1, 408)",2,408,float32,ams27935.nc
27936,AMS,AMS_VIEWSTR,ams/viewstr/data,,<?xml versio,"(1, 408)",2,408,float32,ams27936.nc
27937,AMS,AMS_VIEWSTR,ams/viewstr/data,,<?xml versio,"(1, 408)",2,408,float32,ams27937.nc
27938,AMS,AMS_VIEWSTR,ams/viewstr/data,,<?xml versio,"(1, 408)",2,408,float32,ams27938.nc
27929,AMS,AMS_VX0,ams/vx0/data,,,"(1, 19, 35)",3,665,float32,ams27929.nc
27930,AMS,AMS_VX0,ams/vx0/data,,,"(1, 19, 35)",3,665,float32,ams27930 (2).nc
27931,AMS,AMS_VX0,ams/vx0/data,,,"(1, 19, 35)",3,665,float32,ams27931.nc
27932,AMS,AMS_VX0,ams/vx0/data,,,"(1, 19, 35)",3,665,float32,ams27932.nc
27933,AMS,AMS_VX0,ams/vx0/data,,,"(1, 19, 35)",3,665,float32,ams27933.nc
27934,AMS,AMS_VX0,ams/vx0/data,,,"(1, 19, 35)",3,665,float32,ams27934.nc
27935,AMS,AMS_VX0,ams/vx0/data,,,"(1, 19, 35)",3,665,float32,ams27935.nc
27936,AMS,AMS_VX0,ams/vx0/data,,,"(1, 19, 35)",3,665,float32,ams27936.nc
27937,AMS,AMS_VX0,ams/vx0/data,,,"(1, 19, 35)",3,665,float32,ams27937.nc
27938,AMS,AMS_VX0,ams/vx0/data,,,"(1, 19, 35)",3,665,float32,ams27938.nc
27929,AMS,AMS_VY0,ams/vy0/data,,,"(1, 19, 35)",3,665,float32,ams27929.nc
27930,AMS,AMS_VY0,ams/vy0/data,,,"(1, 19, 35)",3,665,float32,ams27930 (2).nc
27931,AMS,AMS_VY0,ams/vy0/data,,,"(1, 19, 35)",3,665,float32,ams27931.nc
27932,AMS,AMS_VY0,ams/vy0/data,,,"(1, 19, 35)",3,665,float32,ams27932.nc
27933,AMS,AMS_VY0,ams/vy0/data,,,"(1, 19, 35)",3,665,float32,ams27933.nc
27934,AMS,AMS_VY0,ams/vy0/data,,,"(1, 19, 35)",3,665,float32,ams27934.nc
27935,AMS,AMS_VY0,ams/vy0/data,,,"(1, 19, 35)",3,665,float32,ams27935.nc
27936,AMS,AMS_VY0,ams/vy0/data,,,"(1, 19, 35)",3,665,float32,ams27936.nc
27937,AMS,AMS_VY0,ams/vy0/data,,,"(1, 19, 35)",3,665,float32,ams27937.nc
27938,AMS,AMS_VY0,ams/vy0/data,,,"(1, 19, 35)",3,665,float32,ams27938.nc
27929,ANB,ANB_PASSNUMBER,anb/passnumber/data,Pass,Pass,"(1,)",1,1,int32,anb27929.nc
27930,ANB,ANB_PASSNUMBER,anb/passnumber/data,Pass,Pass,"(1,)",1,1,int32,anb27930 (1).nc
27931,ANB,ANB_PASSNUMBER,anb/passnumber/data,Pass,Pass,"(1,)",1,1,int32,anb27931.nc
27932,ANB,ANB_PASSNUMBER,anb/passnumber/data,Pass,Pass,"(1,)",1,1,int32,anb27932.nc
27933,ANB,ANB_PASSNUMBER,anb/passnumber/data,Pass,Pass,"(1,)",1,1,int32,anb27933.nc
27934,ANB,ANB_PASSNUMBER,anb/passnumber/data,Pass,Pass,"(1,)",1,1,int32,anb27934.nc
27935,ANB,ANB_PASSNUMBER,anb/passnumber/data,Pass,Pass,"(1,)",1,1,int32,anb27935.nc
27936,ANB,ANB_PASSNUMBER,anb/passnumber/data,Pass,Pass,"(1,)",1,1,int32,anb27936.nc
27937,ANB,ANB_PASSNUMBER,anb/passnumber/data,Pass,Pass,"(1,)",1,1,int32,anb27937.nc
27938,ANB,ANB_PASSNUMBER,anb/passnumber/data,Pass,Pass,"(1,)",1,1,int32,anb27938.nc
27929,ANB,ANB_SS_FULL_POWER,anb/ss_full_power/data,,MW,"(37001,)",1,37001,float32,anb27929.nc
27930,ANB,ANB_SS_FULL_POWER,anb/ss_full_power/data,,MW,"(50001,)",1,50001,float32,anb27930 (1).nc
27931,ANB,ANB_SS_FULL_POWER,anb/ss_full_power/data,,MW,"(37001,)",1,37001,float32,anb27931.nc
27932,ANB,ANB_SS_FULL_POWER,anb/ss_full_power/data,,MW,"(50001,)",1,50001,float32,anb27932.nc
27933,ANB,ANB_SS_FULL_POWER,anb/ss_full_power/data,,MW,"(50001,)",1,50001,float32,anb27933.nc
27934,ANB,ANB_SS_FULL_POWER,anb/ss_full_power/data,,MW,"(50001,)",1,50001,float32,anb27934.nc
27935,ANB,ANB_SS_FULL_POWER,anb/ss_full_power/data,,MW,"(50001,)",1,50001,float32,anb27935.nc
27936,ANB,ANB_SS_FULL_POWER,anb/ss_full_power/data,,MW,"(50001,)",1,50001,float32,anb27936.nc
27937,ANB,ANB_SS_FULL_POWER,anb/ss_full_power/data,,MW,"(50001,)",1,50001,float32,anb27937.nc
27938,ANB,ANB_SS_FULL_POWER,anb/ss_full_power/data,,MW,"(50001,)",1,50001,float32,anb27938.nc
27929,ANB,ANB_SS_HALF_POWER,anb/ss_half_power/data,,MW,"(37001,)",1,37001,float32,anb27929.nc
27930,ANB,ANB_SS_HALF_POWER,anb/ss_half_power/data,,MW,"(50001,)",1,50001,float32,anb27930 (1).nc
27931,ANB,ANB_SS_HALF_POWER,anb/ss_half_power/data,,MW,"(37001,)",1,37001,float32,anb27931.nc
27932,ANB,ANB_SS_HALF_POWER,anb/ss_half_power/data,,MW,"(50001,)",1,50001,float32,anb27932.nc
27933,ANB,ANB_SS_HALF_POWER,anb/ss_half_power/data,,MW,"(50001,)",1,50001,float32,anb27933.nc
27934,ANB,ANB_SS_HALF_POWER,anb/ss_half_power/data,,MW,"(50001,)",1,50001,float32,anb27934.nc
27935,ANB,ANB_SS_HALF_POWER,anb/ss_half_power/data,,MW,"(50001,)",1,50001,float32,anb27935.nc
27936,ANB,ANB_SS_HALF_POWER,anb/ss_half_power/data,,MW,"(50001,)",1,50001,float32,anb27936.nc
27937,ANB,ANB_SS_HALF_POWER,anb/ss_half_power/data,,MW,"(50001,)",1,50001,float32,anb27937.nc
27938,ANB,ANB_SS_HALF_POWER,anb/ss_half_power/data,,MW,"(50001,)",1,50001,float32,anb27938.nc
27929,ANB,ANB_SS_SOURCE_GAS_DEUTE,anb/ss_source_gas_deute/data,,None,"(37001,)",1,37001,float32,anb27929.nc
27930,ANB,ANB_SS_SOURCE_GAS_DEUTE,anb/ss_source_gas_deute/data,,None,"(50001,)",1,50001,float32,anb27930 (1).nc
27931,ANB,ANB_SS_SOURCE_GAS_DEUTE,anb/ss_source_gas_deute/data,,None,"(37001,)",1,37001,float32,anb27931.nc
27932,ANB,ANB_SS_SOURCE_GAS_DEUTE,anb/ss_source_gas_deute/data,,None,"(50001,)",1,50001,float32,anb27932.nc
27933,ANB,ANB_SS_SOURCE_GAS_DEUTE,anb/ss_source_gas_deute/data,,None,"(50001,)",1,50001,float32,anb27933.nc
27934,ANB,ANB_SS_SOURCE_GAS_DEUTE,anb/ss_source_gas_deute/data,,None,"(50001,)",1,50001,float32,anb27934.nc
27935,ANB,ANB_SS_SOURCE_GAS_DEUTE,anb/ss_source_gas_deute/data,,None,"(50001,)",1,50001,float32,anb27935.nc
27936,ANB,ANB_SS_SOURCE_GAS_DEUTE,anb/ss_source_gas_deute/data,,None,"(50001,)",1,50001,float32,anb27936.nc
27937,ANB,ANB_SS_SOURCE_GAS_DEUTE,anb/ss_source_gas_deute/data,,None,"(50001,)",1,50001,float32,anb27937.nc
27938,ANB,ANB_SS_SOURCE_GAS_DEUTE,anb/ss_source_gas_deute/data,,None,"(50001,)",1,50001,float32,anb27938.nc
27929,ANB,ANB_SS_SUM_POWER,anb/ss_sum_power/data,,MW,"(37001,)",1,37001,float32,anb27929.nc
27930,ANB,ANB_SS_SUM_POWER,anb/ss_sum_power/data,,MW,"(50001,)",1,50001,float32,anb27930 (1).nc
27931,ANB,ANB_SS_SUM_POWER,anb/ss_sum_power/data,,MW,"(37001,)",1,37001,float32,anb27931.nc
27932,ANB,ANB_SS_SUM_POWER,anb/ss_sum_power/data,,MW,"(50001,)",1,50001,float32,anb27932.nc
27933,ANB,ANB_SS_SUM_POWER,anb/ss_sum_power/data,,MW,"(50001,)",1,50001,float32,anb27933.nc
27934,ANB,ANB_SS_SUM_POWER,anb/ss_sum_power/data,,MW,"(50001,)",1,50001,float32,anb27934.nc
27935,ANB,ANB_SS_SUM_POWER,anb/ss_sum_power/data,,MW,"(50001,)",1,50001,float32,anb27935.nc
27936,ANB,ANB_SS_SUM_POWER,anb/ss_sum_power/data,,MW,"(50001,)",1,50001,float32,anb27936.nc
27937,ANB,ANB_SS_SUM_POWER,anb/ss_sum_power/data,,MW,"(50001,)",1,50001,float32,anb27937.nc
27938,ANB,ANB_SS_SUM_POWER,anb/ss_sum_power/data,,MW,"(50001,)",1,50001,float32,anb27938.nc
27929,ANB,ANB_SS_THIRD_POWER,anb/ss_third_power/data,,MW,"(37001,)",1,37001,float32,anb27929.nc
27930,ANB,ANB_SS_THIRD_POWER,anb/ss_third_power/data,,MW,"(50001,)",1,50001,float32,anb27930 (1).nc
27931,ANB,ANB_SS_THIRD_POWER,anb/ss_third_power/data,,MW,"(37001,)",1,37001,float32,anb27931.nc
27932,ANB,ANB_SS_THIRD_POWER,anb/ss_third_power/data,,MW,"(50001,)",1,50001,float32,anb27932.nc
27933,ANB,ANB_SS_THIRD_POWER,anb/ss_third_power/data,,MW,"(50001,)",1,50001,float32,anb27933.nc
27934,ANB,ANB_SS_THIRD_POWER,anb/ss_third_power/data,,MW,"(50001,)",1,50001,float32,anb27934.nc
27935,ANB,ANB_SS_THIRD_POWER,anb/ss_third_power/data,,MW,"(50001,)",1,50001,float32,anb27935.nc
27936,ANB,ANB_SS_THIRD_POWER,anb/ss_third_power/data,,MW,"(50001,)",1,50001,float32,anb27936.nc
27937,ANB,ANB_SS_THIRD_POWER,anb/ss_third_power/data,,MW,"(50001,)",1,50001,float32,anb27937.nc
27938,ANB,ANB_SS_THIRD_POWER,anb/ss_third_power/data,,MW,"(50001,)",1,50001,float32,anb27938.nc
27929,ANB,ANB_STATUS,anb/status/data,Status,Status,"(1,)",1,1,int32,anb27929.nc
27930,ANB,ANB_STATUS,anb/status/data,Status,Status,"(1,)",1,1,int32,anb27930 (1).nc
27931,ANB,ANB_STATUS,anb/status/data,Status,Status,"(1,)",1,1,int32,anb27931.nc
27932,ANB,ANB_STATUS,anb/status/data,Status,Status,"(1,)",1,1,int32,anb27932.nc
27933,ANB,ANB_STATUS,anb/status/data,Status,Status,"(1,)",1,1,int32,anb27933.nc
27934,ANB,ANB_STATUS,anb/status/data,Status,Status,"(1,)",1,1,int32,anb27934.nc
27935,ANB,ANB_STATUS,anb/status/data,Status,Status,"(1,)",1,1,int32,anb27935.nc
27936,ANB,ANB_STATUS,anb/status/data,Status,Status,"(1,)",1,1,int32,anb27936.nc
27937,ANB,ANB_STATUS,anb/status/data,Status,Status,"(1,)",1,1,int32,anb27937.nc
27938,ANB,ANB_STATUS,anb/status/data,Status,Status,"(1,)",1,1,int32,anb27938.nc
27929,ANB,ANB_SW_FULL_POWER,anb/sw_full_power/data,,MW,"(2,)",1,2,float32,anb27929.nc
27930,ANB,ANB_SW_FULL_POWER,anb/sw_full_power/data,,MW,"(2,)",1,2,float32,anb27930 (1).nc
27931,ANB,ANB_SW_FULL_POWER,anb/sw_full_power/data,,MW,"(2,)",1,2,float32,anb27931.nc
27932,ANB,ANB_SW_FULL_POWER,anb/sw_full_power/data,,MW,"(2,)",1,2,float32,anb27932.nc
27933,ANB,ANB_SW_FULL_POWER,anb/sw_full_power/data,,MW,"(50001,)",1,50001,float32,anb27933.nc
27934,ANB,ANB_SW_FULL_POWER,anb/sw_full_power/data,,MW,"(2,)",1,2,float32,anb27934.nc
27935,ANB,ANB_SW_FULL_POWER,anb/sw_full_power/data,,MW,"(2,)",1,2,float32,anb27935.nc
27936,ANB,ANB_SW_FULL_POWER,anb/sw_full_power/data,,MW,"(2,)",1,2,float32,anb27936.nc
27937,ANB,ANB_SW_FULL_POWER,anb/sw_full_power/data,,MW,"(2,)",1,2,float32,anb27937.nc
27938,ANB,ANB_SW_FULL_POWER,anb/sw_full_power/data,,MW,"(2,)",1,2,float32,anb27938.nc
27929,ANB,ANB_SW_HALF_POWER,anb/sw_half_power/data,,MW,"(2,)",1,2,float32,anb27929.nc
27930,ANB,ANB_SW_HALF_POWER,anb/sw_half_power/data,,MW,"(2,)",1,2,float32,anb27930 (1).nc
27931,ANB,ANB_SW_HALF_POWER,anb/sw_half_power/data,,MW,"(2,)",1,2,float32,anb27931.nc
27932,ANB,ANB_SW_HALF_POWER,anb/sw_half_power/data,,MW,"(2,)",1,2,float32,anb27932.nc
27933,ANB,ANB_SW_HALF_POWER,anb/sw_half_power/data,,MW,"(50001,)",1,50001,float32,anb27933.nc
27934,ANB,ANB_SW_HALF_POWER,anb/sw_half_power/data,,MW,"(2,)",1,2,float32,anb27934.nc
27935,ANB,ANB_SW_HALF_POWER,anb/sw_half_power/data,,MW,"(2,)",1,2,float32,anb27935.nc
27936,ANB,ANB_SW_HALF_POWER,anb/sw_half_power/data,,MW,"(2,)",1,2,float32,anb27936.nc
27937,ANB,ANB_SW_HALF_POWER,anb/sw_half_power/data,,MW,"(2,)",1,2,float32,anb27937.nc
27938,ANB,ANB_SW_HALF_POWER,anb/sw_half_power/data,,MW,"(2,)",1,2,float32,anb27938.nc
27933,ANB,ANB_SW_SOURCE_GAS_DEUTE,anb/sw_source_gas_deute/data,,None,"(50001,)",1,50001,float32,anb27933.nc
27929,ANB,ANB_SW_SOURCE_GAS_UNKNO,anb/sw_source_gas_unkno/data,,None,"(2,)",1,2,float32,anb27929.nc
27930,ANB,ANB_SW_SOURCE_GAS_UNKNO,anb/sw_source_gas_unkno/data,,None,"(2,)",1,2,float32,anb27930 (1).nc
27931,ANB,ANB_SW_SOURCE_GAS_UNKNO,anb/sw_source_gas_unkno/data,,None,"(2,)",1,2,float32,anb27931.nc
27932,ANB,ANB_SW_SOURCE_GAS_UNKNO,anb/sw_source_gas_unkno/data,,None,"(2,)",1,2,float32,anb27932.nc
27934,ANB,ANB_SW_SOURCE_GAS_UNKNO,anb/sw_source_gas_unkno/data,,None,"(2,)",1,2,float32,anb27934.nc
27935,ANB,ANB_SW_SOURCE_GAS_UNKNO,anb/sw_source_gas_unkno/data,,None,"(2,)",1,2,float32,anb27935.nc
27936,ANB,ANB_SW_SOURCE_GAS_UNKNO,anb/sw_source_gas_unkno/data,,None,"(2,)",1,2,float32,anb27936.nc
27937,ANB,ANB_SW_SOURCE_GAS_UNKNO,anb/sw_source_gas_unkno/data,,None,"(2,)",1,2,float32,anb27937.nc
27938,ANB,ANB_SW_SOURCE_GAS_UNKNO,anb/sw_source_gas_unkno/data,,None,"(2,)",1,2,float32,anb27938.nc
27929,ANB,ANB_SW_SUM_POWER,anb/sw_sum_power/data,,MW,"(2,)",1,2,float32,anb27929.nc
27930,ANB,ANB_SW_SUM_POWER,anb/sw_sum_power/data,,MW,"(2,)",1,2,float32,anb27930 (1).nc
27931,ANB,ANB_SW_SUM_POWER,anb/sw_sum_power/data,,MW,"(2,)",1,2,float32,anb27931.nc
27932,ANB,ANB_SW_SUM_POWER,anb/sw_sum_power/data,,MW,"(2,)",1,2,float32,anb27932.nc
27933,ANB,ANB_SW_SUM_POWER,anb/sw_sum_power/data,,MW,"(50001,)",1,50001,float32,anb27933.nc
27934,ANB,ANB_SW_SUM_POWER,anb/sw_sum_power/data,,MW,"(2,)",1,2,float32,anb27934.nc
27935,ANB,ANB_SW_SUM_POWER,anb/sw_sum_power/data,,MW,"(2,)",1,2,float32,anb27935.nc
27936,ANB,ANB_SW_SUM_POWER,anb/sw_sum_power/data,,MW,"(2,)",1,2,float32,anb27936.nc
27937,ANB,ANB_SW_SUM_POWER,anb/sw_sum_power/data,,MW,"(2,)",1,2,float32,anb27937.nc
27938,ANB,ANB_SW_SUM_POWER,anb/sw_sum_power/data,,MW,"(2,)",1,2,float32,anb27938.nc
27929,ANB,ANB_SW_THIRD_POWER,anb/sw_third_power/data,,MW,"(2,)",1,2,float32,anb27929.nc
27930,ANB,ANB_SW_THIRD_POWER,anb/sw_third_power/data,,MW,"(2,)",1,2,float32,anb27930 (1).nc
27931,ANB,ANB_SW_THIRD_POWER,anb/sw_third_power/data,,MW,"(2,)",1,2,float32,anb27931.nc
27932,ANB,ANB_SW_THIRD_POWER,anb/sw_third_power/data,,MW,"(2,)",1,2,float32,anb27932.nc
27933,ANB,ANB_SW_THIRD_POWER,anb/sw_third_power/data,,MW,"(50001,)",1,50001,float32,anb27933.nc
27934,ANB,ANB_SW_THIRD_POWER,anb/sw_third_power/data,,MW,"(2,)",1,2,float32,anb27934.nc
27935,ANB,ANB_SW_THIRD_POWER,anb/sw_third_power/data,,MW,"(2,)",1,2,float32,anb27935.nc
27936,ANB,ANB_SW_THIRD_POWER,anb/sw_third_power/data,,MW,"(2,)",1,2,float32,anb27936.nc
27937,ANB,ANB_SW_THIRD_POWER,anb/sw_third_power/data,,MW,"(2,)",1,2,float32,anb27937.nc
27938,ANB,ANB_SW_THIRD_POWER,anb/sw_third_power/data,,MW,"(2,)",1,2,float32,anb27938.nc
27929,ANB,ANB_TOT_SUM_POWER,anb/tot_sum_power/data,,MW,"(37001,)",1,37001,float32,anb27929.nc
27930,ANB,ANB_TOT_SUM_POWER,anb/tot_sum_power/data,,MW,"(50001,)",1,50001,float32,anb27930 (1).nc
27931,ANB,ANB_TOT_SUM_POWER,anb/tot_sum_power/data,,MW,"(37001,)",1,37001,float32,anb27931.nc
27932,ANB,ANB_TOT_SUM_POWER,anb/tot_sum_power/data,,MW,"(50001,)",1,50001,float32,anb27932.nc
27933,ANB,ANB_TOT_SUM_POWER,anb/tot_sum_power/data,,MW,"(50001,)",1,50001,float32,anb27933.nc
27934,ANB,ANB_TOT_SUM_POWER,anb/tot_sum_power/data,,MW,"(50001,)",1,50001,float32,anb27934.nc
27935,ANB,ANB_TOT_SUM_POWER,anb/tot_sum_power/data,,MW,"(50001,)",1,50001,float32,anb27935.nc
27936,ANB,ANB_TOT_SUM_POWER,anb/tot_sum_power/data,,MW,"(50001,)",1,50001,float32,anb27936.nc
27937,ANB,ANB_TOT_SUM_POWER,anb/tot_sum_power/data,,MW,"(50001,)",1,50001,float32,anb27937.nc
27938,ANB,ANB_TOT_SUM_POWER,anb/tot_sum_power/data,,MW,"(50001,)",1,50001,float32,anb27938.nc
27929,ANE,ANE_CO2,ane/co2/data,m^-2,m^-2,"(32768,)",1,32768,float32,ane27929.nc
27930,ANE,ANE_CO2,ane/co2/data,m^-2,m^-2,"(32768,)",1,32768,float32,ane27930 (1).nc
27931,ANE,ANE_CO2,ane/co2/data,m^-2,m^-2,"(32768,)",1,32768,float32,ane27931 (1).nc
27932,ANE,ANE_CO2,ane/co2/data,m^-2,m^-2,"(32768,)",1,32768,float32,ane27932.nc
27933,ANE,ANE_CO2,ane/co2/data,m^-2,m^-2,"(32768,)",1,32768,float32,ane27933.nc
27934,ANE,ANE_CO2,ane/co2/data,m^-2,m^-2,"(32768,)",1,32768,float32,ane27934.nc
27935,ANE,ANE_CO2,ane/co2/data,m^-2,m^-2,"(32768,)",1,32768,float32,ane27935.nc
27936,ANE,ANE_CO2,ane/co2/data,m^-2,m^-2,"(32768,)",1,32768,float32,ane27936.nc
27937,ANE,ANE_CO2,ane/co2/data,m^-2,m^-2,"(32768,)",1,32768,float32,ane27937.nc
27938,ANE,ANE_CO2,ane/co2/data,m^-2,m^-2,"(32768,)",1,32768,float32,ane27938.nc
27929,ANE,ANE_DENSITY,ane/density/data,m^-2,m^-2,"(32768,)",1,32768,float32,ane27929.nc
27930,ANE,ANE_DENSITY,ane/density/data,m^-2,m^-2,"(32768,)",1,32768,float32,ane27930 (1).nc
27931,ANE,ANE_DENSITY,ane/density/data,m^-2,m^-2,"(32768,)",1,32768,float32,ane27931 (1).nc
27932,ANE,ANE_DENSITY,ane/density/data,m^-2,m^-2,"(32768,)",1,32768,float32,ane27932.nc
27933,ANE,ANE_DENSITY,ane/density/data,m^-2,m^-2,"(32768,)",1,32768,float32,ane27933.nc
27934,ANE,ANE_DENSITY,ane/density/data,m^-2,m^-2,"(32768,)",1,32768,float32,ane27934.nc
27935,ANE,ANE_DENSITY,ane/density/data,m^-2,m^-2,"(32768,)",1,32768,float32,ane27935.nc
27936,ANE,ANE_DENSITY,ane/density/data,m^-2,m^-2,"(32768,)",1,32768,float32,ane27936.nc
27937,ANE,ANE_DENSITY,ane/density/data,m^-2,m^-2,"(32768,)",1,32768,float32,ane27937.nc
27938,ANE,ANE_DENSITY,ane/density/data,m^-2,m^-2,"(32768,)",1,32768,float32,ane27938.nc
27929,ANE,ANE_HENE,ane/hene/data,m^-2,m^-2,"(32768,)",1,32768,float32,ane27929.nc
27930,ANE,ANE_HENE,ane/hene/data,m^-2,m^-2,"(32768,)",1,32768,float32,ane27930 (1).nc
27931,ANE,ANE_HENE,ane/hene/data,m^-2,m^-2,"(32768,)",1,32768,float32,ane27931 (1).nc
27932,ANE,ANE_HENE,ane/hene/data,m^-2,m^-2,"(32768,)",1,32768,float32,ane27932.nc
27933,ANE,ANE_HENE,ane/hene/data,m^-2,m^-2,"(32768,)",1,32768,float32,ane27933.nc
27934,ANE,ANE_HENE,ane/hene/data,m^-2,m^-2,"(32768,)",1,32768,float32,ane27934.nc
27935,ANE,ANE_HENE,ane/hene/data,m^-2,m^-2,"(32768,)",1,32768,float32,ane27935.nc
27936,ANE,ANE_HENE,ane/hene/data,m^-2,m^-2,"(32768,)",1,32768,float32,ane27936.nc
27937,ANE,ANE_HENE,ane/hene/data,m^-2,m^-2,"(32768,)",1,32768,float32,ane27937.nc
27938,ANE,ANE_HENE,ane/hene/data,m^-2,m^-2,"(32768,)",1,32768,float32,ane27938.nc
27929,ANE,ANE_PASSNUMBER,ane/passnumber/data,Passno,Passno,"(1,)",1,1,float32,ane27929.nc
27930,ANE,ANE_PASSNUMBER,ane/passnumber/data,Passno,Passno,"(1,)",1,1,float32,ane27930 (1).nc
27931,ANE,ANE_PASSNUMBER,ane/passnumber/data,Passno,Passno,"(1,)",1,1,float32,ane27931 (1).nc
27932,ANE,ANE_PASSNUMBER,ane/passnumber/data,Passno,Passno,"(1,)",1,1,float32,ane27932.nc
27933,ANE,ANE_PASSNUMBER,ane/passnumber/data,Passno,Passno,"(1,)",1,1,float32,ane27933.nc
27934,ANE,ANE_PASSNUMBER,ane/passnumber/data,Passno,Passno,"(1,)",1,1,float32,ane27934.nc
27935,ANE,ANE_PASSNUMBER,ane/passnumber/data,Passno,Passno,"(1,)",1,1,float32,ane27935.nc
27936,ANE,ANE_PASSNUMBER,ane/passnumber/data,Passno,Passno,"(1,)",1,1,float32,ane27936.nc
27937,ANE,ANE_PASSNUMBER,ane/passnumber/data,Passno,Passno,"(1,)",1,1,float32,ane27937.nc
27938,ANE,ANE_PASSNUMBER,ane/passnumber/data,Passno,Passno,"(1,)",1,1,float32,ane27938.nc
27929,ANE,ANE_STATUS,ane/status/data,Status,Status,"(1,)",1,1,float32,ane27929.nc
27930,ANE,ANE_STATUS,ane/status/data,Status,Status,"(1,)",1,1,float32,ane27930 (1).nc
27931,ANE,ANE_STATUS,ane/status/data,Status,Status,"(1,)",1,1,float32,ane27931 (1).nc
27932,ANE,ANE_STATUS,ane/status/data,Status,Status,"(1,)",1,1,float32,ane27932.nc
27933,ANE,ANE_STATUS,ane/status/data,Status,Status,"(1,)",1,1,float32,ane27933.nc
27934,ANE,ANE_STATUS,ane/status/data,Status,Status,"(1,)",1,1,float32,ane27934.nc
27935,ANE,ANE_STATUS,ane/status/data,Status,Status,"(1,)",1,1,float32,ane27935.nc
27936,ANE,ANE_STATUS,ane/status/data,Status,Status,"(1,)",1,1,float32,ane27936.nc
27937,ANE,ANE_STATUS,ane/status/data,Status,Status,"(1,)",1,1,float32,ane27937.nc
27938,ANE,ANE_STATUS,ane/status/data,Status,Status,"(1,)",1,1,float32,ane27938.nc
27929,ANE,ANE_STATUS_DETAIL,ane/status_detail/data,status_detail,status_detai,"(1,)",1,1,float32,ane27929.nc
27930,ANE,ANE_STATUS_DETAIL,ane/status_detail/data,status_detail,status_detai,"(1,)",1,1,float32,ane27930 (1).nc
27931,ANE,ANE_STATUS_DETAIL,ane/status_detail/data,status_detail,status_detai,"(1,)",1,1,float32,ane27931 (1).nc
27932,ANE,ANE_STATUS_DETAIL,ane/status_detail/data,status_detail,status_detai,"(1,)",1,1,float32,ane27932.nc
27933,ANE,ANE_STATUS_DETAIL,ane/status_detail/data,status_detail,status_detai,"(1,)",1,1,float32,ane27933.nc
27934,ANE,ANE_STATUS_DETAIL,ane/status_detail/data,status_detail,status_detai,"(1,)",1,1,float32,ane27934.nc
27935,ANE,ANE_STATUS_DETAIL,ane/status_detail/data,status_detail,status_detai,"(1,)",1,1,float32,ane27935.nc
27936,ANE,ANE_STATUS_DETAIL,ane/status_detail/data,status_detail,status_detai,"(1,)",1,1,float32,ane27936.nc
27937,ANE,ANE_STATUS_DETAIL,ane/status_detail/data,status_detail,status_detai,"(1,)",1,1,float32,ane27937.nc
27938,ANE,ANE_STATUS_DETAIL,ane/status_detail/data,status_detail,status_detai,"(1,)",1,1,float32,ane27938.nc
27929,ANE,ANE_VERSION,ane/version/data,Version,Version,"(1,)",1,1,float32,ane27929.nc
27930,ANE,ANE_VERSION,ane/version/data,Version,Version,"(1,)",1,1,float32,ane27930 (1).nc
27931,ANE,ANE_VERSION,ane/version/data,Version,Version,"(1,)",1,1,float32,ane27931 (1).nc
27932,ANE,ANE_VERSION,ane/version/data,Version,Version,"(1,)",1,1,float32,ane27932.nc
27933,ANE,ANE_VERSION,ane/version/data,Version,Version,"(1,)",1,1,float32,ane27933.nc
27934,ANE,ANE_VERSION,ane/version/data,Version,Version,"(1,)",1,1,float32,ane27934.nc
27935,ANE,ANE_VERSION,ane/version/data,Version,Version,"(1,)",1,1,float32,ane27935.nc
27936,ANE,ANE_VERSION,ane/version/data,Version,Version,"(1,)",1,1,float32,ane27936.nc
27937,ANE,ANE_VERSION,ane/version/data,Version,Version,"(1,)",1,1,float32,ane27937.nc
27938,ANE,ANE_VERSION,ane/version/data,Version,Version,"(1,)",1,1,float32,ane27938.nc
27929,ANT,ANT_NEUTRON_DOSE,ant/neutron_dose/data,neutron_dose,Sieverts,"(1,)",1,1,float32,ant27929.nc
27930,ANT,ANT_NEUTRON_DOSE,ant/neutron_dose/data,neutron_dose,Sieverts,"(1,)",1,1,float32,ant27930 (1).nc
27931,ANT,ANT_NEUTRON_DOSE,ant/neutron_dose/data,neutron_dose,Sieverts,"(1,)",1,1,float32,ant27931 (1).nc
27932,ANT,ANT_NEUTRON_DOSE,ant/neutron_dose/data,neutron_dose,Sieverts,"(1,)",1,1,float32,ant27932.nc
27933,ANT,ANT_NEUTRON_DOSE,ant/neutron_dose/data,neutron_dose,Sieverts,"(1,)",1,1,float32,ant27933.nc
27934,ANT,ANT_NEUTRON_DOSE,ant/neutron_dose/data,neutron_dose,Sieverts,"(1,)",1,1,float32,ant27934.nc
27935,ANT,ANT_NEUTRON_DOSE,ant/neutron_dose/data,neutron_dose,Sieverts,"(1,)",1,1,float32,ant27935.nc
27936,ANT,ANT_NEUTRON_DOSE,ant/neutron_dose/data,neutron_dose,Sieverts,"(1,)",1,1,float32,ant27936.nc
27937,ANT,ANT_NEUTRON_DOSE,ant/neutron_dose/data,neutron_dose,Sieverts,"(1,)",1,1,float32,ant27937.nc
27938,ANT,ANT_NEUTRON_DOSE,ant/neutron_dose/data,neutron_dose,Sieverts,"(1,)",1,1,float32,ant27938.nc
27929,ANT,ANT_PASSNUMBER,ant/passnumber/data,,,"(1,)",1,1,float32,ant27929.nc
27930,ANT,ANT_PASSNUMBER,ant/passnumber/data,,,"(1,)",1,1,float32,ant27930 (1).nc
27931,ANT,ANT_PASSNUMBER,ant/passnumber/data,,,"(1,)",1,1,float32,ant27931 (1).nc
27932,ANT,ANT_PASSNUMBER,ant/passnumber/data,,,"(1,)",1,1,float32,ant27932.nc
27933,ANT,ANT_PASSNUMBER,ant/passnumber/data,,,"(1,)",1,1,float32,ant27933.nc
27934,ANT,ANT_PASSNUMBER,ant/passnumber/data,,,"(1,)",1,1,float32,ant27934.nc
27935,ANT,ANT_PASSNUMBER,ant/passnumber/data,,,"(1,)",1,1,float32,ant27935.nc
27936,ANT,ANT_PASSNUMBER,ant/passnumber/data,,,"(1,)",1,1,float32,ant27936.nc
27937,ANT,ANT_PASSNUMBER,ant/passnumber/data,,,"(1,)",1,1,float32,ant27937.nc
27938,ANT,ANT_PASSNUMBER,ant/passnumber/data,,,"(1,)",1,1,float32,ant27938.nc
27929,ANT,ANT_STATUS,ant/status/data,,,"(1,)",1,1,float32,ant27929.nc
27930,ANT,ANT_STATUS,ant/status/data,,,"(1,)",1,1,float32,ant27930 (1).nc
27931,ANT,ANT_STATUS,ant/status/data,,,"(1,)",1,1,float32,ant27931 (1).nc
27932,ANT,ANT_STATUS,ant/status/data,,,"(1,)",1,1,float32,ant27932.nc
27933,ANT,ANT_STATUS,ant/status/data,,,"(1,)",1,1,float32,ant27933.nc
27934,ANT,ANT_STATUS,ant/status/data,,,"(1,)",1,1,float32,ant27934.nc
27935,ANT,ANT_STATUS,ant/status/data,,,"(1,)",1,1,float32,ant27935.nc
27936,ANT,ANT_STATUS,ant/status/data,,,"(1,)",1,1,float32,ant27936.nc
27937,ANT,ANT_STATUS,ant/status/data,,,"(1,)",1,1,float32,ant27937.nc
27938,ANT,ANT_STATUS,ant/status/data,,,"(1,)",1,1,float32,ant27938.nc
27929,ANT,VERSION,ant/version/data,,,"(1,)",1,1,float32,ant27929.nc
27930,ANT,VERSION,ant/version/data,,,"(1,)",1,1,float32,ant27930 (1).nc
27931,ANT,VERSION,ant/version/data,,,"(1,)",1,1,float32,ant27931 (1).nc
27932,ANT,VERSION,ant/version/data,,,"(1,)",1,1,float32,ant27932.nc
27933,ANT,VERSION,ant/version/data,,,"(1,)",1,1,float32,ant27933.nc
27934,ANT,VERSION,ant/version/data,,,"(1,)",1,1,float32,ant27934.nc
27935,ANT,VERSION,ant/version/data,,,"(1,)",1,1,float32,ant27935.nc
27936,ANT,VERSION,ant/version/data,,,"(1,)",1,1,float32,ant27936.nc
27937,ANT,VERSION,ant/version/data,,,"(1,)",1,1,float32,ant27937.nc
27938,ANT,VERSION,ant/version/data,,,"(1,)",1,1,float32,ant27938.nc
27929,ANU,ANU_ERRORS,anu/errors/data,errors,"error, neutr","(300,)",1,300,float32,anu27929.nc
27930,ANU,ANU_ERRORS,anu/errors/data,errors,"error, neutr","(32233,)",1,32233,float32,anu27930 (1).nc
27931,ANU,ANU_ERRORS,anu/errors/data,errors,"error, neutr","(300,)",1,300,float32,anu27931 (1).nc
27932,ANU,ANU_ERRORS,anu/errors/data,errors,"error, neutr","(35726,)",1,35726,float32,anu27932.nc
27933,ANU,ANU_ERRORS,anu/errors/data,errors,"error, neutr","(23750,)",1,23750,float32,anu27933.nc
27934,ANU,ANU_ERRORS,anu/errors/data,errors,"error, neutr","(38221,)",1,38221,float32,anu27934.nc
27935,ANU,ANU_ERRORS,anu/errors/data,errors,"error, neutr","(34728,)",1,34728,float32,anu27935.nc
27936,ANU,ANU_ERRORS,anu/errors/data,errors,"error, neutr","(36724,)",1,36724,float32,anu27936.nc
27937,ANU,ANU_ERRORS,anu/errors/data,errors,"error, neutr","(25247,)",1,25247,float32,anu27937.nc
27938,ANU,ANU_ERRORS,anu/errors/data,errors,"error, neutr","(35227,)",1,35227,float32,anu27938.nc
27929,ANU,ANU_NEUTRONS,anu/neutrons/data,neutrons,neutrons/sec,"(300,)",1,300,float32,anu27929.nc
27930,ANU,ANU_NEUTRONS,anu/neutrons/data,neutrons,neutrons/sec,"(32233,)",1,32233,float32,anu27930 (1).nc
27931,ANU,ANU_NEUTRONS,anu/neutrons/data,neutrons,neutrons/sec,"(300,)",1,300,float32,anu27931 (1).nc
27932,ANU,ANU_NEUTRONS,anu/neutrons/data,neutrons,neutrons/sec,"(35726,)",1,35726,float32,anu27932.nc
27933,ANU,ANU_NEUTRONS,anu/neutrons/data,neutrons,neutrons/sec,"(23750,)",1,23750,float32,anu27933.nc
27934,ANU,ANU_NEUTRONS,anu/neutrons/data,neutrons,neutrons/sec,"(38221,)",1,38221,float32,anu27934.nc
27935,ANU,ANU_NEUTRONS,anu/neutrons/data,neutrons,neutrons/sec,"(34728,)",1,34728,float32,anu27935.nc
27936,ANU,ANU_NEUTRONS,anu/neutrons/data,neutrons,neutrons/sec,"(36724,)",1,36724,float32,anu27936.nc
27937,ANU,ANU_NEUTRONS,anu/neutrons/data,neutrons,neutrons/sec,"(25247,)",1,25247,float32,anu27937.nc
27938,ANU,ANU_NEUTRONS,anu/neutrons/data,neutrons,neutrons/sec,"(35227,)",1,35227,float32,anu27938.nc
27929,ANU,ANU_NEUTRONS_CB,anu/neutrons_cb/data,neutrons_cb,neutrons/sec,"(122880,)",1,122880,float32,anu27929.nc
27930,ANU,ANU_NEUTRONS_CB,anu/neutrons_cb/data,neutrons_cb,neutrons/sec,"(122880,)",1,122880,float32,anu27930 (1).nc
27931,ANU,ANU_NEUTRONS_CB,anu/neutrons_cb/data,neutrons_cb,neutrons/sec,"(122880,)",1,122880,float32,anu27931 (1).nc
27932,ANU,ANU_NEUTRONS_CB,anu/neutrons_cb/data,neutrons_cb,neutrons/sec,"(122880,)",1,122880,float32,anu27932.nc
27933,ANU,ANU_NEUTRONS_CB,anu/neutrons_cb/data,neutrons_cb,neutrons/sec,"(122880,)",1,122880,float32,anu27933.nc
27934,ANU,ANU_NEUTRONS_CB,anu/neutrons_cb/data,neutrons_cb,neutrons/sec,"(122880,)",1,122880,float32,anu27934.nc
27935,ANU,ANU_NEUTRONS_CB,anu/neutrons_cb/data,neutrons_cb,neutrons/sec,"(122880,)",1,122880,float32,anu27935.nc
27936,ANU,ANU_NEUTRONS_CB,anu/neutrons_cb/data,neutrons_cb,neutrons/sec,"(122880,)",1,122880,float32,anu27936.nc
27937,ANU,ANU_NEUTRONS_CB,anu/neutrons_cb/data,neutrons_cb,neutrons/sec,"(122880,)",1,122880,float32,anu27937.nc
27938,ANU,ANU_NEUTRONS_CB,anu/neutrons_cb/data,neutrons_cb,neutrons/sec,"(122880,)",1,122880,float32,anu27938.nc
27929,ANU,ANU_NEUTRONS_COUNT,anu/neutrons_count/data,neutrons_count,neutrons/sec,"(300,)",1,300,float32,anu27929.nc
27930,ANU,ANU_NEUTRONS_COUNT,anu/neutrons_count/data,neutrons_count,neutrons/sec,"(300,)",1,300,float32,anu27930 (1).nc
27931,ANU,ANU_NEUTRONS_COUNT,anu/neutrons_count/data,neutrons_count,neutrons/sec,"(300,)",1,300,float32,anu27931 (1).nc
27932,ANU,ANU_NEUTRONS_COUNT,anu/neutrons_count/data,neutrons_count,neutrons/sec,"(300,)",1,300,float32,anu27932.nc
27933,ANU,ANU_NEUTRONS_COUNT,anu/neutrons_count/data,neutrons_count,neutrons/sec,"(300,)",1,300,float32,anu27933.nc
27934,ANU,ANU_NEUTRONS_COUNT,anu/neutrons_count/data,neutrons_count,neutrons/sec,"(300,)",1,300,float32,anu27934.nc
27935,ANU,ANU_NEUTRONS_COUNT,anu/neutrons_count/data,neutrons_count,neutrons/sec,"(300,)",1,300,float32,anu27935.nc
27936,ANU,ANU_NEUTRONS_COUNT,anu/neutrons_count/data,neutrons_count,neutrons/sec,"(300,)",1,300,float32,anu27936.nc
27937,ANU,ANU_NEUTRONS_COUNT,anu/neutrons_count/data,neutrons_count,neutrons/sec,"(300,)",1,300,float32,anu27937.nc
27938,ANU,ANU_NEUTRONS_COUNT,anu/neutrons_count/data,neutrons_count,neutrons/sec,"(300,)",1,300,float32,anu27938.nc
27929,ANU,ANU_NEUTRONS_DC,anu/neutrons_dc/data,neutrons_dc,neutrons/sec,"(118881,)",1,118881,float32,anu27929.nc
27930,ANU,ANU_NEUTRONS_DC,anu/neutrons_dc/data,neutrons_dc,neutrons/sec,"(118881,)",1,118881,float32,anu27930 (1).nc
27931,ANU,ANU_NEUTRONS_DC,anu/neutrons_dc/data,neutrons_dc,neutrons/sec,"(118881,)",1,118881,float32,anu27931 (1).nc
27932,ANU,ANU_NEUTRONS_DC,anu/neutrons_dc/data,neutrons_dc,neutrons/sec,"(118881,)",1,118881,float32,anu27932.nc
27933,ANU,ANU_NEUTRONS_DC,anu/neutrons_dc/data,neutrons_dc,neutrons/sec,"(118881,)",1,118881,float32,anu27933.nc
27934,ANU,ANU_NEUTRONS_DC,anu/neutrons_dc/data,neutrons_dc,neutrons/sec,"(118881,)",1,118881,float32,anu27934.nc
27935,ANU,ANU_NEUTRONS_DC,anu/neutrons_dc/data,neutrons_dc,neutrons/sec,"(118881,)",1,118881,float32,anu27935.nc
27936,ANU,ANU_NEUTRONS_DC,anu/neutrons_dc/data,neutrons_dc,neutrons/sec,"(118881,)",1,118881,float32,anu27936.nc
27937,ANU,ANU_NEUTRONS_DC,anu/neutrons_dc/data,neutrons_dc,neutrons/sec,"(118881,)",1,118881,float32,anu27937.nc
27938,ANU,ANU_NEUTRONS_DC,anu/neutrons_dc/data,neutrons_dc,neutrons/sec,"(118881,)",1,118881,float32,anu27938.nc
27929,ANU,ANU_PASSNUMBER,anu/passnumber/data,,,"(1,)",1,1,float32,anu27929.nc
27930,ANU,ANU_PASSNUMBER,anu/passnumber/data,,,"(1,)",1,1,float32,anu27930 (1).nc
27931,ANU,ANU_PASSNUMBER,anu/passnumber/data,,,"(1,)",1,1,float32,anu27931 (1).nc
27932,ANU,ANU_PASSNUMBER,anu/passnumber/data,,,"(1,)",1,1,float32,anu27932.nc
27933,ANU,ANU_PASSNUMBER,anu/passnumber/data,,,"(1,)",1,1,float32,anu27933.nc
27934,ANU,ANU_PASSNUMBER,anu/passnumber/data,,,"(1,)",1,1,float32,anu27934.nc
27935,ANU,ANU_PASSNUMBER,anu/passnumber/data,,,"(1,)",1,1,float32,anu27935.nc
27936,ANU,ANU_PASSNUMBER,anu/passnumber/data,,,"(1,)",1,1,float32,anu27936.nc
27937,ANU,ANU_PASSNUMBER,anu/passnumber/data,,,"(1,)",1,1,float32,anu27937.nc
27938,ANU,ANU_PASSNUMBER,anu/passnumber/data,,,"(1,)",1,1,float32,anu27938.nc
27929,ANU,ANU_STATUS,anu/status/data,,,"(1,)",1,1,float32,anu27929.nc
27930,ANU,ANU_STATUS,anu/status/data,,,"(1,)",1,1,float32,anu27930 (1).nc
27931,ANU,ANU_STATUS,anu/status/data,,,"(1,)",1,1,float32,anu27931 (1).nc
27932,ANU,ANU_STATUS,anu/status/data,,,"(1,)",1,1,float32,anu27932.nc
27933,ANU,ANU_STATUS,anu/status/data,,,"(1,)",1,1,float32,anu27933.nc
27934,ANU,ANU_STATUS,anu/status/data,,,"(1,)",1,1,float32,anu27934.nc
27935,ANU,ANU_STATUS,anu/status/data,,,"(1,)",1,1,float32,anu27935.nc
27936,ANU,ANU_STATUS,anu/status/data,,,"(1,)",1,1,float32,anu27936.nc
27937,ANU,ANU_STATUS,anu/status/data,,,"(1,)",1,1,float32,anu27937.nc
27938,ANU,ANU_STATUS,anu/status/data,,,"(1,)",1,1,float32,anu27938.nc
27929,ANU,VERSION,anu/version/data,,,"(1,)",1,1,float32,anu27929.nc
27930,ANU,VERSION,anu/version/data,,,"(1,)",1,1,float32,anu27930 (1).nc
27931,ANU,VERSION,anu/version/data,,,"(1,)",1,1,float32,anu27931 (1).nc
27932,ANU,VERSION,anu/version/data,,,"(1,)",1,1,float32,anu27932.nc
27933,ANU,VERSION,anu/version/data,,,"(1,)",1,1,float32,anu27933.nc
27934,ANU,VERSION,anu/version/data,,,"(1,)",1,1,float32,anu27934.nc
27935,ANU,VERSION,anu/version/data,,,"(1,)",1,1,float32,anu27935.nc
27936,ANU,VERSION,anu/version/data,,,"(1,)",1,1,float32,anu27936.nc
27937,ANU,VERSION,anu/version/data,,,"(1,)",1,1,float32,anu27937.nc
27938,ANU,VERSION,anu/version/data,,,"(1,)",1,1,float32,anu27938.nc
27929,ASM,ASM_HM/PERIODS,asm/hm/periods/data,ARB,ARB,"(30000,)",1,30000,float32,asm27929.nc
27930,ASM,ASM_HM/PERIODS,asm/hm/periods/data,ARB,ARB,"(30000,)",1,30000,float32,asm27930.nc
27931,ASM,ASM_HM/PERIODS,asm/hm/periods/data,ARB,ARB,"(30000,)",1,30000,float32,asm27931 (1).nc
27932,ASM,ASM_HM/PERIODS,asm/hm/periods/data,ARB,ARB,"(30000,)",1,30000,float32,asm27932.nc
27933,ASM,ASM_HM/PERIODS,asm/hm/periods/data,ARB,ARB,"(30000,)",1,30000,float32,asm27933.nc
27934,ASM,ASM_HM/PERIODS,asm/hm/periods/data,ARB,ARB,"(30000,)",1,30000,float32,asm27934.nc
27935,ASM,ASM_HM/PERIODS,asm/hm/periods/data,ARB,ARB,"(30000,)",1,30000,float32,asm27935.nc
27936,ASM,ASM_HM/PERIODS,asm/hm/periods/data,ARB,ARB,"(30000,)",1,30000,float32,asm27936.nc
27937,ASM,ASM_HM/PERIODS,asm/hm/periods/data,ARB,ARB,"(30000,)",1,30000,float32,asm27937.nc
27938,ASM,ASM_HM/PERIODS,asm/hm/periods/data,ARB,ARB,"(30000,)",1,30000,float32,asm27938.nc
27929,ASM,ASM_HM/RATING,asm/hm/rating/data,ARB,ARB,"(30000,)",1,30000,float32,asm27929.nc
27930,ASM,ASM_HM/RATING,asm/hm/rating/data,ARB,ARB,"(30000,)",1,30000,float32,asm27930.nc
27931,ASM,ASM_HM/RATING,asm/hm/rating/data,ARB,ARB,"(30000,)",1,30000,float32,asm27931 (1).nc
27932,ASM,ASM_HM/RATING,asm/hm/rating/data,ARB,ARB,"(30000,)",1,30000,float32,asm27932.nc
27933,ASM,ASM_HM/RATING,asm/hm/rating/data,ARB,ARB,"(30000,)",1,30000,float32,asm27933.nc
27934,ASM,ASM_HM/RATING,asm/hm/rating/data,ARB,ARB,"(30000,)",1,30000,float32,asm27934.nc
27935,ASM,ASM_HM/RATING,asm/hm/rating/data,ARB,ARB,"(30000,)",1,30000,float32,asm27935.nc
27936,ASM,ASM_HM/RATING,asm/hm/rating/data,ARB,ARB,"(30000,)",1,30000,float32,asm27936.nc
27937,ASM,ASM_HM/RATING,asm/hm/rating/data,ARB,ARB,"(30000,)",1,30000,float32,asm27937.nc
27938,ASM,ASM_HM/RATING,asm/hm/rating/data,ARB,ARB,"(30000,)",1,30000,float32,asm27938.nc
27929,ASM,ASM_OUT/NN_PATTERN,asm/out/nn_pattern/data,Pattern,Pattern,"(1128,)",1,1128,float32,asm27929.nc
27930,ASM,ASM_OUT/NN_PATTERN,asm/out/nn_pattern/data,Pattern,Pattern,"(1182,)",1,1182,float32,asm27930.nc
27931,ASM,ASM_OUT/NN_PATTERN,asm/out/nn_pattern/data,Pattern,Pattern,"(885,)",1,885,float32,asm27931 (1).nc
27932,ASM,ASM_OUT/NN_PATTERN,asm/out/nn_pattern/data,Pattern,Pattern,"(1228,)",1,1228,float32,asm27932.nc
27933,ASM,ASM_OUT/NN_PATTERN,asm/out/nn_pattern/data,Pattern,Pattern,"(926,)",1,926,float32,asm27933.nc
27934,ASM,ASM_OUT/NN_PATTERN,asm/out/nn_pattern/data,Pattern,Pattern,"(1291,)",1,1291,float32,asm27934.nc
27935,ASM,ASM_OUT/NN_PATTERN,asm/out/nn_pattern/data,Pattern,Pattern,"(1207,)",1,1207,float32,asm27935.nc
27936,ASM,ASM_OUT/NN_PATTERN,asm/out/nn_pattern/data,Pattern,Pattern,"(1261,)",1,1261,float32,asm27936.nc
27937,ASM,ASM_OUT/NN_PATTERN,asm/out/nn_pattern/data,Pattern,Pattern,"(1082,)",1,1082,float32,asm27937.nc
27938,ASM,ASM_OUT/NN_PATTERN,asm/out/nn_pattern/data,Pattern,Pattern,"(1225,)",1,1225,float32,asm27938.nc
27929,ASM,ASM_OUT/NN_RATING,asm/out/nn_rating/data,ARB,ARB,"(1128,)",1,1128,float32,asm27929.nc
27930,ASM,ASM_OUT/NN_RATING,asm/out/nn_rating/data,ARB,ARB,"(1182,)",1,1182,float32,asm27930.nc
27931,ASM,ASM_OUT/NN_RATING,asm/out/nn_rating/data,ARB,ARB,"(885,)",1,885,float32,asm27931 (1).nc
27932,ASM,ASM_OUT/NN_RATING,asm/out/nn_rating/data,ARB,ARB,"(1228,)",1,1228,float32,asm27932.nc
27933,ASM,ASM_OUT/NN_RATING,asm/out/nn_rating/data,ARB,ARB,"(926,)",1,926,float32,asm27933.nc
27934,ASM,ASM_OUT/NN_RATING,asm/out/nn_rating/data,ARB,ARB,"(1291,)",1,1291,float32,asm27934.nc
27935,ASM,ASM_OUT/NN_RATING,asm/out/nn_rating/data,ARB,ARB,"(1207,)",1,1207,float32,asm27935.nc
27936,ASM,ASM_OUT/NN_RATING,asm/out/nn_rating/data,ARB,ARB,"(1261,)",1,1261,float32,asm27936.nc
27937,ASM,ASM_OUT/NN_RATING,asm/out/nn_rating/data,ARB,ARB,"(1082,)",1,1082,float32,asm27937.nc
27938,ASM,ASM_OUT/NN_RATING,asm/out/nn_rating/data,ARB,ARB,"(1225,)",1,1225,float32,asm27938.nc
27929,ASM,ASM_OUT/RATING,asm/out/rating/data,ARB,ARB,"(1128,)",1,1128,float32,asm27929.nc
27930,ASM,ASM_OUT/RATING,asm/out/rating/data,ARB,ARB,"(1182,)",1,1182,float32,asm27930.nc
27931,ASM,ASM_OUT/RATING,asm/out/rating/data,ARB,ARB,"(885,)",1,885,float32,asm27931 (1).nc
27932,ASM,ASM_OUT/RATING,asm/out/rating/data,ARB,ARB,"(1228,)",1,1228,float32,asm27932.nc
27933,ASM,ASM_OUT/RATING,asm/out/rating/data,ARB,ARB,"(926,)",1,926,float32,asm27933.nc
27934,ASM,ASM_OUT/RATING,asm/out/rating/data,ARB,ARB,"(1291,)",1,1291,float32,asm27934.nc
27935,ASM,ASM_OUT/RATING,asm/out/rating/data,ARB,ARB,"(1207,)",1,1207,float32,asm27935.nc
27936,ASM,ASM_OUT/RATING,asm/out/rating/data,ARB,ARB,"(1261,)",1,1261,float32,asm27936.nc
27937,ASM,ASM_OUT/RATING,asm/out/rating/data,ARB,ARB,"(1082,)",1,1082,float32,asm27937.nc
27938,ASM,ASM_OUT/RATING,asm/out/rating/data,ARB,ARB,"(1225,)",1,1225,float32,asm27938.nc
27929,ASM,ASM_OUT/SIGNAL,asm/out/signal/data,mT,mT,"(1128,)",1,1128,float32,asm27929.nc
27930,ASM,ASM_OUT/SIGNAL,asm/out/signal/data,mT,mT,"(1182,)",1,1182,float32,asm27930.nc
27931,ASM,ASM_OUT/SIGNAL,asm/out/signal/data,mT,mT,"(885,)",1,885,float32,asm27931 (1).nc
27932,ASM,ASM_OUT/SIGNAL,asm/out/signal/data,mT,mT,"(1228,)",1,1228,float32,asm27932.nc
27933,ASM,ASM_OUT/SIGNAL,asm/out/signal/data,mT,mT,"(926,)",1,926,float32,asm27933.nc
27934,ASM,ASM_OUT/SIGNAL,asm/out/signal/data,mT,mT,"(1291,)",1,1291,float32,asm27934.nc
27935,ASM,ASM_OUT/SIGNAL,asm/out/signal/data,mT,mT,"(1207,)",1,1207,float32,asm27935.nc
27936,ASM,ASM_OUT/SIGNAL,asm/out/signal/data,mT,mT,"(1261,)",1,1261,float32,asm27936.nc
27937,ASM,ASM_OUT/SIGNAL,asm/out/signal/data,mT,mT,"(1082,)",1,1082,float32,asm27937.nc
27938,ASM,ASM_OUT/SIGNAL,asm/out/signal/data,mT,mT,"(1225,)",1,1225,float32,asm27938.nc
27929,ASM,ASM_OUT/THETA,asm/out/theta/data,Radians,Radians,"(2257,)",1,2257,float32,asm27929.nc
27930,ASM,ASM_OUT/THETA,asm/out/theta/data,Radians,Radians,"(2364,)",1,2364,float32,asm27930.nc
27931,ASM,ASM_OUT/THETA,asm/out/theta/data,Radians,Radians,"(1771,)",1,1771,float32,asm27931 (1).nc
27932,ASM,ASM_OUT/THETA,asm/out/theta/data,Radians,Radians,"(2457,)",1,2457,float32,asm27932.nc
27933,ASM,ASM_OUT/THETA,asm/out/theta/data,Radians,Radians,"(1853,)",1,1853,float32,asm27933.nc
27934,ASM,ASM_OUT/THETA,asm/out/theta/data,Radians,Radians,"(2583,)",1,2583,float32,asm27934.nc
27935,ASM,ASM_OUT/THETA,asm/out/theta/data,Radians,Radians,"(2415,)",1,2415,float32,asm27935.nc
27936,ASM,ASM_OUT/THETA,asm/out/theta/data,Radians,Radians,"(2523,)",1,2523,float32,asm27936.nc
27937,ASM,ASM_OUT/THETA,asm/out/theta/data,Radians,Radians,"(2164,)",1,2164,float32,asm27937.nc
27938,ASM,ASM_OUT/THETA,asm/out/theta/data,Radians,Radians,"(2450,)",1,2450,float32,asm27938.nc
27929,ASM,ASM_OUT/THETA_DEVIATION,asm/out/theta_deviation/data,ARB,ARB,"(2257,)",1,2257,float32,asm27929.nc
27930,ASM,ASM_OUT/THETA_DEVIATION,asm/out/theta_deviation/data,ARB,ARB,"(2364,)",1,2364,float32,asm27930.nc
27931,ASM,ASM_OUT/THETA_DEVIATION,asm/out/theta_deviation/data,ARB,ARB,"(1771,)",1,1771,float32,asm27931 (1).nc
27932,ASM,ASM_OUT/THETA_DEVIATION,asm/out/theta_deviation/data,ARB,ARB,"(2457,)",1,2457,float32,asm27932.nc
27933,ASM,ASM_OUT/THETA_DEVIATION,asm/out/theta_deviation/data,ARB,ARB,"(1853,)",1,1853,float32,asm27933.nc
27934,ASM,ASM_OUT/THETA_DEVIATION,asm/out/theta_deviation/data,ARB,ARB,"(2583,)",1,2583,float32,asm27934.nc
27935,ASM,ASM_OUT/THETA_DEVIATION,asm/out/theta_deviation/data,ARB,ARB,"(2415,)",1,2415,float32,asm27935.nc
27936,ASM,ASM_OUT/THETA_DEVIATION,asm/out/theta_deviation/data,ARB,ARB,"(2523,)",1,2523,float32,asm27936.nc
27937,ASM,ASM_OUT/THETA_DEVIATION,asm/out/theta_deviation/data,ARB,ARB,"(2164,)",1,2164,float32,asm27937.nc
27938,ASM,ASM_OUT/THETA_DEVIATION,asm/out/theta_deviation/data,ARB,ARB,"(2450,)",1,2450,float32,asm27938.nc
27929,ASM,ASM_PASSNUMBER,asm/passnumber/data,Passno,Passno,"(1,)",1,1,float32,asm27929.nc
27930,ASM,ASM_PASSNUMBER,asm/passnumber/data,Passno,Passno,"(1,)",1,1,float32,asm27930.nc
27931,ASM,ASM_PASSNUMBER,asm/passnumber/data,Passno,Passno,"(1,)",1,1,float32,asm27931 (1).nc
27932,ASM,ASM_PASSNUMBER,asm/passnumber/data,Passno,Passno,"(1,)",1,1,float32,asm27932.nc
27933,ASM,ASM_PASSNUMBER,asm/passnumber/data,Passno,Passno,"(1,)",1,1,float32,asm27933.nc
27934,ASM,ASM_PASSNUMBER,asm/passnumber/data,Passno,Passno,"(1,)",1,1,float32,asm27934.nc
27935,ASM,ASM_PASSNUMBER,asm/passnumber/data,Passno,Passno,"(1,)",1,1,float32,asm27935.nc
27936,ASM,ASM_PASSNUMBER,asm/passnumber/data,Passno,Passno,"(1,)",1,1,float32,asm27936.nc
27937,ASM,ASM_PASSNUMBER,asm/passnumber/data,Passno,Passno,"(1,)",1,1,float32,asm27937.nc
27938,ASM,ASM_PASSNUMBER,asm/passnumber/data,Passno,Passno,"(1,)",1,1,float32,asm27938.nc
27929,ASM,ASM_SAD/D01 1-7,asm/sad/d01_1-7/data,mT,mT,"(2257,)",1,2257,float32,asm27929.nc
27930,ASM,ASM_SAD/D01 1-7,asm/sad/d01_1-7/data,mT,mT,"(2364,)",1,2364,float32,asm27930.nc
27931,ASM,ASM_SAD/D01 1-7,asm/sad/d01_1-7/data,mT,mT,"(1771,)",1,1771,float32,asm27931 (1).nc
27932,ASM,ASM_SAD/D01 1-7,asm/sad/d01_1-7/data,mT,mT,"(2457,)",1,2457,float32,asm27932.nc
27933,ASM,ASM_SAD/D01 1-7,asm/sad/d01_1-7/data,mT,mT,"(1853,)",1,1853,float32,asm27933.nc
27934,ASM,ASM_SAD/D01 1-7,asm/sad/d01_1-7/data,mT,mT,"(2583,)",1,2583,float32,asm27934.nc
27935,ASM,ASM_SAD/D01 1-7,asm/sad/d01_1-7/data,mT,mT,"(2415,)",1,2415,float32,asm27935.nc
27936,ASM,ASM_SAD/D01 1-7,asm/sad/d01_1-7/data,mT,mT,"(2523,)",1,2523,float32,asm27936.nc
27937,ASM,ASM_SAD/D01 1-7,asm/sad/d01_1-7/data,mT,mT,"(2164,)",1,2164,float32,asm27937.nc
27938,ASM,ASM_SAD/D01 1-7,asm/sad/d01_1-7/data,mT,mT,"(2450,)",1,2450,float32,asm27938.nc
27929,ASM,ASM_SAD/D02 2-8,asm/sad/d02_2-8/data,mT,mT,"(2257,)",1,2257,float32,asm27929.nc
27930,ASM,ASM_SAD/D02 2-8,asm/sad/d02_2-8/data,mT,mT,"(2364,)",1,2364,float32,asm27930.nc
27931,ASM,ASM_SAD/D02 2-8,asm/sad/d02_2-8/data,mT,mT,"(1771,)",1,1771,float32,asm27931 (1).nc
27932,ASM,ASM_SAD/D02 2-8,asm/sad/d02_2-8/data,mT,mT,"(2457,)",1,2457,float32,asm27932.nc
27933,ASM,ASM_SAD/D02 2-8,asm/sad/d02_2-8/data,mT,mT,"(1853,)",1,1853,float32,asm27933.nc
27934,ASM,ASM_SAD/D02 2-8,asm/sad/d02_2-8/data,mT,mT,"(2583,)",1,2583,float32,asm27934.nc
27935,ASM,ASM_SAD/D02 2-8,asm/sad/d02_2-8/data,mT,mT,"(2415,)",1,2415,float32,asm27935.nc
27936,ASM,ASM_SAD/D02 2-8,asm/sad/d02_2-8/data,mT,mT,"(2523,)",1,2523,float32,asm27936.nc
27937,ASM,ASM_SAD/D02 2-8,asm/sad/d02_2-8/data,mT,mT,"(2164,)",1,2164,float32,asm27937.nc
27938,ASM,ASM_SAD/D02 2-8,asm/sad/d02_2-8/data,mT,mT,"(2450,)",1,2450,float32,asm27938.nc
27929,ASM,ASM_SAD/D03 4-10,asm/sad/d03_4-10/data,mT,mT,"(2257,)",1,2257,float32,asm27929.nc
27930,ASM,ASM_SAD/D03 4-10,asm/sad/d03_4-10/data,mT,mT,"(2364,)",1,2364,float32,asm27930.nc
27931,ASM,ASM_SAD/D03 4-10,asm/sad/d03_4-10/data,mT,mT,"(1771,)",1,1771,float32,asm27931 (1).nc
27932,ASM,ASM_SAD/D03 4-10,asm/sad/d03_4-10/data,mT,mT,"(2457,)",1,2457,float32,asm27932.nc
27933,ASM,ASM_SAD/D03 4-10,asm/sad/d03_4-10/data,mT,mT,"(1853,)",1,1853,float32,asm27933.nc
27934,ASM,ASM_SAD/D03 4-10,asm/sad/d03_4-10/data,mT,mT,"(2583,)",1,2583,float32,asm27934.nc
27935,ASM,ASM_SAD/D03 4-10,asm/sad/d03_4-10/data,mT,mT,"(2415,)",1,2415,float32,asm27935.nc
27936,ASM,ASM_SAD/D03 4-10,asm/sad/d03_4-10/data,mT,mT,"(2523,)",1,2523,float32,asm27936.nc
27937,ASM,ASM_SAD/D03 4-10,asm/sad/d03_4-10/data,mT,mT,"(2164,)",1,2164,float32,asm27937.nc
27938,ASM,ASM_SAD/D03 4-10,asm/sad/d03_4-10/data,mT,mT,"(2450,)",1,2450,float32,asm27938.nc
27929,ASM,ASM_SAD/D04 5-11,asm/sad/d04_5-11/data,mT,mT,"(2257,)",1,2257,float32,asm27929.nc
27930,ASM,ASM_SAD/D04 5-11,asm/sad/d04_5-11/data,mT,mT,"(2364,)",1,2364,float32,asm27930.nc
27931,ASM,ASM_SAD/D04 5-11,asm/sad/d04_5-11/data,mT,mT,"(1771,)",1,1771,float32,asm27931 (1).nc
27932,ASM,ASM_SAD/D04 5-11,asm/sad/d04_5-11/data,mT,mT,"(2457,)",1,2457,float32,asm27932.nc
27933,ASM,ASM_SAD/D04 5-11,asm/sad/d04_5-11/data,mT,mT,"(1853,)",1,1853,float32,asm27933.nc
27934,ASM,ASM_SAD/D04 5-11,asm/sad/d04_5-11/data,mT,mT,"(2583,)",1,2583,float32,asm27934.nc
27935,ASM,ASM_SAD/D04 5-11,asm/sad/d04_5-11/data,mT,mT,"(2415,)",1,2415,float32,asm27935.nc
27936,ASM,ASM_SAD/D04 5-11,asm/sad/d04_5-11/data,mT,mT,"(2523,)",1,2523,float32,asm27936.nc
27937,ASM,ASM_SAD/D04 5-11,asm/sad/d04_5-11/data,mT,mT,"(2164,)",1,2164,float32,asm27937.nc
27938,ASM,ASM_SAD/D04 5-11,asm/sad/d04_5-11/data,mT,mT,"(2450,)",1,2450,float32,asm27938.nc
27929,ASM,ASM_SAD/D05 6-12,asm/sad/d05_6-12/data,mT,mT,"(2257,)",1,2257,float32,asm27929.nc
27930,ASM,ASM_SAD/D05 6-12,asm/sad/d05_6-12/data,mT,mT,"(2364,)",1,2364,float32,asm27930.nc
27931,ASM,ASM_SAD/D05 6-12,asm/sad/d05_6-12/data,mT,mT,"(1771,)",1,1771,float32,asm27931 (1).nc
27932,ASM,ASM_SAD/D05 6-12,asm/sad/d05_6-12/data,mT,mT,"(2457,)",1,2457,float32,asm27932.nc
27933,ASM,ASM_SAD/D05 6-12,asm/sad/d05_6-12/data,mT,mT,"(1853,)",1,1853,float32,asm27933.nc
27934,ASM,ASM_SAD/D05 6-12,asm/sad/d05_6-12/data,mT,mT,"(2583,)",1,2583,float32,asm27934.nc
27935,ASM,ASM_SAD/D05 6-12,asm/sad/d05_6-12/data,mT,mT,"(2415,)",1,2415,float32,asm27935.nc
27936,ASM,ASM_SAD/D05 6-12,asm/sad/d05_6-12/data,mT,mT,"(2523,)",1,2523,float32,asm27936.nc
27937,ASM,ASM_SAD/D05 6-12,asm/sad/d05_6-12/data,mT,mT,"(2164,)",1,2164,float32,asm27937.nc
27938,ASM,ASM_SAD/D05 6-12,asm/sad/d05_6-12/data,mT,mT,"(2450,)",1,2450,float32,asm27938.nc
27929,ASM,ASM_SAD/M01,asm/sad/m01/data,mT,mT,"(2257,)",1,2257,float32,asm27929.nc
27930,ASM,ASM_SAD/M01,asm/sad/m01/data,mT,mT,"(2364,)",1,2364,float32,asm27930.nc
27931,ASM,ASM_SAD/M01,asm/sad/m01/data,mT,mT,"(1771,)",1,1771,float32,asm27931 (1).nc
27932,ASM,ASM_SAD/M01,asm/sad/m01/data,mT,mT,"(2457,)",1,2457,float32,asm27932.nc
27933,ASM,ASM_SAD/M01,asm/sad/m01/data,mT,mT,"(1853,)",1,1853,float32,asm27933.nc
27934,ASM,ASM_SAD/M01,asm/sad/m01/data,mT,mT,"(2583,)",1,2583,float32,asm27934.nc
27935,ASM,ASM_SAD/M01,asm/sad/m01/data,mT,mT,"(2415,)",1,2415,float32,asm27935.nc
27936,ASM,ASM_SAD/M01,asm/sad/m01/data,mT,mT,"(2523,)",1,2523,float32,asm27936.nc
27937,ASM,ASM_SAD/M01,asm/sad/m01/data,mT,mT,"(2164,)",1,2164,float32,asm27937.nc
27938,ASM,ASM_SAD/M01,asm/sad/m01/data,mT,mT,"(2450,)",1,2450,float32,asm27938.nc
27929,ASM,ASM_SAD/M010,asm/sad/m010/data,mT,mT,"(2257,)",1,2257,float32,asm27929.nc
27930,ASM,ASM_SAD/M010,asm/sad/m010/data,mT,mT,"(2364,)",1,2364,float32,asm27930.nc
27931,ASM,ASM_SAD/M010,asm/sad/m010/data,mT,mT,"(1771,)",1,1771,float32,asm27931 (1).nc
27932,ASM,ASM_SAD/M010,asm/sad/m010/data,mT,mT,"(2457,)",1,2457,float32,asm27932.nc
27933,ASM,ASM_SAD/M010,asm/sad/m010/data,mT,mT,"(1853,)",1,1853,float32,asm27933.nc
27934,ASM,ASM_SAD/M010,asm/sad/m010/data,mT,mT,"(2583,)",1,2583,float32,asm27934.nc
27935,ASM,ASM_SAD/M010,asm/sad/m010/data,mT,mT,"(2415,)",1,2415,float32,asm27935.nc
27936,ASM,ASM_SAD/M010,asm/sad/m010/data,mT,mT,"(2523,)",1,2523,float32,asm27936.nc
27937,ASM,ASM_SAD/M010,asm/sad/m010/data,mT,mT,"(2164,)",1,2164,float32,asm27937.nc
27938,ASM,ASM_SAD/M010,asm/sad/m010/data,mT,mT,"(2450,)",1,2450,float32,asm27938.nc
27929,ASM,ASM_SAD/M011,asm/sad/m011/data,mT,mT,"(2257,)",1,2257,float32,asm27929.nc
27930,ASM,ASM_SAD/M011,asm/sad/m011/data,mT,mT,"(2364,)",1,2364,float32,asm27930.nc
27931,ASM,ASM_SAD/M011,asm/sad/m011/data,mT,mT,"(1771,)",1,1771,float32,asm27931 (1).nc
27932,ASM,ASM_SAD/M011,asm/sad/m011/data,mT,mT,"(2457,)",1,2457,float32,asm27932.nc
27933,ASM,ASM_SAD/M011,asm/sad/m011/data,mT,mT,"(1853,)",1,1853,float32,asm27933.nc
27934,ASM,ASM_SAD/M011,asm/sad/m011/data,mT,mT,"(2583,)",1,2583,float32,asm27934.nc
27935,ASM,ASM_SAD/M011,asm/sad/m011/data,mT,mT,"(2415,)",1,2415,float32,asm27935.nc
27936,ASM,ASM_SAD/M011,asm/sad/m011/data,mT,mT,"(2523,)",1,2523,float32,asm27936.nc
27937,ASM,ASM_SAD/M011,asm/sad/m011/data,mT,mT,"(2164,)",1,2164,float32,asm27937.nc
27938,ASM,ASM_SAD/M011,asm/sad/m011/data,mT,mT,"(2450,)",1,2450,float32,asm27938.nc
27929,ASM,ASM_SAD/M012,asm/sad/m012/data,mT,mT,"(2257,)",1,2257,float32,asm27929.nc
27930,ASM,ASM_SAD/M012,asm/sad/m012/data,mT,mT,"(2364,)",1,2364,float32,asm27930.nc
27931,ASM,ASM_SAD/M012,asm/sad/m012/data,mT,mT,"(1771,)",1,1771,float32,asm27931 (1).nc
27932,ASM,ASM_SAD/M012,asm/sad/m012/data,mT,mT,"(2457,)",1,2457,float32,asm27932.nc
27933,ASM,ASM_SAD/M012,asm/sad/m012/data,mT,mT,"(1853,)",1,1853,float32,asm27933.nc
27934,ASM,ASM_SAD/M012,asm/sad/m012/data,mT,mT,"(2583,)",1,2583,float32,asm27934.nc
27935,ASM,ASM_SAD/M012,asm/sad/m012/data,mT,mT,"(2415,)",1,2415,float32,asm27935.nc
27936,ASM,ASM_SAD/M012,asm/sad/m012/data,mT,mT,"(2523,)",1,2523,float32,asm27936.nc
27937,ASM,ASM_SAD/M012,asm/sad/m012/data,mT,mT,"(2164,)",1,2164,float32,asm27937.nc
27938,ASM,ASM_SAD/M012,asm/sad/m012/data,mT,mT,"(2450,)",1,2450,float32,asm27938.nc
27929,ASM,ASM_SAD/M02,asm/sad/m02/data,mT,mT,"(2257,)",1,2257,float32,asm27929.nc
27930,ASM,ASM_SAD/M02,asm/sad/m02/data,mT,mT,"(2364,)",1,2364,float32,asm27930.nc
27931,ASM,ASM_SAD/M02,asm/sad/m02/data,mT,mT,"(1771,)",1,1771,float32,asm27931 (1).nc
27932,ASM,ASM_SAD/M02,asm/sad/m02/data,mT,mT,"(2457,)",1,2457,float32,asm27932.nc
27933,ASM,ASM_SAD/M02,asm/sad/m02/data,mT,mT,"(1853,)",1,1853,float32,asm27933.nc
27934,ASM,ASM_SAD/M02,asm/sad/m02/data,mT,mT,"(2583,)",1,2583,float32,asm27934.nc
27935,ASM,ASM_SAD/M02,asm/sad/m02/data,mT,mT,"(2415,)",1,2415,float32,asm27935.nc
27936,ASM,ASM_SAD/M02,asm/sad/m02/data,mT,mT,"(2523,)",1,2523,float32,asm27936.nc
27937,ASM,ASM_SAD/M02,asm/sad/m02/data,mT,mT,"(2164,)",1,2164,float32,asm27937.nc
27938,ASM,ASM_SAD/M02,asm/sad/m02/data,mT,mT,"(2450,)",1,2450,float32,asm27938.nc
27929,ASM,ASM_SAD/M03,asm/sad/m03/data,mT,mT,"(2257,)",1,2257,float32,asm27929.nc
27930,ASM,ASM_SAD/M03,asm/sad/m03/data,mT,mT,"(2364,)",1,2364,float32,asm27930.nc
27931,ASM,ASM_SAD/M03,asm/sad/m03/data,mT,mT,"(1771,)",1,1771,float32,asm27931 (1).nc
27932,ASM,ASM_SAD/M03,asm/sad/m03/data,mT,mT,"(2457,)",1,2457,float32,asm27932.nc
27933,ASM,ASM_SAD/M03,asm/sad/m03/data,mT,mT,"(1853,)",1,1853,float32,asm27933.nc
27934,ASM,ASM_SAD/M03,asm/sad/m03/data,mT,mT,"(2583,)",1,2583,float32,asm27934.nc
27935,ASM,ASM_SAD/M03,asm/sad/m03/data,mT,mT,"(2415,)",1,2415,float32,asm27935.nc
27936,ASM,ASM_SAD/M03,asm/sad/m03/data,mT,mT,"(2523,)",1,2523,float32,asm27936.nc
27937,ASM,ASM_SAD/M03,asm/sad/m03/data,mT,mT,"(2164,)",1,2164,float32,asm27937.nc
27938,ASM,ASM_SAD/M03,asm/sad/m03/data,mT,mT,"(2450,)",1,2450,float32,asm27938.nc
27929,ASM,ASM_SAD/M04,asm/sad/m04/data,mT,mT,"(2257,)",1,2257,float32,asm27929.nc
27930,ASM,ASM_SAD/M04,asm/sad/m04/data,mT,mT,"(2364,)",1,2364,float32,asm27930.nc
27931,ASM,ASM_SAD/M04,asm/sad/m04/data,mT,mT,"(1771,)",1,1771,float32,asm27931 (1).nc
27932,ASM,ASM_SAD/M04,asm/sad/m04/data,mT,mT,"(2457,)",1,2457,float32,asm27932.nc
27933,ASM,ASM_SAD/M04,asm/sad/m04/data,mT,mT,"(1853,)",1,1853,float32,asm27933.nc
27934,ASM,ASM_SAD/M04,asm/sad/m04/data,mT,mT,"(2583,)",1,2583,float32,asm27934.nc
27935,ASM,ASM_SAD/M04,asm/sad/m04/data,mT,mT,"(2415,)",1,2415,float32,asm27935.nc
27936,ASM,ASM_SAD/M04,asm/sad/m04/data,mT,mT,"(2523,)",1,2523,float32,asm27936.nc
27937,ASM,ASM_SAD/M04,asm/sad/m04/data,mT,mT,"(2164,)",1,2164,float32,asm27937.nc
27938,ASM,ASM_SAD/M04,asm/sad/m04/data,mT,mT,"(2450,)",1,2450,float32,asm27938.nc
27929,ASM,ASM_SAD/M05,asm/sad/m05/data,mT,mT,"(2257,)",1,2257,float32,asm27929.nc
27930,ASM,ASM_SAD/M05,asm/sad/m05/data,mT,mT,"(2364,)",1,2364,float32,asm27930.nc
27931,ASM,ASM_SAD/M05,asm/sad/m05/data,mT,mT,"(1771,)",1,1771,float32,asm27931 (1).nc
27932,ASM,ASM_SAD/M05,asm/sad/m05/data,mT,mT,"(2457,)",1,2457,float32,asm27932.nc
27933,ASM,ASM_SAD/M05,asm/sad/m05/data,mT,mT,"(1853,)",1,1853,float32,asm27933.nc
27934,ASM,ASM_SAD/M05,asm/sad/m05/data,mT,mT,"(2583,)",1,2583,float32,asm27934.nc
27935,ASM,ASM_SAD/M05,asm/sad/m05/data,mT,mT,"(2415,)",1,2415,float32,asm27935.nc
27936,ASM,ASM_SAD/M05,asm/sad/m05/data,mT,mT,"(2523,)",1,2523,float32,asm27936.nc
27937,ASM,ASM_SAD/M05,asm/sad/m05/data,mT,mT,"(2164,)",1,2164,float32,asm27937.nc
27938,ASM,ASM_SAD/M05,asm/sad/m05/data,mT,mT,"(2450,)",1,2450,float32,asm27938.nc
27929,ASM,ASM_SAD/M06,asm/sad/m06/data,mT,mT,"(2257,)",1,2257,float32,asm27929.nc
27930,ASM,ASM_SAD/M06,asm/sad/m06/data,mT,mT,"(2364,)",1,2364,float32,asm27930.nc
27931,ASM,ASM_SAD/M06,asm/sad/m06/data,mT,mT,"(1771,)",1,1771,float32,asm27931 (1).nc
27932,ASM,ASM_SAD/M06,asm/sad/m06/data,mT,mT,"(2457,)",1,2457,float32,asm27932.nc
27933,ASM,ASM_SAD/M06,asm/sad/m06/data,mT,mT,"(1853,)",1,1853,float32,asm27933.nc
27934,ASM,ASM_SAD/M06,asm/sad/m06/data,mT,mT,"(2583,)",1,2583,float32,asm27934.nc
27935,ASM,ASM_SAD/M06,asm/sad/m06/data,mT,mT,"(2415,)",1,2415,float32,asm27935.nc
27936,ASM,ASM_SAD/M06,asm/sad/m06/data,mT,mT,"(2523,)",1,2523,float32,asm27936.nc
27937,ASM,ASM_SAD/M06,asm/sad/m06/data,mT,mT,"(2164,)",1,2164,float32,asm27937.nc
27938,ASM,ASM_SAD/M06,asm/sad/m06/data,mT,mT,"(2450,)",1,2450,float32,asm27938.nc
27929,ASM,ASM_SAD/M07,asm/sad/m07/data,mT,mT,"(2257,)",1,2257,float32,asm27929.nc
27930,ASM,ASM_SAD/M07,asm/sad/m07/data,mT,mT,"(2364,)",1,2364,float32,asm27930.nc
27931,ASM,ASM_SAD/M07,asm/sad/m07/data,mT,mT,"(1771,)",1,1771,float32,asm27931 (1).nc
27932,ASM,ASM_SAD/M07,asm/sad/m07/data,mT,mT,"(2457,)",1,2457,float32,asm27932.nc
27933,ASM,ASM_SAD/M07,asm/sad/m07/data,mT,mT,"(1853,)",1,1853,float32,asm27933.nc
27934,ASM,ASM_SAD/M07,asm/sad/m07/data,mT,mT,"(2583,)",1,2583,float32,asm27934.nc
27935,ASM,ASM_SAD/M07,asm/sad/m07/data,mT,mT,"(2415,)",1,2415,float32,asm27935.nc
27936,ASM,ASM_SAD/M07,asm/sad/m07/data,mT,mT,"(2523,)",1,2523,float32,asm27936.nc
27937,ASM,ASM_SAD/M07,asm/sad/m07/data,mT,mT,"(2164,)",1,2164,float32,asm27937.nc
27938,ASM,ASM_SAD/M07,asm/sad/m07/data,mT,mT,"(2450,)",1,2450,float32,asm27938.nc
27929,ASM,ASM_SAD/M08,asm/sad/m08/data,mT,mT,"(2257,)",1,2257,float32,asm27929.nc
27930,ASM,ASM_SAD/M08,asm/sad/m08/data,mT,mT,"(2364,)",1,2364,float32,asm27930.nc
27931,ASM,ASM_SAD/M08,asm/sad/m08/data,mT,mT,"(1771,)",1,1771,float32,asm27931 (1).nc
27932,ASM,ASM_SAD/M08,asm/sad/m08/data,mT,mT,"(2457,)",1,2457,float32,asm27932.nc
27933,ASM,ASM_SAD/M08,asm/sad/m08/data,mT,mT,"(1853,)",1,1853,float32,asm27933.nc
27934,ASM,ASM_SAD/M08,asm/sad/m08/data,mT,mT,"(2583,)",1,2583,float32,asm27934.nc
27935,ASM,ASM_SAD/M08,asm/sad/m08/data,mT,mT,"(2415,)",1,2415,float32,asm27935.nc
27936,ASM,ASM_SAD/M08,asm/sad/m08/data,mT,mT,"(2523,)",1,2523,float32,asm27936.nc
27937,ASM,ASM_SAD/M08,asm/sad/m08/data,mT,mT,"(2164,)",1,2164,float32,asm27937.nc
27938,ASM,ASM_SAD/M08,asm/sad/m08/data,mT,mT,"(2450,)",1,2450,float32,asm27938.nc
27929,ASM,ASM_STATUS,asm/status/data,Status,Status,"(1,)",1,1,float32,asm27929.nc
27930,ASM,ASM_STATUS,asm/status/data,Status,Status,"(1,)",1,1,float32,asm27930.nc
27931,ASM,ASM_STATUS,asm/status/data,Status,Status,"(1,)",1,1,float32,asm27931 (1).nc
27932,ASM,ASM_STATUS,asm/status/data,Status,Status,"(1,)",1,1,float32,asm27932.nc
27933,ASM,ASM_STATUS,asm/status/data,Status,Status,"(1,)",1,1,float32,asm27933.nc
27934,ASM,ASM_STATUS,asm/status/data,Status,Status,"(1,)",1,1,float32,asm27934.nc
27935,ASM,ASM_STATUS,asm/status/data,Status,Status,"(1,)",1,1,float32,asm27935.nc
27936,ASM,ASM_STATUS,asm/status/data,Status,Status,"(1,)",1,1,float32,asm27936.nc
27937,ASM,ASM_STATUS,asm/status/data,Status,Status,"(1,)",1,1,float32,asm27937.nc
27938,ASM,ASM_STATUS,asm/status/data,Status,Status,"(1,)",1,1,float32,asm27938.nc
27929,ASX,ASX_ELM FREQS,asx/elm_freqs/data,ELM frequencies,Hz,"(2,)",1,2,float32,asx27929.nc
27930,ASX,ASX_ELM FREQS,asx/elm_freqs/data,ELM frequencies,Hz,"(2,)",1,2,float32,asx27930.nc
27931,ASX,ASX_ELM FREQS,asx/elm_freqs/data,ELM frequencies,Hz,"(2,)",1,2,float32,asx27931 (1).nc
27932,ASX,ASX_ELM FREQS,asx/elm_freqs/data,ELM frequencies,Hz,"(2,)",1,2,float32,asx27932.nc
27933,ASX,ASX_ELM FREQS,asx/elm_freqs/data,ELM frequencies,Hz,"(2,)",1,2,float32,asx27933.nc
27934,ASX,ASX_ELM FREQS,asx/elm_freqs/data,ELM frequencies,Hz,"(2,)",1,2,float32,asx27934.nc
27935,ASX,ASX_ELM FREQS,asx/elm_freqs/data,ELM frequencies,Hz,"(2,)",1,2,float32,asx27935.nc
27936,ASX,ASX_ELM FREQS,asx/elm_freqs/data,ELM frequencies,Hz,"(2,)",1,2,float32,asx27936.nc
27937,ASX,ASX_ELM FREQS,asx/elm_freqs/data,ELM frequencies,Hz,"(2,)",1,2,float32,asx27937.nc
27938,ASX,ASX_ELM FREQS,asx/elm_freqs/data,ELM frequencies,Hz,"(2,)",1,2,float32,asx27938.nc
27929,ASX,ASX_ELMY,asx/elmy/data,ELMy periods,Boolean,"(2,)",1,2,float32,asx27929.nc
27930,ASX,ASX_ELMY,asx/elmy/data,ELMy periods,Boolean,"(2,)",1,2,float32,asx27930.nc
27931,ASX,ASX_ELMY,asx/elmy/data,ELMy periods,Boolean,"(2,)",1,2,float32,asx27931 (1).nc
27932,ASX,ASX_ELMY,asx/elmy/data,ELMy periods,Boolean,"(2,)",1,2,float32,asx27932.nc
27933,ASX,ASX_ELMY,asx/elmy/data,ELMy periods,Boolean,"(2,)",1,2,float32,asx27933.nc
27934,ASX,ASX_ELMY,asx/elmy/data,ELMy periods,Boolean,"(2,)",1,2,float32,asx27934.nc
27935,ASX,ASX_ELMY,asx/elmy/data,ELMy periods,Boolean,"(2,)",1,2,float32,asx27935.nc
27936,ASX,ASX_ELMY,asx/elmy/data,ELMy periods,Boolean,"(2,)",1,2,float32,asx27936.nc
27937,ASX,ASX_ELMY,asx/elmy/data,ELMy periods,Boolean,"(2,)",1,2,float32,asx27937.nc
27938,ASX,ASX_ELMY,asx/elmy/data,ELMy periods,Boolean,"(2,)",1,2,float32,asx27938.nc
27929,ASX,ASX_LARGE SCALE,asx/large_scale/data,Events hindering sawtoot,Boolean,"(2,)",1,2,float32,asx27929.nc
27930,ASX,ASX_LARGE SCALE,asx/large_scale/data,Events hindering sawtoot,Boolean,"(2,)",1,2,float32,asx27930.nc
27931,ASX,ASX_LARGE SCALE,asx/large_scale/data,Events hindering sawtoot,Boolean,"(2,)",1,2,float32,asx27931 (1).nc
27932,ASX,ASX_LARGE SCALE,asx/large_scale/data,Events hindering sawtoot,Boolean,"(2,)",1,2,float32,asx27932.nc
27933,ASX,ASX_LARGE SCALE,asx/large_scale/data,Events hindering sawtoot,Boolean,"(2,)",1,2,float32,asx27933.nc
27934,ASX,ASX_LARGE SCALE,asx/large_scale/data,Events hindering sawtoot,Boolean,"(2,)",1,2,float32,asx27934.nc
27935,ASX,ASX_LARGE SCALE,asx/large_scale/data,Events hindering sawtoot,Boolean,"(2,)",1,2,float32,asx27935.nc
27936,ASX,ASX_LARGE SCALE,asx/large_scale/data,Events hindering sawtoot,Boolean,"(2,)",1,2,float32,asx27936.nc
27937,ASX,ASX_LARGE SCALE,asx/large_scale/data,Events hindering sawtoot,Boolean,"(2,)",1,2,float32,asx27937.nc
27938,ASX,ASX_LARGE SCALE,asx/large_scale/data,Events hindering sawtoot,Boolean,"(2,)",1,2,float32,asx27938.nc
27929,ASX,ASX_LOW CAM NOS SAWT IN,asx/low_cam_nos_sawt_in/data,Least lower cameras on w,xsx_hcaml#,"(2,)",1,2,float32,asx27929.nc
27930,ASX,ASX_LOW CAM NOS SAWT IN,asx/low_cam_nos_sawt_in/data,Least lower cameras on w,xsx_hcaml#,"(2,)",1,2,float32,asx27930.nc
27931,ASX,ASX_LOW CAM NOS SAWT IN,asx/low_cam_nos_sawt_in/data,Least lower cameras on w,xsx_hcaml#,"(2,)",1,2,float32,asx27931 (1).nc
27932,ASX,ASX_LOW CAM NOS SAWT IN,asx/low_cam_nos_sawt_in/data,Least lower cameras on w,xsx_hcaml#,"(2,)",1,2,float32,asx27932.nc
27933,ASX,ASX_LOW CAM NOS SAWT IN,asx/low_cam_nos_sawt_in/data,Least lower cameras on w,xsx_hcaml#,"(2,)",1,2,float32,asx27933.nc
27934,ASX,ASX_LOW CAM NOS SAWT IN,asx/low_cam_nos_sawt_in/data,Least lower cameras on w,xsx_hcaml#,"(2,)",1,2,float32,asx27934.nc
27935,ASX,ASX_LOW CAM NOS SAWT IN,asx/low_cam_nos_sawt_in/data,Least lower cameras on w,xsx_hcaml#,"(2,)",1,2,float32,asx27935.nc
27936,ASX,ASX_LOW CAM NOS SAWT IN,asx/low_cam_nos_sawt_in/data,Least lower cameras on w,xsx_hcaml#,"(2,)",1,2,float32,asx27936.nc
27937,ASX,ASX_LOW CAM NOS SAWT IN,asx/low_cam_nos_sawt_in/data,Least lower cameras on w,xsx_hcaml#,"(2,)",1,2,float32,asx27937.nc
27938,ASX,ASX_LOW CAM NOS SAWT IN,asx/low_cam_nos_sawt_in/data,Least lower cameras on w,xsx_hcaml#,"(2,)",1,2,float32,asx27938.nc
27929,ASX,ASX_LOWER FALSE INV RAD,asx/lower_false_inv_rad/data,Vertical inversion radiu,cm,"(2,)",1,2,float32,asx27929.nc
27930,ASX,ASX_LOWER FALSE INV RAD,asx/lower_false_inv_rad/data,Vertical inversion radiu,cm,"(2,)",1,2,float32,asx27930.nc
27931,ASX,ASX_LOWER FALSE INV RAD,asx/lower_false_inv_rad/data,Vertical inversion radiu,cm,"(2,)",1,2,float32,asx27931 (1).nc
27932,ASX,ASX_LOWER FALSE INV RAD,asx/lower_false_inv_rad/data,Vertical inversion radiu,cm,"(2,)",1,2,float32,asx27932.nc
27933,ASX,ASX_LOWER FALSE INV RAD,asx/lower_false_inv_rad/data,Vertical inversion radiu,cm,"(2,)",1,2,float32,asx27933.nc
27934,ASX,ASX_LOWER FALSE INV RAD,asx/lower_false_inv_rad/data,Vertical inversion radiu,cm,"(2,)",1,2,float32,asx27934.nc
27935,ASX,ASX_LOWER FALSE INV RAD,asx/lower_false_inv_rad/data,Vertical inversion radiu,cm,"(2,)",1,2,float32,asx27935.nc
27936,ASX,ASX_LOWER FALSE INV RAD,asx/lower_false_inv_rad/data,Vertical inversion radiu,cm,"(2,)",1,2,float32,asx27936.nc
27937,ASX,ASX_LOWER FALSE INV RAD,asx/lower_false_inv_rad/data,Vertical inversion radiu,cm,"(2,)",1,2,float32,asx27937.nc
27938,ASX,ASX_LOWER FALSE INV RAD,asx/lower_false_inv_rad/data,Vertical inversion radiu,cm,"(2,)",1,2,float32,asx27938.nc
27929,ASX,ASX_MODES,asx/modes/data,Sinusoidal activity,Boolean,"(2,)",1,2,float32,asx27929.nc
27930,ASX,ASX_MODES,asx/modes/data,Sinusoidal activity,Boolean,"(2,)",1,2,float32,asx27930.nc
27931,ASX,ASX_MODES,asx/modes/data,Sinusoidal activity,Boolean,"(2,)",1,2,float32,asx27931 (1).nc
27932,ASX,ASX_MODES,asx/modes/data,Sinusoidal activity,Boolean,"(2,)",1,2,float32,asx27932.nc
27933,ASX,ASX_MODES,asx/modes/data,Sinusoidal activity,Boolean,"(2,)",1,2,float32,asx27933.nc
27934,ASX,ASX_MODES,asx/modes/data,Sinusoidal activity,Boolean,"(2,)",1,2,float32,asx27934.nc
27935,ASX,ASX_MODES,asx/modes/data,Sinusoidal activity,Boolean,"(2,)",1,2,float32,asx27935.nc
27936,ASX,ASX_MODES,asx/modes/data,Sinusoidal activity,Boolean,"(2,)",1,2,float32,asx27936.nc
27937,ASX,ASX_MODES,asx/modes/data,Sinusoidal activity,Boolean,"(2,)",1,2,float32,asx27937.nc
27938,ASX,ASX_MODES,asx/modes/data,Sinusoidal activity,Boolean,"(2,)",1,2,float32,asx27938.nc
27929,ASX,ASX_PASSNUMBER,asx/passnumber/data,Pass,Pass,"(1,)",1,1,int32,asx27929.nc
27930,ASX,ASX_PASSNUMBER,asx/passnumber/data,Pass,Pass,"(1,)",1,1,int32,asx27930.nc
27931,ASX,ASX_PASSNUMBER,asx/passnumber/data,Pass,Pass,"(1,)",1,1,int32,asx27931 (1).nc
27932,ASX,ASX_PASSNUMBER,asx/passnumber/data,Pass,Pass,"(1,)",1,1,int32,asx27932.nc
27933,ASX,ASX_PASSNUMBER,asx/passnumber/data,Pass,Pass,"(1,)",1,1,int32,asx27933.nc
27934,ASX,ASX_PASSNUMBER,asx/passnumber/data,Pass,Pass,"(1,)",1,1,int32,asx27934.nc
27935,ASX,ASX_PASSNUMBER,asx/passnumber/data,Pass,Pass,"(1,)",1,1,int32,asx27935.nc
27936,ASX,ASX_PASSNUMBER,asx/passnumber/data,Pass,Pass,"(1,)",1,1,int32,asx27936.nc
27937,ASX,ASX_PASSNUMBER,asx/passnumber/data,Pass,Pass,"(1,)",1,1,int32,asx27937.nc
27938,ASX,ASX_PASSNUMBER,asx/passnumber/data,Pass,Pass,"(1,)",1,1,int32,asx27938.nc
27929,ASX,ASX_SAWTEETH,asx/sawteeth/data,Sawteeth,ARB,"(2,)",1,2,float32,asx27929.nc
27930,ASX,ASX_SAWTEETH,asx/sawteeth/data,Sawteeth,ARB,"(2,)",1,2,float32,asx27930.nc
27931,ASX,ASX_SAWTEETH,asx/sawteeth/data,Sawteeth,ARB,"(2,)",1,2,float32,asx27931 (1).nc
27932,ASX,ASX_SAWTEETH,asx/sawteeth/data,Sawteeth,ARB,"(2,)",1,2,float32,asx27932.nc
27933,ASX,ASX_SAWTEETH,asx/sawteeth/data,Sawteeth,ARB,"(2,)",1,2,float32,asx27933.nc
27934,ASX,ASX_SAWTEETH,asx/sawteeth/data,Sawteeth,ARB,"(2,)",1,2,float32,asx27934.nc
27935,ASX,ASX_SAWTEETH,asx/sawteeth/data,Sawteeth,ARB,"(2,)",1,2,float32,asx27935.nc
27936,ASX,ASX_SAWTEETH,asx/sawteeth/data,Sawteeth,ARB,"(2,)",1,2,float32,asx27936.nc
27937,ASX,ASX_SAWTEETH,asx/sawteeth/data,Sawteeth,ARB,"(2,)",1,2,float32,asx27937.nc
27938,ASX,ASX_SAWTEETH,asx/sawteeth/data,Sawteeth,ARB,"(2,)",1,2,float32,asx27938.nc
27929,ASX,ASX_SAWTOOTH PERIODS,asx/sawtooth_periods/data,Sawtooth periods,s,"(2,)",1,2,float32,asx27929.nc
27930,ASX,ASX_SAWTOOTH PERIODS,asx/sawtooth_periods/data,Sawtooth periods,s,"(2,)",1,2,float32,asx27930.nc
27931,ASX,ASX_SAWTOOTH PERIODS,asx/sawtooth_periods/data,Sawtooth periods,s,"(2,)",1,2,float32,asx27931 (1).nc
27932,ASX,ASX_SAWTOOTH PERIODS,asx/sawtooth_periods/data,Sawtooth periods,s,"(2,)",1,2,float32,asx27932.nc
27933,ASX,ASX_SAWTOOTH PERIODS,asx/sawtooth_periods/data,Sawtooth periods,s,"(2,)",1,2,float32,asx27933.nc
27934,ASX,ASX_SAWTOOTH PERIODS,asx/sawtooth_periods/data,Sawtooth periods,s,"(2,)",1,2,float32,asx27934.nc
27935,ASX,ASX_SAWTOOTH PERIODS,asx/sawtooth_periods/data,Sawtooth periods,s,"(2,)",1,2,float32,asx27935.nc
27936,ASX,ASX_SAWTOOTH PERIODS,asx/sawtooth_periods/data,Sawtooth periods,s,"(2,)",1,2,float32,asx27936.nc
27937,ASX,ASX_SAWTOOTH PERIODS,asx/sawtooth_periods/data,Sawtooth periods,s,"(2,)",1,2,float32,asx27937.nc
27938,ASX,ASX_SAWTOOTH PERIODS,asx/sawtooth_periods/data,Sawtooth periods,s,"(2,)",1,2,float32,asx27938.nc
27929,ASX,ASX_STATUS,asx/status/data,Status,Status,"(1,)",1,1,int32,asx27929.nc
27930,ASX,ASX_STATUS,asx/status/data,Status,Status,"(1,)",1,1,int32,asx27930.nc
27931,ASX,ASX_STATUS,asx/status/data,Status,Status,"(1,)",1,1,int32,asx27931 (1).nc
27932,ASX,ASX_STATUS,asx/status/data,Status,Status,"(1,)",1,1,int32,asx27932.nc
27933,ASX,ASX_STATUS,asx/status/data,Status,Status,"(1,)",1,1,int32,asx27933.nc
27934,ASX,ASX_STATUS,asx/status/data,Status,Status,"(1,)",1,1,int32,asx27934.nc
27935,ASX,ASX_STATUS,asx/status/data,Status,Status,"(1,)",1,1,int32,asx27935.nc
27936,ASX,ASX_STATUS,asx/status/data,Status,Status,"(1,)",1,1,int32,asx27936.nc
27937,ASX,ASX_STATUS,asx/status/data,Status,Status,"(1,)",1,1,int32,asx27937.nc
27938,ASX,ASX_STATUS,asx/status/data,Status,Status,"(1,)",1,1,int32,asx27938.nc
27929,ASX,ASX_UP CAM NOS SAWT INV,asx/up_cam_nos_sawt_inv/data,Least upper cameras on w,xsx_hcamu#,"(2,)",1,2,float32,asx27929.nc
27930,ASX,ASX_UP CAM NOS SAWT INV,asx/up_cam_nos_sawt_inv/data,Least upper cameras on w,xsx_hcamu#,"(2,)",1,2,float32,asx27930.nc
27931,ASX,ASX_UP CAM NOS SAWT INV,asx/up_cam_nos_sawt_inv/data,Least upper cameras on w,xsx_hcamu#,"(2,)",1,2,float32,asx27931 (1).nc
27932,ASX,ASX_UP CAM NOS SAWT INV,asx/up_cam_nos_sawt_inv/data,Least upper cameras on w,xsx_hcamu#,"(2,)",1,2,float32,asx27932.nc
27933,ASX,ASX_UP CAM NOS SAWT INV,asx/up_cam_nos_sawt_inv/data,Least upper cameras on w,xsx_hcamu#,"(2,)",1,2,float32,asx27933.nc
27934,ASX,ASX_UP CAM NOS SAWT INV,asx/up_cam_nos_sawt_inv/data,Least upper cameras on w,xsx_hcamu#,"(2,)",1,2,float32,asx27934.nc
27935,ASX,ASX_UP CAM NOS SAWT INV,asx/up_cam_nos_sawt_inv/data,Least upper cameras on w,xsx_hcamu#,"(2,)",1,2,float32,asx27935.nc
27936,ASX,ASX_UP CAM NOS SAWT INV,asx/up_cam_nos_sawt_inv/data,Least upper cameras on w,xsx_hcamu#,"(2,)",1,2,float32,asx27936.nc
27937,ASX,ASX_UP CAM NOS SAWT INV,asx/up_cam_nos_sawt_inv/data,Least upper cameras on w,xsx_hcamu#,"(2,)",1,2,float32,asx27937.nc
27938,ASX,ASX_UP CAM NOS SAWT INV,asx/up_cam_nos_sawt_inv/data,Least upper cameras on w,xsx_hcamu#,"(2,)",1,2,float32,asx27938.nc
27929,ASX,ASX_UPPER FALSE INV RAD,asx/upper_false_inv_rad/data,Vertical inversion radiu,cm,"(2,)",1,2,float32,asx27929.nc
27930,ASX,ASX_UPPER FALSE INV RAD,asx/upper_false_inv_rad/data,Vertical inversion radiu,cm,"(2,)",1,2,float32,asx27930.nc
27931,ASX,ASX_UPPER FALSE INV RAD,asx/upper_false_inv_rad/data,Vertical inversion radiu,cm,"(2,)",1,2,float32,asx27931 (1).nc
27932,ASX,ASX_UPPER FALSE INV RAD,asx/upper_false_inv_rad/data,Vertical inversion radiu,cm,"(2,)",1,2,float32,asx27932.nc
27933,ASX,ASX_UPPER FALSE INV RAD,asx/upper_false_inv_rad/data,Vertical inversion radiu,cm,"(2,)",1,2,float32,asx27933.nc
27934,ASX,ASX_UPPER FALSE INV RAD,asx/upper_false_inv_rad/data,Vertical inversion radiu,cm,"(2,)",1,2,float32,asx27934.nc
27935,ASX,ASX_UPPER FALSE INV RAD,asx/upper_false_inv_rad/data,Vertical inversion radiu,cm,"(2,)",1,2,float32,asx27935.nc
27936,ASX,ASX_UPPER FALSE INV RAD,asx/upper_false_inv_rad/data,Vertical inversion radiu,cm,"(2,)",1,2,float32,asx27936.nc
27937,ASX,ASX_UPPER FALSE INV RAD,asx/upper_false_inv_rad/data,Vertical inversion radiu,cm,"(2,)",1,2,float32,asx27937.nc
27938,ASX,ASX_UPPER FALSE INV RAD,asx/upper_false_inv_rad/data,Vertical inversion radiu,cm,"(2,)",1,2,float32,asx27938.nc
27929,AYC,AYC_ACQIRIS_TIME,ayc/acqiris_time/data,time,s,"(111,)",1,111,float32,ayc27929.nc
27930,AYC,AYC_ACQIRIS_TIME,ayc/acqiris_time/data,time,s,"(117,)",1,117,float32,ayc27930.nc
27931,AYC,AYC_ACQIRIS_TIME,ayc/acqiris_time/data,time,s,"(88,)",1,88,float32,ayc27931.nc
27932,AYC,AYC_ACQIRIS_TIME,ayc/acqiris_time/data,time,s,"(121,)",1,121,float32,ayc27932.nc
27933,AYC,AYC_ACQIRIS_TIME,ayc/acqiris_time/data,time,s,"(92,)",1,92,float32,ayc27933.nc
27934,AYC,AYC_ACQIRIS_TIME,ayc/acqiris_time/data,time,s,"(127,)",1,127,float32,ayc27934.nc
27935,AYC,AYC_ACQIRIS_TIME,ayc/acqiris_time/data,time,s,"(119,)",1,119,float32,ayc27935.nc
27936,AYC,AYC_ACQIRIS_TIME,ayc/acqiris_time/data,time,s,"(124,)",1,124,float32,ayc27936.nc
27937,AYC,AYC_ACQIRIS_TIME,ayc/acqiris_time/data,time,s,"(107,)",1,107,float32,ayc27937.nc
27938,AYC,AYC_ACQIRIS_TIME,ayc/acqiris_time/data,time,s,"(121,)",1,121,float32,ayc27938.nc
27929,AYC,AYC_ANGLE,ayc/angle/data,scattering angle,,"(1, 130)",2,130,float32,ayc27929.nc
27930,AYC,AYC_ANGLE,ayc/angle/data,scattering angle,,"(1, 130)",2,130,float32,ayc27930.nc
27931,AYC,AYC_ANGLE,ayc/angle/data,scattering angle,,"(1, 130)",2,130,float32,ayc27931.nc
27932,AYC,AYC_ANGLE,ayc/angle/data,scattering angle,,"(1, 130)",2,130,float32,ayc27932.nc
27933,AYC,AYC_ANGLE,ayc/angle/data,scattering angle,,"(1, 130)",2,130,float32,ayc27933.nc
27934,AYC,AYC_ANGLE,ayc/angle/data,scattering angle,,"(1, 130)",2,130,float32,ayc27934.nc
27935,AYC,AYC_ANGLE,ayc/angle/data,scattering angle,,"(1, 130)",2,130,float32,ayc27935.nc
27936,AYC,AYC_ANGLE,ayc/angle/data,scattering angle,,"(1, 130)",2,130,float32,ayc27936.nc
27937,AYC,AYC_ANGLE,ayc/angle/data,scattering angle,,"(1, 130)",2,130,float32,ayc27937.nc
27938,AYC,AYC_ANGLE,ayc/angle/data,scattering angle,,"(1, 130)",2,130,float32,ayc27938.nc
27929,AYC,AYC_ASPECTRA,ayc/aspectra/data,Fitted spectra,Vs,"(111, 130, 4)",3,57720,float32,ayc27929.nc
27930,AYC,AYC_ASPECTRA,ayc/aspectra/data,Fitted spectra,Vs,"(117, 130, 4)",3,60840,float32,ayc27930.nc
27931,AYC,AYC_ASPECTRA,ayc/aspectra/data,Fitted spectra,Vs,"(88, 130, 4)",3,45760,float32,ayc27931.nc
27932,AYC,AYC_ASPECTRA,ayc/aspectra/data,Fitted spectra,Vs,"(121, 130, 4)",3,62920,float32,ayc27932.nc
27933,AYC,AYC_ASPECTRA,ayc/aspectra/data,Fitted spectra,Vs,"(92, 130, 4)",3,47840,float32,ayc27933.nc
27934,AYC,AYC_ASPECTRA,ayc/aspectra/data,Fitted spectra,Vs,"(127, 130, 4)",3,66040,float32,ayc27934.nc
27935,AYC,AYC_ASPECTRA,ayc/aspectra/data,Fitted spectra,Vs,"(119, 130, 4)",3,61880,float32,ayc27935.nc
27936,AYC,AYC_ASPECTRA,ayc/aspectra/data,Fitted spectra,Vs,"(124, 130, 4)",3,64480,float32,ayc27936.nc
27937,AYC,AYC_ASPECTRA,ayc/aspectra/data,Fitted spectra,Vs,"(107, 130, 4)",3,55640,float32,ayc27937.nc
27938,AYC,AYC_ASPECTRA,ayc/aspectra/data,Fitted spectra,Vs,"(121, 130, 4)",3,62920,float32,ayc27938.nc
27929,AYC,AYC_CHI2,ayc/chi2/data,fit chi^2 error,,"(111, 130)",2,14430,float32,ayc27929.nc
27930,AYC,AYC_CHI2,ayc/chi2/data,fit chi^2 error,,"(117, 130)",2,15210,float32,ayc27930.nc
27931,AYC,AYC_CHI2,ayc/chi2/data,fit chi^2 error,,"(88, 130)",2,11440,float32,ayc27931.nc
27932,AYC,AYC_CHI2,ayc/chi2/data,fit chi^2 error,,"(121, 130)",2,15730,float32,ayc27932.nc
27933,AYC,AYC_CHI2,ayc/chi2/data,fit chi^2 error,,"(92, 130)",2,11960,float32,ayc27933.nc
27934,AYC,AYC_CHI2,ayc/chi2/data,fit chi^2 error,,"(127, 130)",2,16510,float32,ayc27934.nc
27935,AYC,AYC_CHI2,ayc/chi2/data,fit chi^2 error,,"(119, 130)",2,15470,float32,ayc27935.nc
27936,AYC,AYC_CHI2,ayc/chi2/data,fit chi^2 error,,"(124, 130)",2,16120,float32,ayc27936.nc
27937,AYC,AYC_CHI2,ayc/chi2/data,fit chi^2 error,,"(107, 130)",2,13910,float32,ayc27937.nc
27938,AYC,AYC_CHI2,ayc/chi2/data,fit chi^2 error,,"(121, 130)",2,15730,float32,ayc27938.nc
27929,AYC,AYC_COVARIANCE_NE_TE,ayc/covariance_ne_te/data,fit covariance of ne Te,eV m^-3,"(111, 130)",2,14430,float32,ayc27929.nc
27930,AYC,AYC_COVARIANCE_NE_TE,ayc/covariance_ne_te/data,fit covariance of ne Te,eV m^-3,"(117, 130)",2,15210,float32,ayc27930.nc
27931,AYC,AYC_COVARIANCE_NE_TE,ayc/covariance_ne_te/data,fit covariance of ne Te,eV m^-3,"(88, 130)",2,11440,float32,ayc27931.nc
27932,AYC,AYC_COVARIANCE_NE_TE,ayc/covariance_ne_te/data,fit covariance of ne Te,eV m^-3,"(121, 130)",2,15730,float32,ayc27932.nc
27933,AYC,AYC_COVARIANCE_NE_TE,ayc/covariance_ne_te/data,fit covariance of ne Te,eV m^-3,"(92, 130)",2,11960,float32,ayc27933.nc
27934,AYC,AYC_COVARIANCE_NE_TE,ayc/covariance_ne_te/data,fit covariance of ne Te,eV m^-3,"(127, 130)",2,16510,float32,ayc27934.nc
27935,AYC,AYC_COVARIANCE_NE_TE,ayc/covariance_ne_te/data,fit covariance of ne Te,eV m^-3,"(119, 130)",2,15470,float32,ayc27935.nc
27936,AYC,AYC_COVARIANCE_NE_TE,ayc/covariance_ne_te/data,fit covariance of ne Te,eV m^-3,"(124, 130)",2,16120,float32,ayc27936.nc
27937,AYC,AYC_COVARIANCE_NE_TE,ayc/covariance_ne_te/data,fit covariance of ne Te,eV m^-3,"(107, 130)",2,13910,float32,ayc27937.nc
27938,AYC,AYC_COVARIANCE_NE_TE,ayc/covariance_ne_te/data,fit covariance of ne Te,eV m^-3,"(121, 130)",2,15730,float32,ayc27938.nc
27929,AYC,AYC_INSTRUMENT_DR,ayc/instrument_dr/data,instrument_dr,m,"(20, 130)",2,2600,float32,ayc27929.nc
27930,AYC,AYC_INSTRUMENT_DR,ayc/instrument_dr/data,instrument_dr,m,"(20, 130)",2,2600,float32,ayc27930.nc
27931,AYC,AYC_INSTRUMENT_DR,ayc/instrument_dr/data,instrument_dr,m,"(20, 130)",2,2600,float32,ayc27931.nc
27932,AYC,AYC_INSTRUMENT_DR,ayc/instrument_dr/data,instrument_dr,m,"(20, 130)",2,2600,float32,ayc27932.nc
27933,AYC,AYC_INSTRUMENT_DR,ayc/instrument_dr/data,instrument_dr,m,"(20, 130)",2,2600,float32,ayc27933.nc
27934,AYC,AYC_INSTRUMENT_DR,ayc/instrument_dr/data,instrument_dr,m,"(20, 130)",2,2600,float32,ayc27934.nc
27935,AYC,AYC_INSTRUMENT_DR,ayc/instrument_dr/data,instrument_dr,m,"(20, 130)",2,2600,float32,ayc27935.nc
27936,AYC,AYC_INSTRUMENT_DR,ayc/instrument_dr/data,instrument_dr,m,"(20, 130)",2,2600,float32,ayc27936.nc
27937,AYC,AYC_INSTRUMENT_DR,ayc/instrument_dr/data,instrument_dr,m,"(20, 130)",2,2600,float32,ayc27937.nc
27938,AYC,AYC_INSTRUMENT_DR,ayc/instrument_dr/data,instrument_dr,m,"(20, 130)",2,2600,float32,ayc27938.nc
27929,AYC,AYC_INSTRUMENT_INTENSIT,ayc/instrument_intensit/data,instrument_intensity,m,"(20, 130)",2,2600,float32,ayc27929.nc
27930,AYC,AYC_INSTRUMENT_INTENSIT,ayc/instrument_intensit/data,instrument_intensity,m,"(20, 130)",2,2600,float32,ayc27930.nc
27931,AYC,AYC_INSTRUMENT_INTENSIT,ayc/instrument_intensit/data,instrument_intensity,m,"(20, 130)",2,2600,float32,ayc27931.nc
27932,AYC,AYC_INSTRUMENT_INTENSIT,ayc/instrument_intensit/data,instrument_intensity,m,"(20, 130)",2,2600,float32,ayc27932.nc
27933,AYC,AYC_INSTRUMENT_INTENSIT,ayc/instrument_intensit/data,instrument_intensity,m,"(20, 130)",2,2600,float32,ayc27933.nc
27934,AYC,AYC_INSTRUMENT_INTENSIT,ayc/instrument_intensit/data,instrument_intensity,m,"(20, 130)",2,2600,float32,ayc27934.nc
27935,AYC,AYC_INSTRUMENT_INTENSIT,ayc/instrument_intensit/data,instrument_intensity,m,"(20, 130)",2,2600,float32,ayc27935.nc
27936,AYC,AYC_INSTRUMENT_INTENSIT,ayc/instrument_intensit/data,instrument_intensity,m,"(20, 130)",2,2600,float32,ayc27936.nc
27937,AYC,AYC_INSTRUMENT_INTENSIT,ayc/instrument_intensit/data,instrument_intensity,m,"(20, 130)",2,2600,float32,ayc27937.nc
27938,AYC,AYC_INSTRUMENT_INTENSIT,ayc/instrument_intensit/data,instrument_intensity,m,"(20, 130)",2,2600,float32,ayc27938.nc
27929,AYC,AYC_INTERFEROMETER_CORR,ayc/interferometer_corr/data,Interferometer Correctio,-,"(111,)",1,111,float32,ayc27929.nc
27930,AYC,AYC_INTERFEROMETER_CORR,ayc/interferometer_corr/data,Interferometer Correctio,-,"(117,)",1,117,float32,ayc27930.nc
27931,AYC,AYC_INTERFEROMETER_CORR,ayc/interferometer_corr/data,Interferometer Correctio,-,"(88,)",1,88,float32,ayc27931.nc
27932,AYC,AYC_INTERFEROMETER_CORR,ayc/interferometer_corr/data,Interferometer Correctio,-,"(121,)",1,121,float32,ayc27932.nc
27933,AYC,AYC_INTERFEROMETER_CORR,ayc/interferometer_corr/data,Interferometer Correctio,-,"(92,)",1,92,float32,ayc27933.nc
27934,AYC,AYC_INTERFEROMETER_CORR,ayc/interferometer_corr/data,Interferometer Correctio,-,"(127,)",1,127,float32,ayc27934.nc
27935,AYC,AYC_INTERFEROMETER_CORR,ayc/interferometer_corr/data,Interferometer Correctio,-,"(119,)",1,119,float32,ayc27935.nc
27936,AYC,AYC_INTERFEROMETER_CORR,ayc/interferometer_corr/data,Interferometer Correctio,-,"(124,)",1,124,float32,ayc27936.nc
27937,AYC,AYC_INTERFEROMETER_CORR,ayc/interferometer_corr/data,Interferometer Correctio,-,"(107,)",1,107,float32,ayc27937.nc
27938,AYC,AYC_INTERFEROMETER_CORR,ayc/interferometer_corr/data,Interferometer Correctio,-,"(121,)",1,121,float32,ayc27938.nc
27929,AYC,AYC_LASER_ENERGY,ayc/laser_energy/data,laser energy,J,"(111,)",1,111,float32,ayc27929.nc
27930,AYC,AYC_LASER_ENERGY,ayc/laser_energy/data,laser energy,J,"(117,)",1,117,float32,ayc27930.nc
27931,AYC,AYC_LASER_ENERGY,ayc/laser_energy/data,laser energy,J,"(88,)",1,88,float32,ayc27931.nc
27932,AYC,AYC_LASER_ENERGY,ayc/laser_energy/data,laser energy,J,"(121,)",1,121,float32,ayc27932.nc
27933,AYC,AYC_LASER_ENERGY,ayc/laser_energy/data,laser energy,J,"(92,)",1,92,float32,ayc27933.nc
27934,AYC,AYC_LASER_ENERGY,ayc/laser_energy/data,laser energy,J,"(127,)",1,127,float32,ayc27934.nc
27935,AYC,AYC_LASER_ENERGY,ayc/laser_energy/data,laser energy,J,"(119,)",1,119,float32,ayc27935.nc
27936,AYC,AYC_LASER_ENERGY,ayc/laser_energy/data,laser energy,J,"(124,)",1,124,float32,ayc27936.nc
27937,AYC,AYC_LASER_ENERGY,ayc/laser_energy/data,laser energy,J,"(107,)",1,107,float32,ayc27937.nc
27938,AYC,AYC_LASER_ENERGY,ayc/laser_energy/data,laser energy,J,"(121,)",1,121,float32,ayc27938.nc
27929,AYC,AYC_LASER_TRACK,ayc/laser_track/data,laser number,,"(111,)",1,111,float32,ayc27929.nc
27930,AYC,AYC_LASER_TRACK,ayc/laser_track/data,laser number,,"(117,)",1,117,float32,ayc27930.nc
27931,AYC,AYC_LASER_TRACK,ayc/laser_track/data,laser number,,"(88,)",1,88,float32,ayc27931.nc
27932,AYC,AYC_LASER_TRACK,ayc/laser_track/data,laser number,,"(121,)",1,121,float32,ayc27932.nc
27933,AYC,AYC_LASER_TRACK,ayc/laser_track/data,laser number,,"(92,)",1,92,float32,ayc27933.nc
27934,AYC,AYC_LASER_TRACK,ayc/laser_track/data,laser number,,"(127,)",1,127,float32,ayc27934.nc
27935,AYC,AYC_LASER_TRACK,ayc/laser_track/data,laser number,,"(119,)",1,119,float32,ayc27935.nc
27936,AYC,AYC_LASER_TRACK,ayc/laser_track/data,laser number,,"(124,)",1,124,float32,ayc27936.nc
27937,AYC,AYC_LASER_TRACK,ayc/laser_track/data,laser number,,"(107,)",1,107,float32,ayc27937.nc
27938,AYC,AYC_LASER_TRACK,ayc/laser_track/data,laser number,,"(121,)",1,121,float32,ayc27938.nc
27929,AYC,AYC_NE,ayc/ne/data,electron density,m^-3,"(111, 130)",2,14430,float32,ayc27929.nc
27930,AYC,AYC_NE,ayc/ne/data,electron density,m^-3,"(117, 130)",2,15210,float32,ayc27930.nc
27931,AYC,AYC_NE,ayc/ne/data,electron density,m^-3,"(88, 130)",2,11440,float32,ayc27931.nc
27932,AYC,AYC_NE,ayc/ne/data,electron density,m^-3,"(121, 130)",2,15730,float32,ayc27932.nc
27933,AYC,AYC_NE,ayc/ne/data,electron density,m^-3,"(92, 130)",2,11960,float32,ayc27933.nc
27934,AYC,AYC_NE,ayc/ne/data,electron density,m^-3,"(127, 130)",2,16510,float32,ayc27934.nc
27935,AYC,AYC_NE,ayc/ne/data,electron density,m^-3,"(119, 130)",2,15470,float32,ayc27935.nc
27936,AYC,AYC_NE,ayc/ne/data,electron density,m^-3,"(124, 130)",2,16120,float32,ayc27936.nc
27937,AYC,AYC_NE,ayc/ne/data,electron density,m^-3,"(107, 130)",2,13910,float32,ayc27937.nc
27938,AYC,AYC_NE,ayc/ne/data,electron density,m^-3,"(121, 130)",2,15730,float32,ayc27938.nc
27929,AYC,AYC_NE_CORE,ayc/ne_core/data,core density,m^-^3,"(111,)",1,111,float32,ayc27929.nc
27930,AYC,AYC_NE_CORE,ayc/ne_core/data,core density,m^-^3,"(117,)",1,117,float32,ayc27930.nc
27931,AYC,AYC_NE_CORE,ayc/ne_core/data,core density,m^-^3,"(88,)",1,88,float32,ayc27931.nc
27932,AYC,AYC_NE_CORE,ayc/ne_core/data,core density,m^-^3,"(121,)",1,121,float32,ayc27932.nc
27933,AYC,AYC_NE_CORE,ayc/ne_core/data,core density,m^-^3,"(92,)",1,92,float32,ayc27933.nc
27934,AYC,AYC_NE_CORE,ayc/ne_core/data,core density,m^-^3,"(127,)",1,127,float32,ayc27934.nc
27935,AYC,AYC_NE_CORE,ayc/ne_core/data,core density,m^-^3,"(119,)",1,119,float32,ayc27935.nc
27936,AYC,AYC_NE_CORE,ayc/ne_core/data,core density,m^-^3,"(124,)",1,124,float32,ayc27936.nc
27937,AYC,AYC_NE_CORE,ayc/ne_core/data,core density,m^-^3,"(107,)",1,107,float32,ayc27937.nc
27938,AYC,AYC_NE_CORE,ayc/ne_core/data,core density,m^-^3,"(121,)",1,121,float32,ayc27938.nc
27929,AYC,AYC_PASSNUMBER,ayc/passnumber/data,,,"(1,)",1,1,float32,ayc27929.nc
27930,AYC,AYC_PASSNUMBER,ayc/passnumber/data,,,"(1,)",1,1,float32,ayc27930.nc
27931,AYC,AYC_PASSNUMBER,ayc/passnumber/data,,,"(1,)",1,1,float32,ayc27931.nc
27932,AYC,AYC_PASSNUMBER,ayc/passnumber/data,,,"(1,)",1,1,float32,ayc27932.nc
27933,AYC,AYC_PASSNUMBER,ayc/passnumber/data,,,"(1,)",1,1,float32,ayc27933.nc
27934,AYC,AYC_PASSNUMBER,ayc/passnumber/data,,,"(1,)",1,1,float32,ayc27934.nc
27935,AYC,AYC_PASSNUMBER,ayc/passnumber/data,,,"(1,)",1,1,float32,ayc27935.nc
27936,AYC,AYC_PASSNUMBER,ayc/passnumber/data,,,"(1,)",1,1,float32,ayc27936.nc
27937,AYC,AYC_PASSNUMBER,ayc/passnumber/data,,,"(1,)",1,1,float32,ayc27937.nc
27938,AYC,AYC_PASSNUMBER,ayc/passnumber/data,,,"(1,)",1,1,float32,ayc27938.nc
27929,AYC,AYC_PE,ayc/pe/data,electron pressure,a.u.,"(111, 130)",2,14430,float32,ayc27929.nc
27930,AYC,AYC_PE,ayc/pe/data,electron pressure,a.u.,"(117, 130)",2,15210,float32,ayc27930.nc
27931,AYC,AYC_PE,ayc/pe/data,electron pressure,a.u.,"(88, 130)",2,11440,float32,ayc27931.nc
27932,AYC,AYC_PE,ayc/pe/data,electron pressure,a.u.,"(121, 130)",2,15730,float32,ayc27932.nc
27933,AYC,AYC_PE,ayc/pe/data,electron pressure,a.u.,"(92, 130)",2,11960,float32,ayc27933.nc
27934,AYC,AYC_PE,ayc/pe/data,electron pressure,a.u.,"(127, 130)",2,16510,float32,ayc27934.nc
27935,AYC,AYC_PE,ayc/pe/data,electron pressure,a.u.,"(119, 130)",2,15470,float32,ayc27935.nc
27936,AYC,AYC_PE,ayc/pe/data,electron pressure,a.u.,"(124, 130)",2,16120,float32,ayc27936.nc
27937,AYC,AYC_PE,ayc/pe/data,electron pressure,a.u.,"(107, 130)",2,13910,float32,ayc27937.nc
27938,AYC,AYC_PE,ayc/pe/data,electron pressure,a.u.,"(121, 130)",2,15730,float32,ayc27938.nc
27929,AYC,AYC_PLASMALIGHT_ERROR,ayc/plasmalight_error/data,Plasma light noise on sc,Vs,"(111, 130, 4)",3,57720,float32,ayc27929.nc
27930,AYC,AYC_PLASMALIGHT_ERROR,ayc/plasmalight_error/data,Plasma light noise on sc,Vs,"(117, 130, 4)",3,60840,float32,ayc27930.nc
27931,AYC,AYC_PLASMALIGHT_ERROR,ayc/plasmalight_error/data,Plasma light noise on sc,Vs,"(88, 130, 4)",3,45760,float32,ayc27931.nc
27932,AYC,AYC_PLASMALIGHT_ERROR,ayc/plasmalight_error/data,Plasma light noise on sc,Vs,"(121, 130, 4)",3,62920,float32,ayc27932.nc
27933,AYC,AYC_PLASMALIGHT_ERROR,ayc/plasmalight_error/data,Plasma light noise on sc,Vs,"(92, 130, 4)",3,47840,float32,ayc27933.nc
27934,AYC,AYC_PLASMALIGHT_ERROR,ayc/plasmalight_error/data,Plasma light noise on sc,Vs,"(127, 130, 4)",3,66040,float32,ayc27934.nc
27935,AYC,AYC_PLASMALIGHT_ERROR,ayc/plasmalight_error/data,Plasma light noise on sc,Vs,"(119, 130, 4)",3,61880,float32,ayc27935.nc
27936,AYC,AYC_PLASMALIGHT_ERROR,ayc/plasmalight_error/data,Plasma light noise on sc,Vs,"(124, 130, 4)",3,64480,float32,ayc27936.nc
27937,AYC,AYC_PLASMALIGHT_ERROR,ayc/plasmalight_error/data,Plasma light noise on sc,Vs,"(107, 130, 4)",3,55640,float32,ayc27937.nc
27938,AYC,AYC_PLASMALIGHT_ERROR,ayc/plasmalight_error/data,Plasma light noise on sc,Vs,"(121, 130, 4)",3,62920,float32,ayc27938.nc
27929,AYC,AYC_POISSON_ERROR,ayc/poisson_error/data,Poisson error on scatter,Vs,"(111, 130, 4)",3,57720,float32,ayc27929.nc
27930,AYC,AYC_POISSON_ERROR,ayc/poisson_error/data,Poisson error on scatter,Vs,"(117, 130, 4)",3,60840,float32,ayc27930.nc
27931,AYC,AYC_POISSON_ERROR,ayc/poisson_error/data,Poisson error on scatter,Vs,"(88, 130, 4)",3,45760,float32,ayc27931.nc
27932,AYC,AYC_POISSON_ERROR,ayc/poisson_error/data,Poisson error on scatter,Vs,"(121, 130, 4)",3,62920,float32,ayc27932.nc
27933,AYC,AYC_POISSON_ERROR,ayc/poisson_error/data,Poisson error on scatter,Vs,"(92, 130, 4)",3,47840,float32,ayc27933.nc
27934,AYC,AYC_POISSON_ERROR,ayc/poisson_error/data,Poisson error on scatter,Vs,"(127, 130, 4)",3,66040,float32,ayc27934.nc
27935,AYC,AYC_POISSON_ERROR,ayc/poisson_error/data,Poisson error on scatter,Vs,"(119, 130, 4)",3,61880,float32,ayc27935.nc
27936,AYC,AYC_POISSON_ERROR,ayc/poisson_error/data,Poisson error on scatter,Vs,"(124, 130, 4)",3,64480,float32,ayc27936.nc
27937,AYC,AYC_POISSON_ERROR,ayc/poisson_error/data,Poisson error on scatter,Vs,"(107, 130, 4)",3,55640,float32,ayc27937.nc
27938,AYC,AYC_POISSON_ERROR,ayc/poisson_error/data,Poisson error on scatter,Vs,"(121, 130, 4)",3,62920,float32,ayc27938.nc
27929,AYC,AYC_POLYNAME,ayc/polyname/data,polychromator,,"(1, 130)",2,130,float32,ayc27929.nc
27930,AYC,AYC_POLYNAME,ayc/polyname/data,polychromator,,"(1, 130)",2,130,float32,ayc27930.nc
27931,AYC,AYC_POLYNAME,ayc/polyname/data,polychromator,,"(1, 130)",2,130,float32,ayc27931.nc
27932,AYC,AYC_POLYNAME,ayc/polyname/data,polychromator,,"(1, 130)",2,130,float32,ayc27932.nc
27933,AYC,AYC_POLYNAME,ayc/polyname/data,polychromator,,"(1, 130)",2,130,float32,ayc27933.nc
27934,AYC,AYC_POLYNAME,ayc/polyname/data,polychromator,,"(1, 130)",2,130,float32,ayc27934.nc
27935,AYC,AYC_POLYNAME,ayc/polyname/data,polychromator,,"(1, 130)",2,130,float32,ayc27935.nc
27936,AYC,AYC_POLYNAME,ayc/polyname/data,polychromator,,"(1, 130)",2,130,float32,ayc27936.nc
27937,AYC,AYC_POLYNAME,ayc/polyname/data,polychromator,,"(1, 130)",2,130,float32,ayc27937.nc
27938,AYC,AYC_POLYNAME,ayc/polyname/data,polychromator,,"(1, 130)",2,130,float32,ayc27938.nc
27929,AYC,AYC_R,ayc/r/data,major radius,m,"(111, 130)",2,14430,float32,ayc27929.nc
27930,AYC,AYC_R,ayc/r/data,major radius,m,"(117, 130)",2,15210,float32,ayc27930.nc
27931,AYC,AYC_R,ayc/r/data,major radius,m,"(88, 130)",2,11440,float32,ayc27931.nc
27932,AYC,AYC_R,ayc/r/data,major radius,m,"(121, 130)",2,15730,float32,ayc27932.nc
27933,AYC,AYC_R,ayc/r/data,major radius,m,"(92, 130)",2,11960,float32,ayc27933.nc
27934,AYC,AYC_R,ayc/r/data,major radius,m,"(127, 130)",2,16510,float32,ayc27934.nc
27935,AYC,AYC_R,ayc/r/data,major radius,m,"(119, 130)",2,15470,float32,ayc27935.nc
27936,AYC,AYC_R,ayc/r/data,major radius,m,"(124, 130)",2,16120,float32,ayc27936.nc
27937,AYC,AYC_R,ayc/r/data,major radius,m,"(107, 130)",2,13910,float32,ayc27937.nc
27938,AYC,AYC_R,ayc/r/data,major radius,m,"(121, 130)",2,15730,float32,ayc27938.nc
27929,AYC,AYC_R_CORE,ayc/r_core/data,core radius,m,"(111,)",1,111,float32,ayc27929.nc
27930,AYC,AYC_R_CORE,ayc/r_core/data,core radius,m,"(117,)",1,117,float32,ayc27930.nc
27931,AYC,AYC_R_CORE,ayc/r_core/data,core radius,m,"(88,)",1,88,float32,ayc27931.nc
27932,AYC,AYC_R_CORE,ayc/r_core/data,core radius,m,"(121,)",1,121,float32,ayc27932.nc
27933,AYC,AYC_R_CORE,ayc/r_core/data,core radius,m,"(92,)",1,92,float32,ayc27933.nc
27934,AYC,AYC_R_CORE,ayc/r_core/data,core radius,m,"(127,)",1,127,float32,ayc27934.nc
27935,AYC,AYC_R_CORE,ayc/r_core/data,core radius,m,"(119,)",1,119,float32,ayc27935.nc
27936,AYC,AYC_R_CORE,ayc/r_core/data,core radius,m,"(124,)",1,124,float32,ayc27936.nc
27937,AYC,AYC_R_CORE,ayc/r_core/data,core radius,m,"(107,)",1,107,float32,ayc27937.nc
27938,AYC,AYC_R_CORE,ayc/r_core/data,core radius,m,"(121,)",1,121,float32,ayc27938.nc
27929,AYC,AYC_SCAT_LENGTH,ayc/scat_length/data,scattering length,m,"(1, 130)",2,130,float32,ayc27929.nc
27930,AYC,AYC_SCAT_LENGTH,ayc/scat_length/data,scattering length,m,"(1, 130)",2,130,float32,ayc27930.nc
27931,AYC,AYC_SCAT_LENGTH,ayc/scat_length/data,scattering length,m,"(1, 130)",2,130,float32,ayc27931.nc
27932,AYC,AYC_SCAT_LENGTH,ayc/scat_length/data,scattering length,m,"(1, 130)",2,130,float32,ayc27932.nc
27933,AYC,AYC_SCAT_LENGTH,ayc/scat_length/data,scattering length,m,"(1, 130)",2,130,float32,ayc27933.nc
27934,AYC,AYC_SCAT_LENGTH,ayc/scat_length/data,scattering length,m,"(1, 130)",2,130,float32,ayc27934.nc
27935,AYC,AYC_SCAT_LENGTH,ayc/scat_length/data,scattering length,m,"(1, 130)",2,130,float32,ayc27935.nc
27936,AYC,AYC_SCAT_LENGTH,ayc/scat_length/data,scattering length,m,"(1, 130)",2,130,float32,ayc27936.nc
27937,AYC,AYC_SCAT_LENGTH,ayc/scat_length/data,scattering length,m,"(1, 130)",2,130,float32,ayc27937.nc
27938,AYC,AYC_SCAT_LENGTH,ayc/scat_length/data,scattering length,m,"(1, 130)",2,130,float32,ayc27938.nc
27929,AYC,AYC_SEGMENT_NUMBER,ayc/segment_number/data,segment number,arb,"(111,)",1,111,float32,ayc27929.nc
27930,AYC,AYC_SEGMENT_NUMBER,ayc/segment_number/data,segment number,arb,"(117,)",1,117,float32,ayc27930.nc
27931,AYC,AYC_SEGMENT_NUMBER,ayc/segment_number/data,segment number,arb,"(88,)",1,88,float32,ayc27931.nc
27932,AYC,AYC_SEGMENT_NUMBER,ayc/segment_number/data,segment number,arb,"(121,)",1,121,float32,ayc27932.nc
27933,AYC,AYC_SEGMENT_NUMBER,ayc/segment_number/data,segment number,arb,"(92,)",1,92,float32,ayc27933.nc
27934,AYC,AYC_SEGMENT_NUMBER,ayc/segment_number/data,segment number,arb,"(127,)",1,127,float32,ayc27934.nc
27935,AYC,AYC_SEGMENT_NUMBER,ayc/segment_number/data,segment number,arb,"(119,)",1,119,float32,ayc27935.nc
27936,AYC,AYC_SEGMENT_NUMBER,ayc/segment_number/data,segment number,arb,"(124,)",1,124,float32,ayc27936.nc
27937,AYC,AYC_SEGMENT_NUMBER,ayc/segment_number/data,segment number,arb,"(107,)",1,107,float32,ayc27937.nc
27938,AYC,AYC_SEGMENT_NUMBER,ayc/segment_number/data,segment number,arb,"(121,)",1,121,float32,ayc27938.nc
27929,AYC,AYC_SPECTRA,ayc/spectra/data,Raw spectra,Vs,"(111, 130, 4)",3,57720,float32,ayc27929.nc
27930,AYC,AYC_SPECTRA,ayc/spectra/data,Raw spectra,Vs,"(117, 130, 4)",3,60840,float32,ayc27930.nc
27931,AYC,AYC_SPECTRA,ayc/spectra/data,Raw spectra,Vs,"(88, 130, 4)",3,45760,float32,ayc27931.nc
27932,AYC,AYC_SPECTRA,ayc/spectra/data,Raw spectra,Vs,"(121, 130, 4)",3,62920,float32,ayc27932.nc
27933,AYC,AYC_SPECTRA,ayc/spectra/data,Raw spectra,Vs,"(92, 130, 4)",3,47840,float32,ayc27933.nc
27934,AYC,AYC_SPECTRA,ayc/spectra/data,Raw spectra,Vs,"(127, 130, 4)",3,66040,float32,ayc27934.nc
27935,AYC,AYC_SPECTRA,ayc/spectra/data,Raw spectra,Vs,"(119, 130, 4)",3,61880,float32,ayc27935.nc
27936,AYC,AYC_SPECTRA,ayc/spectra/data,Raw spectra,Vs,"(124, 130, 4)",3,64480,float32,ayc27936.nc
27937,AYC,AYC_SPECTRA,ayc/spectra/data,Raw spectra,Vs,"(107, 130, 4)",3,55640,float32,ayc27937.nc
27938,AYC,AYC_SPECTRA,ayc/spectra/data,Raw spectra,Vs,"(121, 130, 4)",3,62920,float32,ayc27938.nc
27929,AYC,AYC_SPECTRA_STRAY_LIGHT,ayc/spectra_stray_light/data,Raw spectra,Vs,"(111, 130, 4)",3,57720,float32,ayc27929.nc
27930,AYC,AYC_SPECTRA_STRAY_LIGHT,ayc/spectra_stray_light/data,Raw spectra,Vs,"(117, 130, 4)",3,60840,float32,ayc27930.nc
27931,AYC,AYC_SPECTRA_STRAY_LIGHT,ayc/spectra_stray_light/data,Raw spectra,Vs,"(88, 130, 4)",3,45760,float32,ayc27931.nc
27932,AYC,AYC_SPECTRA_STRAY_LIGHT,ayc/spectra_stray_light/data,Raw spectra,Vs,"(121, 130, 4)",3,62920,float32,ayc27932.nc
27933,AYC,AYC_SPECTRA_STRAY_LIGHT,ayc/spectra_stray_light/data,Raw spectra,Vs,"(92, 130, 4)",3,47840,float32,ayc27933.nc
27934,AYC,AYC_SPECTRA_STRAY_LIGHT,ayc/spectra_stray_light/data,Raw spectra,Vs,"(127, 130, 4)",3,66040,float32,ayc27934.nc
27935,AYC,AYC_SPECTRA_STRAY_LIGHT,ayc/spectra_stray_light/data,Raw spectra,Vs,"(119, 130, 4)",3,61880,float32,ayc27935.nc
27936,AYC,AYC_SPECTRA_STRAY_LIGHT,ayc/spectra_stray_light/data,Raw spectra,Vs,"(124, 130, 4)",3,64480,float32,ayc27936.nc
27937,AYC,AYC_SPECTRA_STRAY_LIGHT,ayc/spectra_stray_light/data,Raw spectra,Vs,"(107, 130, 4)",3,55640,float32,ayc27937.nc
27938,AYC,AYC_SPECTRA_STRAY_LIGHT,ayc/spectra_stray_light/data,Raw spectra,Vs,"(121, 130, 4)",3,62920,float32,ayc27938.nc
27929,AYC,AYC_STATUS,ayc/status/data,,,"(1,)",1,1,float32,ayc27929.nc
27930,AYC,AYC_STATUS,ayc/status/data,,,"(1,)",1,1,float32,ayc27930.nc
27931,AYC,AYC_STATUS,ayc/status/data,,,"(1,)",1,1,float32,ayc27931.nc
27932,AYC,AYC_STATUS,ayc/status/data,,,"(1,)",1,1,float32,ayc27932.nc
27933,AYC,AYC_STATUS,ayc/status/data,,,"(1,)",1,1,float32,ayc27933.nc
27934,AYC,AYC_STATUS,ayc/status/data,,,"(1,)",1,1,float32,ayc27934.nc
27935,AYC,AYC_STATUS,ayc/status/data,,,"(1,)",1,1,float32,ayc27935.nc
27936,AYC,AYC_STATUS,ayc/status/data,,,"(1,)",1,1,float32,ayc27936.nc
27937,AYC,AYC_STATUS,ayc/status/data,,,"(1,)",1,1,float32,ayc27937.nc
27938,AYC,AYC_STATUS,ayc/status/data,,,"(1,)",1,1,float32,ayc27938.nc
27929,AYC,AYC_TE,ayc/te/data,electron temperature,eV,"(111, 130)",2,14430,float32,ayc27929.nc
27930,AYC,AYC_TE,ayc/te/data,electron temperature,eV,"(117, 130)",2,15210,float32,ayc27930.nc
27931,AYC,AYC_TE,ayc/te/data,electron temperature,eV,"(88, 130)",2,11440,float32,ayc27931.nc
27932,AYC,AYC_TE,ayc/te/data,electron temperature,eV,"(121, 130)",2,15730,float32,ayc27932.nc
27933,AYC,AYC_TE,ayc/te/data,electron temperature,eV,"(92, 130)",2,11960,float32,ayc27933.nc
27934,AYC,AYC_TE,ayc/te/data,electron temperature,eV,"(127, 130)",2,16510,float32,ayc27934.nc
27935,AYC,AYC_TE,ayc/te/data,electron temperature,eV,"(119, 130)",2,15470,float32,ayc27935.nc
27936,AYC,AYC_TE,ayc/te/data,electron temperature,eV,"(124, 130)",2,16120,float32,ayc27936.nc
27937,AYC,AYC_TE,ayc/te/data,electron temperature,eV,"(107, 130)",2,13910,float32,ayc27937.nc
27938,AYC,AYC_TE,ayc/te/data,electron temperature,eV,"(121, 130)",2,15730,float32,ayc27938.nc
27929,AYC,AYC_TE_CORE,ayc/te_core/data,core temperature,eV,"(111,)",1,111,float32,ayc27929.nc
27930,AYC,AYC_TE_CORE,ayc/te_core/data,core temperature,eV,"(117,)",1,117,float32,ayc27930.nc
27931,AYC,AYC_TE_CORE,ayc/te_core/data,core temperature,eV,"(88,)",1,88,float32,ayc27931.nc
27932,AYC,AYC_TE_CORE,ayc/te_core/data,core temperature,eV,"(121,)",1,121,float32,ayc27932.nc
27933,AYC,AYC_TE_CORE,ayc/te_core/data,core temperature,eV,"(92,)",1,92,float32,ayc27933.nc
27934,AYC,AYC_TE_CORE,ayc/te_core/data,core temperature,eV,"(127,)",1,127,float32,ayc27934.nc
27935,AYC,AYC_TE_CORE,ayc/te_core/data,core temperature,eV,"(119,)",1,119,float32,ayc27935.nc
27936,AYC,AYC_TE_CORE,ayc/te_core/data,core temperature,eV,"(124,)",1,124,float32,ayc27936.nc
27937,AYC,AYC_TE_CORE,ayc/te_core/data,core temperature,eV,"(107,)",1,107,float32,ayc27937.nc
27938,AYC,AYC_TE_CORE,ayc/te_core/data,core temperature,eV,"(121,)",1,121,float32,ayc27938.nc
27929,AYC,AYC_TIME,ayc/time/data,time,s,"(111,)",1,111,float32,ayc27929.nc
27930,AYC,AYC_TIME,ayc/time/data,time,s,"(117,)",1,117,float32,ayc27930.nc
27931,AYC,AYC_TIME,ayc/time/data,time,s,"(88,)",1,88,float32,ayc27931.nc
27932,AYC,AYC_TIME,ayc/time/data,time,s,"(121,)",1,121,float32,ayc27932.nc
27933,AYC,AYC_TIME,ayc/time/data,time,s,"(92,)",1,92,float32,ayc27933.nc
27934,AYC,AYC_TIME,ayc/time/data,time,s,"(127,)",1,127,float32,ayc27934.nc
27935,AYC,AYC_TIME,ayc/time/data,time,s,"(119,)",1,119,float32,ayc27935.nc
27936,AYC,AYC_TIME,ayc/time/data,time,s,"(124,)",1,124,float32,ayc27936.nc
27937,AYC,AYC_TIME,ayc/time/data,time,s,"(107,)",1,107,float32,ayc27937.nc
27938,AYC,AYC_TIME,ayc/time/data,time,s,"(121,)",1,121,float32,ayc27938.nc
27929,AYC,AYC_VERSION_FIBRE,ayc/version_fibre/data,,,"(1,)",1,1,float32,ayc27929.nc
27930,AYC,AYC_VERSION_FIBRE,ayc/version_fibre/data,,,"(1,)",1,1,float32,ayc27930.nc
27931,AYC,AYC_VERSION_FIBRE,ayc/version_fibre/data,,,"(1,)",1,1,float32,ayc27931.nc
27932,AYC,AYC_VERSION_FIBRE,ayc/version_fibre/data,,,"(1,)",1,1,float32,ayc27932.nc
27933,AYC,AYC_VERSION_FIBRE,ayc/version_fibre/data,,,"(1,)",1,1,float32,ayc27933.nc
27934,AYC,AYC_VERSION_FIBRE,ayc/version_fibre/data,,,"(1,)",1,1,float32,ayc27934.nc
27935,AYC,AYC_VERSION_FIBRE,ayc/version_fibre/data,,,"(1,)",1,1,float32,ayc27935.nc
27936,AYC,AYC_VERSION_FIBRE,ayc/version_fibre/data,,,"(1,)",1,1,float32,ayc27936.nc
27937,AYC,AYC_VERSION_FIBRE,ayc/version_fibre/data,,,"(1,)",1,1,float32,ayc27937.nc
27938,AYC,AYC_VERSION_FIBRE,ayc/version_fibre/data,,,"(1,)",1,1,float32,ayc27938.nc
27929,AYC,AYC_VERSION_POLY,ayc/version_poly/data,,,"(1,)",1,1,float32,ayc27929.nc
27930,AYC,AYC_VERSION_POLY,ayc/version_poly/data,,,"(1,)",1,1,float32,ayc27930.nc
27931,AYC,AYC_VERSION_POLY,ayc/version_poly/data,,,"(1,)",1,1,float32,ayc27931.nc
27932,AYC,AYC_VERSION_POLY,ayc/version_poly/data,,,"(1,)",1,1,float32,ayc27932.nc
27933,AYC,AYC_VERSION_POLY,ayc/version_poly/data,,,"(1,)",1,1,float32,ayc27933.nc
27934,AYC,AYC_VERSION_POLY,ayc/version_poly/data,,,"(1,)",1,1,float32,ayc27934.nc
27935,AYC,AYC_VERSION_POLY,ayc/version_poly/data,,,"(1,)",1,1,float32,ayc27935.nc
27936,AYC,AYC_VERSION_POLY,ayc/version_poly/data,,,"(1,)",1,1,float32,ayc27936.nc
27937,AYC,AYC_VERSION_POLY,ayc/version_poly/data,,,"(1,)",1,1,float32,ayc27937.nc
27938,AYC,AYC_VERSION_POLY,ayc/version_poly/data,,,"(1,)",1,1,float32,ayc27938.nc
27929,AYC,AYC_VERSION_RAMAN,ayc/version_raman/data,,,"(1,)",1,1,float32,ayc27929.nc
27930,AYC,AYC_VERSION_RAMAN,ayc/version_raman/data,,,"(1,)",1,1,float32,ayc27930.nc
27931,AYC,AYC_VERSION_RAMAN,ayc/version_raman/data,,,"(1,)",1,1,float32,ayc27931.nc
27932,AYC,AYC_VERSION_RAMAN,ayc/version_raman/data,,,"(1,)",1,1,float32,ayc27932.nc
27933,AYC,AYC_VERSION_RAMAN,ayc/version_raman/data,,,"(1,)",1,1,float32,ayc27933.nc
27934,AYC,AYC_VERSION_RAMAN,ayc/version_raman/data,,,"(1,)",1,1,float32,ayc27934.nc
27935,AYC,AYC_VERSION_RAMAN,ayc/version_raman/data,,,"(1,)",1,1,float32,ayc27935.nc
27936,AYC,AYC_VERSION_RAMAN,ayc/version_raman/data,,,"(1,)",1,1,float32,ayc27936.nc
27937,AYC,AYC_VERSION_RAMAN,ayc/version_raman/data,,,"(1,)",1,1,float32,ayc27937.nc
27938,AYC,AYC_VERSION_RAMAN,ayc/version_raman/data,,,"(1,)",1,1,float32,ayc27938.nc
27929,AYC,AYC_VERSION_SPECTROMETE,ayc/version_spectromete/data,,,"(1,)",1,1,float32,ayc27929.nc
27930,AYC,AYC_VERSION_SPECTROMETE,ayc/version_spectromete/data,,,"(1,)",1,1,float32,ayc27930.nc
27931,AYC,AYC_VERSION_SPECTROMETE,ayc/version_spectromete/data,,,"(1,)",1,1,float32,ayc27931.nc
27932,AYC,AYC_VERSION_SPECTROMETE,ayc/version_spectromete/data,,,"(1,)",1,1,float32,ayc27932.nc
27933,AYC,AYC_VERSION_SPECTROMETE,ayc/version_spectromete/data,,,"(1,)",1,1,float32,ayc27933.nc
27934,AYC,AYC_VERSION_SPECTROMETE,ayc/version_spectromete/data,,,"(1,)",1,1,float32,ayc27934.nc
27935,AYC,AYC_VERSION_SPECTROMETE,ayc/version_spectromete/data,,,"(1,)",1,1,float32,ayc27935.nc
27936,AYC,AYC_VERSION_SPECTROMETE,ayc/version_spectromete/data,,,"(1,)",1,1,float32,ayc27936.nc
27937,AYC,AYC_VERSION_SPECTROMETE,ayc/version_spectromete/data,,,"(1,)",1,1,float32,ayc27937.nc
27938,AYC,AYC_VERSION_SPECTROMETE,ayc/version_spectromete/data,,,"(1,)",1,1,float32,ayc27938.nc
27929,AYC,AYC_XYC_TIME,ayc/xyc_time/data,xyc_time,s,"(111,)",1,111,float32,ayc27929.nc
27930,AYC,AYC_XYC_TIME,ayc/xyc_time/data,xyc_time,s,"(117,)",1,117,float32,ayc27930.nc
27931,AYC,AYC_XYC_TIME,ayc/xyc_time/data,xyc_time,s,"(88,)",1,88,float32,ayc27931.nc
27932,AYC,AYC_XYC_TIME,ayc/xyc_time/data,xyc_time,s,"(121,)",1,121,float32,ayc27932.nc
27933,AYC,AYC_XYC_TIME,ayc/xyc_time/data,xyc_time,s,"(92,)",1,92,float32,ayc27933.nc
27934,AYC,AYC_XYC_TIME,ayc/xyc_time/data,xyc_time,s,"(127,)",1,127,float32,ayc27934.nc
27935,AYC,AYC_XYC_TIME,ayc/xyc_time/data,xyc_time,s,"(119,)",1,119,float32,ayc27935.nc
27936,AYC,AYC_XYC_TIME,ayc/xyc_time/data,xyc_time,s,"(124,)",1,124,float32,ayc27936.nc
27937,AYC,AYC_XYC_TIME,ayc/xyc_time/data,xyc_time,s,"(107,)",1,107,float32,ayc27937.nc
27938,AYC,AYC_XYC_TIME,ayc/xyc_time/data,xyc_time,s,"(121,)",1,121,float32,ayc27938.nc
27929,AYC,AYC_YAG_NELINT,ayc/yag_nelint/data,yag line integral densit,e- / m2,"(111,)",1,111,float32,ayc27929.nc
27930,AYC,AYC_YAG_NELINT,ayc/yag_nelint/data,yag line integral densit,e- / m2,"(117,)",1,117,float32,ayc27930.nc
27931,AYC,AYC_YAG_NELINT,ayc/yag_nelint/data,yag line integral densit,e- / m2,"(88,)",1,88,float32,ayc27931.nc
27932,AYC,AYC_YAG_NELINT,ayc/yag_nelint/data,yag line integral densit,e- / m2,"(121,)",1,121,float32,ayc27932.nc
27933,AYC,AYC_YAG_NELINT,ayc/yag_nelint/data,yag line integral densit,e- / m2,"(92,)",1,92,float32,ayc27933.nc
27934,AYC,AYC_YAG_NELINT,ayc/yag_nelint/data,yag line integral densit,e- / m2,"(127,)",1,127,float32,ayc27934.nc
27935,AYC,AYC_YAG_NELINT,ayc/yag_nelint/data,yag line integral densit,e- / m2,"(119,)",1,119,float32,ayc27935.nc
27936,AYC,AYC_YAG_NELINT,ayc/yag_nelint/data,yag line integral densit,e- / m2,"(124,)",1,124,float32,ayc27936.nc
27937,AYC,AYC_YAG_NELINT,ayc/yag_nelint/data,yag line integral densit,e- / m2,"(107,)",1,107,float32,ayc27937.nc
27938,AYC,AYC_YAG_NELINT,ayc/yag_nelint/data,yag line integral densit,e- / m2,"(121,)",1,121,float32,ayc27938.nc
27929,AYE,AYE_ANGLE,aye/angle/data,scattering angle,,"(1, 16)",2,16,float32,aye27929.nc
27930,AYE,AYE_ANGLE,aye/angle/data,scattering angle,,"(1, 16)",2,16,float32,aye27930.nc
27931,AYE,AYE_ANGLE,aye/angle/data,scattering angle,,"(1, 16)",2,16,float32,aye27931.nc
27932,AYE,AYE_ANGLE,aye/angle/data,scattering angle,,"(1, 16)",2,16,float32,aye27932.nc
27933,AYE,AYE_ANGLE,aye/angle/data,scattering angle,,"(1, 16)",2,16,float32,aye27933.nc
27934,AYE,AYE_ANGLE,aye/angle/data,scattering angle,,"(1, 16)",2,16,float32,aye27934.nc
27935,AYE,AYE_ANGLE,aye/angle/data,scattering angle,,"(1, 16)",2,16,float32,aye27935.nc
27936,AYE,AYE_ANGLE,aye/angle/data,scattering angle,,"(1, 16)",2,16,float32,aye27936.nc
27937,AYE,AYE_ANGLE,aye/angle/data,scattering angle,,"(1, 16)",2,16,float32,aye27937.nc
27938,AYE,AYE_ANGLE,aye/angle/data,scattering angle,,"(1, 16)",2,16,float32,aye27938.nc
27929,AYE,AYE_ASPECTRA,aye/aspectra/data,Fitted spectra,Vs,"(111, 16, 4)",3,7104,float32,aye27929.nc
27930,AYE,AYE_ASPECTRA,aye/aspectra/data,Fitted spectra,Vs,"(117, 16, 4)",3,7488,float32,aye27930.nc
27931,AYE,AYE_ASPECTRA,aye/aspectra/data,Fitted spectra,Vs,"(88, 16, 4)",3,5632,float32,aye27931.nc
27932,AYE,AYE_ASPECTRA,aye/aspectra/data,Fitted spectra,Vs,"(121, 16, 4)",3,7744,float32,aye27932.nc
27933,AYE,AYE_ASPECTRA,aye/aspectra/data,Fitted spectra,Vs,"(92, 16, 4)",3,5888,float32,aye27933.nc
27934,AYE,AYE_ASPECTRA,aye/aspectra/data,Fitted spectra,Vs,"(127, 16, 4)",3,8128,float32,aye27934.nc
27935,AYE,AYE_ASPECTRA,aye/aspectra/data,Fitted spectra,Vs,"(119, 16, 4)",3,7616,float32,aye27935.nc
27936,AYE,AYE_ASPECTRA,aye/aspectra/data,Fitted spectra,Vs,"(124, 16, 4)",3,7936,float32,aye27936.nc
27937,AYE,AYE_ASPECTRA,aye/aspectra/data,Fitted spectra,Vs,"(107, 16, 4)",3,6848,float32,aye27937.nc
27938,AYE,AYE_ASPECTRA,aye/aspectra/data,Fitted spectra,Vs,"(121, 16, 4)",3,7744,float32,aye27938.nc
27929,AYE,AYE_CHI2,aye/chi2/data,fit chi^2 error,,"(111, 16)",2,1776,float32,aye27929.nc
27930,AYE,AYE_CHI2,aye/chi2/data,fit chi^2 error,,"(117, 16)",2,1872,float32,aye27930.nc
27931,AYE,AYE_CHI2,aye/chi2/data,fit chi^2 error,,"(88, 16)",2,1408,float32,aye27931.nc
27932,AYE,AYE_CHI2,aye/chi2/data,fit chi^2 error,,"(121, 16)",2,1936,float32,aye27932.nc
27933,AYE,AYE_CHI2,aye/chi2/data,fit chi^2 error,,"(92, 16)",2,1472,float32,aye27933.nc
27934,AYE,AYE_CHI2,aye/chi2/data,fit chi^2 error,,"(127, 16)",2,2032,float32,aye27934.nc
27935,AYE,AYE_CHI2,aye/chi2/data,fit chi^2 error,,"(119, 16)",2,1904,float32,aye27935.nc
27936,AYE,AYE_CHI2,aye/chi2/data,fit chi^2 error,,"(124, 16)",2,1984,float32,aye27936.nc
27937,AYE,AYE_CHI2,aye/chi2/data,fit chi^2 error,,"(107, 16)",2,1712,float32,aye27937.nc
27938,AYE,AYE_CHI2,aye/chi2/data,fit chi^2 error,,"(121, 16)",2,1936,float32,aye27938.nc
27929,AYE,AYE_COVARIANCE_NE_TE,aye/covariance_ne_te/data,fit covariance of ne Te,eV m^-3,"(111, 16)",2,1776,float32,aye27929.nc
27930,AYE,AYE_COVARIANCE_NE_TE,aye/covariance_ne_te/data,fit covariance of ne Te,eV m^-3,"(117, 16)",2,1872,float32,aye27930.nc
27931,AYE,AYE_COVARIANCE_NE_TE,aye/covariance_ne_te/data,fit covariance of ne Te,eV m^-3,"(88, 16)",2,1408,float32,aye27931.nc
27932,AYE,AYE_COVARIANCE_NE_TE,aye/covariance_ne_te/data,fit covariance of ne Te,eV m^-3,"(121, 16)",2,1936,float32,aye27932.nc
27933,AYE,AYE_COVARIANCE_NE_TE,aye/covariance_ne_te/data,fit covariance of ne Te,eV m^-3,"(92, 16)",2,1472,float32,aye27933.nc
27934,AYE,AYE_COVARIANCE_NE_TE,aye/covariance_ne_te/data,fit covariance of ne Te,eV m^-3,"(127, 16)",2,2032,float32,aye27934.nc
27935,AYE,AYE_COVARIANCE_NE_TE,aye/covariance_ne_te/data,fit covariance of ne Te,eV m^-3,"(119, 16)",2,1904,float32,aye27935.nc
27936,AYE,AYE_COVARIANCE_NE_TE,aye/covariance_ne_te/data,fit covariance of ne Te,eV m^-3,"(124, 16)",2,1984,float32,aye27936.nc
27937,AYE,AYE_COVARIANCE_NE_TE,aye/covariance_ne_te/data,fit covariance of ne Te,eV m^-3,"(107, 16)",2,1712,float32,aye27937.nc
27938,AYE,AYE_COVARIANCE_NE_TE,aye/covariance_ne_te/data,fit covariance of ne Te,eV m^-3,"(121, 16)",2,1936,float32,aye27938.nc
27929,AYE,AYE_INSTRUMENT_DR,aye/instrument_dr/data,instrument_dr,m,"(20, 16)",2,320,float32,aye27929.nc
27930,AYE,AYE_INSTRUMENT_DR,aye/instrument_dr/data,instrument_dr,m,"(20, 16)",2,320,float32,aye27930.nc
27931,AYE,AYE_INSTRUMENT_DR,aye/instrument_dr/data,instrument_dr,m,"(20, 16)",2,320,float32,aye27931.nc
27932,AYE,AYE_INSTRUMENT_DR,aye/instrument_dr/data,instrument_dr,m,"(20, 16)",2,320,float32,aye27932.nc
27933,AYE,AYE_INSTRUMENT_DR,aye/instrument_dr/data,instrument_dr,m,"(20, 16)",2,320,float32,aye27933.nc
27934,AYE,AYE_INSTRUMENT_DR,aye/instrument_dr/data,instrument_dr,m,"(20, 16)",2,320,float32,aye27934.nc
27935,AYE,AYE_INSTRUMENT_DR,aye/instrument_dr/data,instrument_dr,m,"(20, 16)",2,320,float32,aye27935.nc
27936,AYE,AYE_INSTRUMENT_DR,aye/instrument_dr/data,instrument_dr,m,"(20, 16)",2,320,float32,aye27936.nc
27937,AYE,AYE_INSTRUMENT_DR,aye/instrument_dr/data,instrument_dr,m,"(20, 16)",2,320,float32,aye27937.nc
27938,AYE,AYE_INSTRUMENT_DR,aye/instrument_dr/data,instrument_dr,m,"(20, 16)",2,320,float32,aye27938.nc
27929,AYE,AYE_INSTRUMENT_INTENSIT,aye/instrument_intensit/data,instrument_intensity,m,"(20, 16)",2,320,float32,aye27929.nc
27930,AYE,AYE_INSTRUMENT_INTENSIT,aye/instrument_intensit/data,instrument_intensity,m,"(20, 16)",2,320,float32,aye27930.nc
27931,AYE,AYE_INSTRUMENT_INTENSIT,aye/instrument_intensit/data,instrument_intensity,m,"(20, 16)",2,320,float32,aye27931.nc
27932,AYE,AYE_INSTRUMENT_INTENSIT,aye/instrument_intensit/data,instrument_intensity,m,"(20, 16)",2,320,float32,aye27932.nc
27933,AYE,AYE_INSTRUMENT_INTENSIT,aye/instrument_intensit/data,instrument_intensity,m,"(20, 16)",2,320,float32,aye27933.nc
27934,AYE,AYE_INSTRUMENT_INTENSIT,aye/instrument_intensit/data,instrument_intensity,m,"(20, 16)",2,320,float32,aye27934.nc
27935,AYE,AYE_INSTRUMENT_INTENSIT,aye/instrument_intensit/data,instrument_intensity,m,"(20, 16)",2,320,float32,aye27935.nc
27936,AYE,AYE_INSTRUMENT_INTENSIT,aye/instrument_intensit/data,instrument_intensity,m,"(20, 16)",2,320,float32,aye27936.nc
27937,AYE,AYE_INSTRUMENT_INTENSIT,aye/instrument_intensit/data,instrument_intensity,m,"(20, 16)",2,320,float32,aye27937.nc
27938,AYE,AYE_INSTRUMENT_INTENSIT,aye/instrument_intensit/data,instrument_intensity,m,"(20, 16)",2,320,float32,aye27938.nc
27929,AYE,AYE_INTERFEROMETER_CORR,aye/interferometer_corr/data,Interferometer Correctio,-,"(111,)",1,111,float32,aye27929.nc
27930,AYE,AYE_INTERFEROMETER_CORR,aye/interferometer_corr/data,Interferometer Correctio,-,"(117,)",1,117,float32,aye27930.nc
27931,AYE,AYE_INTERFEROMETER_CORR,aye/interferometer_corr/data,Interferometer Correctio,-,"(88,)",1,88,float32,aye27931.nc
27932,AYE,AYE_INTERFEROMETER_CORR,aye/interferometer_corr/data,Interferometer Correctio,-,"(121,)",1,121,float32,aye27932.nc
27933,AYE,AYE_INTERFEROMETER_CORR,aye/interferometer_corr/data,Interferometer Correctio,-,"(92,)",1,92,float32,aye27933.nc
27934,AYE,AYE_INTERFEROMETER_CORR,aye/interferometer_corr/data,Interferometer Correctio,-,"(127,)",1,127,float32,aye27934.nc
27935,AYE,AYE_INTERFEROMETER_CORR,aye/interferometer_corr/data,Interferometer Correctio,-,"(119,)",1,119,float32,aye27935.nc
27936,AYE,AYE_INTERFEROMETER_CORR,aye/interferometer_corr/data,Interferometer Correctio,-,"(124,)",1,124,float32,aye27936.nc
27937,AYE,AYE_INTERFEROMETER_CORR,aye/interferometer_corr/data,Interferometer Correctio,-,"(107,)",1,107,float32,aye27937.nc
27938,AYE,AYE_INTERFEROMETER_CORR,aye/interferometer_corr/data,Interferometer Correctio,-,"(121,)",1,121,float32,aye27938.nc
27929,AYE,AYE_LASER_ENERGY,aye/laser_energy/data,laser energy,J,"(111,)",1,111,float32,aye27929.nc
27930,AYE,AYE_LASER_ENERGY,aye/laser_energy/data,laser energy,J,"(117,)",1,117,float32,aye27930.nc
27931,AYE,AYE_LASER_ENERGY,aye/laser_energy/data,laser energy,J,"(88,)",1,88,float32,aye27931.nc
27932,AYE,AYE_LASER_ENERGY,aye/laser_energy/data,laser energy,J,"(121,)",1,121,float32,aye27932.nc
27933,AYE,AYE_LASER_ENERGY,aye/laser_energy/data,laser energy,J,"(92,)",1,92,float32,aye27933.nc
27934,AYE,AYE_LASER_ENERGY,aye/laser_energy/data,laser energy,J,"(127,)",1,127,float32,aye27934.nc
27935,AYE,AYE_LASER_ENERGY,aye/laser_energy/data,laser energy,J,"(119,)",1,119,float32,aye27935.nc
27936,AYE,AYE_LASER_ENERGY,aye/laser_energy/data,laser energy,J,"(124,)",1,124,float32,aye27936.nc
27937,AYE,AYE_LASER_ENERGY,aye/laser_energy/data,laser energy,J,"(107,)",1,107,float32,aye27937.nc
27938,AYE,AYE_LASER_ENERGY,aye/laser_energy/data,laser energy,J,"(121,)",1,121,float32,aye27938.nc
27929,AYE,AYE_LASER_TRACK,aye/laser_track/data,laser number,,"(111,)",1,111,float32,aye27929.nc
27930,AYE,AYE_LASER_TRACK,aye/laser_track/data,laser number,,"(117,)",1,117,float32,aye27930.nc
27931,AYE,AYE_LASER_TRACK,aye/laser_track/data,laser number,,"(88,)",1,88,float32,aye27931.nc
27932,AYE,AYE_LASER_TRACK,aye/laser_track/data,laser number,,"(121,)",1,121,float32,aye27932.nc
27933,AYE,AYE_LASER_TRACK,aye/laser_track/data,laser number,,"(92,)",1,92,float32,aye27933.nc
27934,AYE,AYE_LASER_TRACK,aye/laser_track/data,laser number,,"(127,)",1,127,float32,aye27934.nc
27935,AYE,AYE_LASER_TRACK,aye/laser_track/data,laser number,,"(119,)",1,119,float32,aye27935.nc
27936,AYE,AYE_LASER_TRACK,aye/laser_track/data,laser number,,"(124,)",1,124,float32,aye27936.nc
27937,AYE,AYE_LASER_TRACK,aye/laser_track/data,laser number,,"(107,)",1,107,float32,aye27937.nc
27938,AYE,AYE_LASER_TRACK,aye/laser_track/data,laser number,,"(121,)",1,121,float32,aye27938.nc
27929,AYE,AYE_NE,aye/ne/data,electron density,m^-3,"(111, 16)",2,1776,float32,aye27929.nc
27930,AYE,AYE_NE,aye/ne/data,electron density,m^-3,"(117, 16)",2,1872,float32,aye27930.nc
27931,AYE,AYE_NE,aye/ne/data,electron density,m^-3,"(88, 16)",2,1408,float32,aye27931.nc
27932,AYE,AYE_NE,aye/ne/data,electron density,m^-3,"(121, 16)",2,1936,float32,aye27932.nc
27933,AYE,AYE_NE,aye/ne/data,electron density,m^-3,"(92, 16)",2,1472,float32,aye27933.nc
27934,AYE,AYE_NE,aye/ne/data,electron density,m^-3,"(127, 16)",2,2032,float32,aye27934.nc
27935,AYE,AYE_NE,aye/ne/data,electron density,m^-3,"(119, 16)",2,1904,float32,aye27935.nc
27936,AYE,AYE_NE,aye/ne/data,electron density,m^-3,"(124, 16)",2,1984,float32,aye27936.nc
27937,AYE,AYE_NE,aye/ne/data,electron density,m^-3,"(107, 16)",2,1712,float32,aye27937.nc
27938,AYE,AYE_NE,aye/ne/data,electron density,m^-3,"(121, 16)",2,1936,float32,aye27938.nc
27929,AYE,AYE_PASSNUMBER,aye/passnumber/data,,,"(1,)",1,1,float32,aye27929.nc
27930,AYE,AYE_PASSNUMBER,aye/passnumber/data,,,"(1,)",1,1,float32,aye27930.nc
27931,AYE,AYE_PASSNUMBER,aye/passnumber/data,,,"(1,)",1,1,float32,aye27931.nc
27932,AYE,AYE_PASSNUMBER,aye/passnumber/data,,,"(1,)",1,1,float32,aye27932.nc
27933,AYE,AYE_PASSNUMBER,aye/passnumber/data,,,"(1,)",1,1,float32,aye27933.nc
27934,AYE,AYE_PASSNUMBER,aye/passnumber/data,,,"(1,)",1,1,float32,aye27934.nc
27935,AYE,AYE_PASSNUMBER,aye/passnumber/data,,,"(1,)",1,1,float32,aye27935.nc
27936,AYE,AYE_PASSNUMBER,aye/passnumber/data,,,"(1,)",1,1,float32,aye27936.nc
27937,AYE,AYE_PASSNUMBER,aye/passnumber/data,,,"(1,)",1,1,float32,aye27937.nc
27938,AYE,AYE_PASSNUMBER,aye/passnumber/data,,,"(1,)",1,1,float32,aye27938.nc
27929,AYE,AYE_PE,aye/pe/data,electron pressure,a.u.,"(111, 16)",2,1776,float32,aye27929.nc
27930,AYE,AYE_PE,aye/pe/data,electron pressure,a.u.,"(117, 16)",2,1872,float32,aye27930.nc
27931,AYE,AYE_PE,aye/pe/data,electron pressure,a.u.,"(88, 16)",2,1408,float32,aye27931.nc
27932,AYE,AYE_PE,aye/pe/data,electron pressure,a.u.,"(121, 16)",2,1936,float32,aye27932.nc
27933,AYE,AYE_PE,aye/pe/data,electron pressure,a.u.,"(92, 16)",2,1472,float32,aye27933.nc
27934,AYE,AYE_PE,aye/pe/data,electron pressure,a.u.,"(127, 16)",2,2032,float32,aye27934.nc
27935,AYE,AYE_PE,aye/pe/data,electron pressure,a.u.,"(119, 16)",2,1904,float32,aye27935.nc
27936,AYE,AYE_PE,aye/pe/data,electron pressure,a.u.,"(124, 16)",2,1984,float32,aye27936.nc
27937,AYE,AYE_PE,aye/pe/data,electron pressure,a.u.,"(107, 16)",2,1712,float32,aye27937.nc
27938,AYE,AYE_PE,aye/pe/data,electron pressure,a.u.,"(121, 16)",2,1936,float32,aye27938.nc
27929,AYE,AYE_POLYNAME,aye/polyname/data,polychromator,,"(1, 16)",2,16,float32,aye27929.nc
27930,AYE,AYE_POLYNAME,aye/polyname/data,polychromator,,"(1, 16)",2,16,float32,aye27930.nc
27931,AYE,AYE_POLYNAME,aye/polyname/data,polychromator,,"(1, 16)",2,16,float32,aye27931.nc
27932,AYE,AYE_POLYNAME,aye/polyname/data,polychromator,,"(1, 16)",2,16,float32,aye27932.nc
27933,AYE,AYE_POLYNAME,aye/polyname/data,polychromator,,"(1, 16)",2,16,float32,aye27933.nc
27934,AYE,AYE_POLYNAME,aye/polyname/data,polychromator,,"(1, 16)",2,16,float32,aye27934.nc
27935,AYE,AYE_POLYNAME,aye/polyname/data,polychromator,,"(1, 16)",2,16,float32,aye27935.nc
27936,AYE,AYE_POLYNAME,aye/polyname/data,polychromator,,"(1, 16)",2,16,float32,aye27936.nc
27937,AYE,AYE_POLYNAME,aye/polyname/data,polychromator,,"(1, 16)",2,16,float32,aye27937.nc
27938,AYE,AYE_POLYNAME,aye/polyname/data,polychromator,,"(1, 16)",2,16,float32,aye27938.nc
27929,AYE,AYE_R,aye/r/data,major radius,m,"(111, 16)",2,1776,float32,aye27929.nc
27930,AYE,AYE_R,aye/r/data,major radius,m,"(117, 16)",2,1872,float32,aye27930.nc
27931,AYE,AYE_R,aye/r/data,major radius,m,"(88, 16)",2,1408,float32,aye27931.nc
27932,AYE,AYE_R,aye/r/data,major radius,m,"(121, 16)",2,1936,float32,aye27932.nc
27933,AYE,AYE_R,aye/r/data,major radius,m,"(92, 16)",2,1472,float32,aye27933.nc
27934,AYE,AYE_R,aye/r/data,major radius,m,"(127, 16)",2,2032,float32,aye27934.nc
27935,AYE,AYE_R,aye/r/data,major radius,m,"(119, 16)",2,1904,float32,aye27935.nc
27936,AYE,AYE_R,aye/r/data,major radius,m,"(124, 16)",2,1984,float32,aye27936.nc
27937,AYE,AYE_R,aye/r/data,major radius,m,"(107, 16)",2,1712,float32,aye27937.nc
27938,AYE,AYE_R,aye/r/data,major radius,m,"(121, 16)",2,1936,float32,aye27938.nc
27929,AYE,AYE_SCAT_LENGTH,aye/scat_length/data,scattering length,m,"(1, 16)",2,16,float32,aye27929.nc
27930,AYE,AYE_SCAT_LENGTH,aye/scat_length/data,scattering length,m,"(1, 16)",2,16,float32,aye27930.nc
27931,AYE,AYE_SCAT_LENGTH,aye/scat_length/data,scattering length,m,"(1, 16)",2,16,float32,aye27931.nc
27932,AYE,AYE_SCAT_LENGTH,aye/scat_length/data,scattering length,m,"(1, 16)",2,16,float32,aye27932.nc
27933,AYE,AYE_SCAT_LENGTH,aye/scat_length/data,scattering length,m,"(1, 16)",2,16,float32,aye27933.nc
27934,AYE,AYE_SCAT_LENGTH,aye/scat_length/data,scattering length,m,"(1, 16)",2,16,float32,aye27934.nc
27935,AYE,AYE_SCAT_LENGTH,aye/scat_length/data,scattering length,m,"(1, 16)",2,16,float32,aye27935.nc
27936,AYE,AYE_SCAT_LENGTH,aye/scat_length/data,scattering length,m,"(1, 16)",2,16,float32,aye27936.nc
27937,AYE,AYE_SCAT_LENGTH,aye/scat_length/data,scattering length,m,"(1, 16)",2,16,float32,aye27937.nc
27938,AYE,AYE_SCAT_LENGTH,aye/scat_length/data,scattering length,m,"(1, 16)",2,16,float32,aye27938.nc
27929,AYE,AYE_SEGMENT_NUMBER,aye/segment_number/data,segment number,arb,"(111,)",1,111,float32,aye27929.nc
27930,AYE,AYE_SEGMENT_NUMBER,aye/segment_number/data,segment number,arb,"(117,)",1,117,float32,aye27930.nc
27931,AYE,AYE_SEGMENT_NUMBER,aye/segment_number/data,segment number,arb,"(88,)",1,88,float32,aye27931.nc
27932,AYE,AYE_SEGMENT_NUMBER,aye/segment_number/data,segment number,arb,"(121,)",1,121,float32,aye27932.nc
27933,AYE,AYE_SEGMENT_NUMBER,aye/segment_number/data,segment number,arb,"(92,)",1,92,float32,aye27933.nc
27934,AYE,AYE_SEGMENT_NUMBER,aye/segment_number/data,segment number,arb,"(127,)",1,127,float32,aye27934.nc
27935,AYE,AYE_SEGMENT_NUMBER,aye/segment_number/data,segment number,arb,"(119,)",1,119,float32,aye27935.nc
27936,AYE,AYE_SEGMENT_NUMBER,aye/segment_number/data,segment number,arb,"(124,)",1,124,float32,aye27936.nc
27937,AYE,AYE_SEGMENT_NUMBER,aye/segment_number/data,segment number,arb,"(107,)",1,107,float32,aye27937.nc
27938,AYE,AYE_SEGMENT_NUMBER,aye/segment_number/data,segment number,arb,"(121,)",1,121,float32,aye27938.nc
27929,AYE,AYE_SPECTRA,aye/spectra/data,Raw spectra,Vs,"(111, 16, 4)",3,7104,float32,aye27929.nc
27930,AYE,AYE_SPECTRA,aye/spectra/data,Raw spectra,Vs,"(117, 16, 4)",3,7488,float32,aye27930.nc
27931,AYE,AYE_SPECTRA,aye/spectra/data,Raw spectra,Vs,"(88, 16, 4)",3,5632,float32,aye27931.nc
27932,AYE,AYE_SPECTRA,aye/spectra/data,Raw spectra,Vs,"(121, 16, 4)",3,7744,float32,aye27932.nc
27933,AYE,AYE_SPECTRA,aye/spectra/data,Raw spectra,Vs,"(92, 16, 4)",3,5888,float32,aye27933.nc
27934,AYE,AYE_SPECTRA,aye/spectra/data,Raw spectra,Vs,"(127, 16, 4)",3,8128,float32,aye27934.nc
27935,AYE,AYE_SPECTRA,aye/spectra/data,Raw spectra,Vs,"(119, 16, 4)",3,7616,float32,aye27935.nc
27936,AYE,AYE_SPECTRA,aye/spectra/data,Raw spectra,Vs,"(124, 16, 4)",3,7936,float32,aye27936.nc
27937,AYE,AYE_SPECTRA,aye/spectra/data,Raw spectra,Vs,"(107, 16, 4)",3,6848,float32,aye27937.nc
27938,AYE,AYE_SPECTRA,aye/spectra/data,Raw spectra,Vs,"(121, 16, 4)",3,7744,float32,aye27938.nc
27929,AYE,AYE_STATUS,aye/status/data,,,"(1,)",1,1,float32,aye27929.nc
27930,AYE,AYE_STATUS,aye/status/data,,,"(1,)",1,1,float32,aye27930.nc
27931,AYE,AYE_STATUS,aye/status/data,,,"(1,)",1,1,float32,aye27931.nc
27932,AYE,AYE_STATUS,aye/status/data,,,"(1,)",1,1,float32,aye27932.nc
27933,AYE,AYE_STATUS,aye/status/data,,,"(1,)",1,1,float32,aye27933.nc
27934,AYE,AYE_STATUS,aye/status/data,,,"(1,)",1,1,float32,aye27934.nc
27935,AYE,AYE_STATUS,aye/status/data,,,"(1,)",1,1,float32,aye27935.nc
27936,AYE,AYE_STATUS,aye/status/data,,,"(1,)",1,1,float32,aye27936.nc
27937,AYE,AYE_STATUS,aye/status/data,,,"(1,)",1,1,float32,aye27937.nc
27938,AYE,AYE_STATUS,aye/status/data,,,"(1,)",1,1,float32,aye27938.nc
27929,AYE,AYE_TE,aye/te/data,electron temperature,eV,"(111, 16)",2,1776,float32,aye27929.nc
27930,AYE,AYE_TE,aye/te/data,electron temperature,eV,"(117, 16)",2,1872,float32,aye27930.nc
27931,AYE,AYE_TE,aye/te/data,electron temperature,eV,"(88, 16)",2,1408,float32,aye27931.nc
27932,AYE,AYE_TE,aye/te/data,electron temperature,eV,"(121, 16)",2,1936,float32,aye27932.nc
27933,AYE,AYE_TE,aye/te/data,electron temperature,eV,"(92, 16)",2,1472,float32,aye27933.nc
27934,AYE,AYE_TE,aye/te/data,electron temperature,eV,"(127, 16)",2,2032,float32,aye27934.nc
27935,AYE,AYE_TE,aye/te/data,electron temperature,eV,"(119, 16)",2,1904,float32,aye27935.nc
27936,AYE,AYE_TE,aye/te/data,electron temperature,eV,"(124, 16)",2,1984,float32,aye27936.nc
27937,AYE,AYE_TE,aye/te/data,electron temperature,eV,"(107, 16)",2,1712,float32,aye27937.nc
27938,AYE,AYE_TE,aye/te/data,electron temperature,eV,"(121, 16)",2,1936,float32,aye27938.nc
27929,AYE,AYE_TIME,aye/time/data,time,s,"(111,)",1,111,float32,aye27929.nc
27930,AYE,AYE_TIME,aye/time/data,time,s,"(117,)",1,117,float32,aye27930.nc
27931,AYE,AYE_TIME,aye/time/data,time,s,"(88,)",1,88,float32,aye27931.nc
27932,AYE,AYE_TIME,aye/time/data,time,s,"(121,)",1,121,float32,aye27932.nc
27933,AYE,AYE_TIME,aye/time/data,time,s,"(92,)",1,92,float32,aye27933.nc
27934,AYE,AYE_TIME,aye/time/data,time,s,"(127,)",1,127,float32,aye27934.nc
27935,AYE,AYE_TIME,aye/time/data,time,s,"(119,)",1,119,float32,aye27935.nc
27936,AYE,AYE_TIME,aye/time/data,time,s,"(124,)",1,124,float32,aye27936.nc
27937,AYE,AYE_TIME,aye/time/data,time,s,"(107,)",1,107,float32,aye27937.nc
27938,AYE,AYE_TIME,aye/time/data,time,s,"(121,)",1,121,float32,aye27938.nc
27929,AYE,AYE_VERSION_FIBRE,aye/version_fibre/data,,,"(1,)",1,1,float32,aye27929.nc
27930,AYE,AYE_VERSION_FIBRE,aye/version_fibre/data,,,"(1,)",1,1,float32,aye27930.nc
27931,AYE,AYE_VERSION_FIBRE,aye/version_fibre/data,,,"(1,)",1,1,float32,aye27931.nc
27932,AYE,AYE_VERSION_FIBRE,aye/version_fibre/data,,,"(1,)",1,1,float32,aye27932.nc
27933,AYE,AYE_VERSION_FIBRE,aye/version_fibre/data,,,"(1,)",1,1,float32,aye27933.nc
27934,AYE,AYE_VERSION_FIBRE,aye/version_fibre/data,,,"(1,)",1,1,float32,aye27934.nc
27935,AYE,AYE_VERSION_FIBRE,aye/version_fibre/data,,,"(1,)",1,1,float32,aye27935.nc
27936,AYE,AYE_VERSION_FIBRE,aye/version_fibre/data,,,"(1,)",1,1,float32,aye27936.nc
27937,AYE,AYE_VERSION_FIBRE,aye/version_fibre/data,,,"(1,)",1,1,float32,aye27937.nc
27938,AYE,AYE_VERSION_FIBRE,aye/version_fibre/data,,,"(1,)",1,1,float32,aye27938.nc
27929,AYE,AYE_VERSION_POLY,aye/version_poly/data,,,"(1,)",1,1,float32,aye27929.nc
27930,AYE,AYE_VERSION_POLY,aye/version_poly/data,,,"(1,)",1,1,float32,aye27930.nc
27931,AYE,AYE_VERSION_POLY,aye/version_poly/data,,,"(1,)",1,1,float32,aye27931.nc
27932,AYE,AYE_VERSION_POLY,aye/version_poly/data,,,"(1,)",1,1,float32,aye27932.nc
27933,AYE,AYE_VERSION_POLY,aye/version_poly/data,,,"(1,)",1,1,float32,aye27933.nc
27934,AYE,AYE_VERSION_POLY,aye/version_poly/data,,,"(1,)",1,1,float32,aye27934.nc
27935,AYE,AYE_VERSION_POLY,aye/version_poly/data,,,"(1,)",1,1,float32,aye27935.nc
27936,AYE,AYE_VERSION_POLY,aye/version_poly/data,,,"(1,)",1,1,float32,aye27936.nc
27937,AYE,AYE_VERSION_POLY,aye/version_poly/data,,,"(1,)",1,1,float32,aye27937.nc
27938,AYE,AYE_VERSION_POLY,aye/version_poly/data,,,"(1,)",1,1,float32,aye27938.nc
27929,AYE,AYE_VERSION_RAMAN,aye/version_raman/data,,,"(1,)",1,1,float32,aye27929.nc
27930,AYE,AYE_VERSION_RAMAN,aye/version_raman/data,,,"(1,)",1,1,float32,aye27930.nc
27931,AYE,AYE_VERSION_RAMAN,aye/version_raman/data,,,"(1,)",1,1,float32,aye27931.nc
27932,AYE,AYE_VERSION_RAMAN,aye/version_raman/data,,,"(1,)",1,1,float32,aye27932.nc
27933,AYE,AYE_VERSION_RAMAN,aye/version_raman/data,,,"(1,)",1,1,float32,aye27933.nc
27934,AYE,AYE_VERSION_RAMAN,aye/version_raman/data,,,"(1,)",1,1,float32,aye27934.nc
27935,AYE,AYE_VERSION_RAMAN,aye/version_raman/data,,,"(1,)",1,1,float32,aye27935.nc
27936,AYE,AYE_VERSION_RAMAN,aye/version_raman/data,,,"(1,)",1,1,float32,aye27936.nc
27937,AYE,AYE_VERSION_RAMAN,aye/version_raman/data,,,"(1,)",1,1,float32,aye27937.nc
27938,AYE,AYE_VERSION_RAMAN,aye/version_raman/data,,,"(1,)",1,1,float32,aye27938.nc
27929,AYE,AYE_VERSION_SPECTROMETE,aye/version_spectromete/data,,,"(1,)",1,1,float32,aye27929.nc
27930,AYE,AYE_VERSION_SPECTROMETE,aye/version_spectromete/data,,,"(1,)",1,1,float32,aye27930.nc
27931,AYE,AYE_VERSION_SPECTROMETE,aye/version_spectromete/data,,,"(1,)",1,1,float32,aye27931.nc
27932,AYE,AYE_VERSION_SPECTROMETE,aye/version_spectromete/data,,,"(1,)",1,1,float32,aye27932.nc
27933,AYE,AYE_VERSION_SPECTROMETE,aye/version_spectromete/data,,,"(1,)",1,1,float32,aye27933.nc
27934,AYE,AYE_VERSION_SPECTROMETE,aye/version_spectromete/data,,,"(1,)",1,1,float32,aye27934.nc
27935,AYE,AYE_VERSION_SPECTROMETE,aye/version_spectromete/data,,,"(1,)",1,1,float32,aye27935.nc
27936,AYE,AYE_VERSION_SPECTROMETE,aye/version_spectromete/data,,,"(1,)",1,1,float32,aye27936.nc
27937,AYE,AYE_VERSION_SPECTROMETE,aye/version_spectromete/data,,,"(1,)",1,1,float32,aye27937.nc
27938,AYE,AYE_VERSION_SPECTROMETE,aye/version_spectromete/data,,,"(1,)",1,1,float32,aye27938.nc
27929,EFM,EFM_ALL_TIMES,efm/all_times/data,Time of reconstruction,s,"(93,)",1,93,float32,efm27929.nc
27930,EFM,EFM_ALL_TIMES,efm/all_times/data,Time of reconstruction,s,"(105,)",1,105,float32,efm27930 (1).nc
27931,EFM,EFM_ALL_TIMES,efm/all_times/data,Time of reconstruction,s,"(80,)",1,80,float32,efm27931.nc
27932,EFM,EFM_ALL_TIMES,efm/all_times/data,Time of reconstruction,s,"(107,)",1,107,float32,efm27932.nc
27933,EFM,EFM_ALL_TIMES,efm/all_times/data,Time of reconstruction,s,"(84,)",1,84,float32,efm27933.nc
27934,EFM,EFM_ALL_TIMES,efm/all_times/data,Time of reconstruction,s,"(114,)",1,114,float32,efm27934.nc
27935,EFM,EFM_ALL_TIMES,efm/all_times/data,Time of reconstruction,s,"(110,)",1,110,float32,efm27935.nc
27936,EFM,EFM_ALL_TIMES,efm/all_times/data,Time of reconstruction,s,"(111,)",1,111,float32,efm27936.nc
27937,EFM,EFM_ALL_TIMES,efm/all_times/data,Time of reconstruction,s,"(95,)",1,95,float32,efm27937.nc
27938,EFM,EFM_ALL_TIMES,efm/all_times/data,Time of reconstruction,s,"(108,)",1,108,float32,efm27938.nc
27929,EFM,EFM_AREAP_(C),efm/areap_(c)/data,pol area of surfaces,m^2,"(80, 65)",2,5200,float32,efm27929.nc
27930,EFM,EFM_AREAP_(C),efm/areap_(c)/data,pol area of surfaces,m^2,"(92, 65)",2,5980,float32,efm27930 (1).nc
27931,EFM,EFM_AREAP_(C),efm/areap_(c)/data,pol area of surfaces,m^2,"(67, 65)",2,4355,float32,efm27931.nc
27932,EFM,EFM_AREAP_(C),efm/areap_(c)/data,pol area of surfaces,m^2,"(94, 65)",2,6110,float32,efm27932.nc
27933,EFM,EFM_AREAP_(C),efm/areap_(c)/data,pol area of surfaces,m^2,"(71, 65)",2,4615,float32,efm27933.nc
27934,EFM,EFM_AREAP_(C),efm/areap_(c)/data,pol area of surfaces,m^2,"(98, 65)",2,6370,float32,efm27934.nc
27935,EFM,EFM_AREAP_(C),efm/areap_(c)/data,pol area of surfaces,m^2,"(95, 65)",2,6175,float32,efm27935.nc
27936,EFM,EFM_AREAP_(C),efm/areap_(c)/data,pol area of surfaces,m^2,"(96, 65)",2,6240,float32,efm27936.nc
27937,EFM,EFM_AREAP_(C),efm/areap_(c)/data,pol area of surfaces,m^2,"(82, 65)",2,5330,float32,efm27937.nc
27938,EFM,EFM_AREAP_(C),efm/areap_(c)/data,pol area of surfaces,m^2,"(94, 65)",2,6110,float32,efm27938.nc
27929,EFM,EFM_BETAN,efm/betan/data,betat/(I/ a Bvac_geom),T,"(80,)",1,80,float32,efm27929.nc
27930,EFM,EFM_BETAN,efm/betan/data,betat/(I/ a Bvac_geom),T,"(92,)",1,92,float32,efm27930 (1).nc
27931,EFM,EFM_BETAN,efm/betan/data,betat/(I/ a Bvac_geom),T,"(67,)",1,67,float32,efm27931.nc
27932,EFM,EFM_BETAN,efm/betan/data,betat/(I/ a Bvac_geom),T,"(94,)",1,94,float32,efm27932.nc
27933,EFM,EFM_BETAN,efm/betan/data,betat/(I/ a Bvac_geom),T,"(71,)",1,71,float32,efm27933.nc
27934,EFM,EFM_BETAN,efm/betan/data,betat/(I/ a Bvac_geom),T,"(98,)",1,98,float32,efm27934.nc
27935,EFM,EFM_BETAN,efm/betan/data,betat/(I/ a Bvac_geom),T,"(95,)",1,95,float32,efm27935.nc
27936,EFM,EFM_BETAN,efm/betan/data,betat/(I/ a Bvac_geom),T,"(96,)",1,96,float32,efm27936.nc
27937,EFM,EFM_BETAN,efm/betan/data,betat/(I/ a Bvac_geom),T,"(82,)",1,82,float32,efm27937.nc
27938,EFM,EFM_BETAN,efm/betan/data,betat/(I/ a Bvac_geom),T,"(94,)",1,94,float32,efm27938.nc
27929,EFM,EFM_BETAP,efm/betap/data,Poloidal Beta,nounits,"(80,)",1,80,float32,efm27929.nc
27930,EFM,EFM_BETAP,efm/betap/data,Poloidal Beta,nounits,"(92,)",1,92,float32,efm27930 (1).nc
27931,EFM,EFM_BETAP,efm/betap/data,Poloidal Beta,nounits,"(67,)",1,67,float32,efm27931.nc
27932,EFM,EFM_BETAP,efm/betap/data,Poloidal Beta,nounits,"(94,)",1,94,float32,efm27932.nc
27933,EFM,EFM_BETAP,efm/betap/data,Poloidal Beta,nounits,"(71,)",1,71,float32,efm27933.nc
27934,EFM,EFM_BETAP,efm/betap/data,Poloidal Beta,nounits,"(98,)",1,98,float32,efm27934.nc
27935,EFM,EFM_BETAP,efm/betap/data,Poloidal Beta,nounits,"(95,)",1,95,float32,efm27935.nc
27936,EFM,EFM_BETAP,efm/betap/data,Poloidal Beta,nounits,"(96,)",1,96,float32,efm27936.nc
27937,EFM,EFM_BETAP,efm/betap/data,Poloidal Beta,nounits,"(82,)",1,82,float32,efm27937.nc
27938,EFM,EFM_BETAP,efm/betap/data,Poloidal Beta,nounits,"(94,)",1,94,float32,efm27938.nc
27929,EFM,EFM_BETAPD,efm/betapd/data,Poloidal Diamagnetic Bet,nounits,"(80,)",1,80,float32,efm27929.nc
27930,EFM,EFM_BETAPD,efm/betapd/data,Poloidal Diamagnetic Bet,nounits,"(92,)",1,92,float32,efm27930 (1).nc
27931,EFM,EFM_BETAPD,efm/betapd/data,Poloidal Diamagnetic Bet,nounits,"(67,)",1,67,float32,efm27931.nc
27932,EFM,EFM_BETAPD,efm/betapd/data,Poloidal Diamagnetic Bet,nounits,"(94,)",1,94,float32,efm27932.nc
27933,EFM,EFM_BETAPD,efm/betapd/data,Poloidal Diamagnetic Bet,nounits,"(71,)",1,71,float32,efm27933.nc
27934,EFM,EFM_BETAPD,efm/betapd/data,Poloidal Diamagnetic Bet,nounits,"(98,)",1,98,float32,efm27934.nc
27935,EFM,EFM_BETAPD,efm/betapd/data,Poloidal Diamagnetic Bet,nounits,"(95,)",1,95,float32,efm27935.nc
27936,EFM,EFM_BETAPD,efm/betapd/data,Poloidal Diamagnetic Bet,nounits,"(96,)",1,96,float32,efm27936.nc
27937,EFM,EFM_BETAPD,efm/betapd/data,Poloidal Diamagnetic Bet,nounits,"(82,)",1,82,float32,efm27937.nc
27938,EFM,EFM_BETAPD,efm/betapd/data,Poloidal Diamagnetic Bet,nounits,"(94,)",1,94,float32,efm27938.nc
27929,EFM,EFM_BETAT,efm/betat/data,Toroidal Beta,%,"(80,)",1,80,float32,efm27929.nc
27930,EFM,EFM_BETAT,efm/betat/data,Toroidal Beta,%,"(92,)",1,92,float32,efm27930 (1).nc
27931,EFM,EFM_BETAT,efm/betat/data,Toroidal Beta,%,"(67,)",1,67,float32,efm27931.nc
27932,EFM,EFM_BETAT,efm/betat/data,Toroidal Beta,%,"(94,)",1,94,float32,efm27932.nc
27933,EFM,EFM_BETAT,efm/betat/data,Toroidal Beta,%,"(71,)",1,71,float32,efm27933.nc
27934,EFM,EFM_BETAT,efm/betat/data,Toroidal Beta,%,"(98,)",1,98,float32,efm27934.nc
27935,EFM,EFM_BETAT,efm/betat/data,Toroidal Beta,%,"(95,)",1,95,float32,efm27935.nc
27936,EFM,EFM_BETAT,efm/betat/data,Toroidal Beta,%,"(96,)",1,96,float32,efm27936.nc
27937,EFM,EFM_BETAT,efm/betat/data,Toroidal Beta,%,"(82,)",1,82,float32,efm27937.nc
27938,EFM,EFM_BETAT,efm/betat/data,Toroidal Beta,%,"(94,)",1,94,float32,efm27938.nc
27929,EFM,EFM_BETATD,efm/betatd/data,Toroidal Diamagnetic Bet,nounits,"(80,)",1,80,float32,efm27929.nc
27930,EFM,EFM_BETATD,efm/betatd/data,Toroidal Diamagnetic Bet,nounits,"(92,)",1,92,float32,efm27930 (1).nc
27931,EFM,EFM_BETATD,efm/betatd/data,Toroidal Diamagnetic Bet,nounits,"(67,)",1,67,float32,efm27931.nc
27932,EFM,EFM_BETATD,efm/betatd/data,Toroidal Diamagnetic Bet,nounits,"(94,)",1,94,float32,efm27932.nc
27933,EFM,EFM_BETATD,efm/betatd/data,Toroidal Diamagnetic Bet,nounits,"(71,)",1,71,float32,efm27933.nc
27934,EFM,EFM_BETATD,efm/betatd/data,Toroidal Diamagnetic Bet,nounits,"(98,)",1,98,float32,efm27934.nc
27935,EFM,EFM_BETATD,efm/betatd/data,Toroidal Diamagnetic Bet,nounits,"(95,)",1,95,float32,efm27935.nc
27936,EFM,EFM_BETATD,efm/betatd/data,Toroidal Diamagnetic Bet,nounits,"(96,)",1,96,float32,efm27936.nc
27937,EFM,EFM_BETATD,efm/betatd/data,Toroidal Diamagnetic Bet,nounits,"(82,)",1,82,float32,efm27937.nc
27938,EFM,EFM_BETATD,efm/betatd/data,Toroidal Diamagnetic Bet,nounits,"(94,)",1,94,float32,efm27938.nc
27929,EFM,EFM_BPHI_RGEOM,efm/bphi_rgeom/data,Bphi at rgeom,T,"(80,)",1,80,float32,efm27929.nc
27930,EFM,EFM_BPHI_RGEOM,efm/bphi_rgeom/data,Bphi at rgeom,T,"(92,)",1,92,float32,efm27930 (1).nc
27931,EFM,EFM_BPHI_RGEOM,efm/bphi_rgeom/data,Bphi at rgeom,T,"(67,)",1,67,float32,efm27931.nc
27932,EFM,EFM_BPHI_RGEOM,efm/bphi_rgeom/data,Bphi at rgeom,T,"(94,)",1,94,float32,efm27932.nc
27933,EFM,EFM_BPHI_RGEOM,efm/bphi_rgeom/data,Bphi at rgeom,T,"(71,)",1,71,float32,efm27933.nc
27934,EFM,EFM_BPHI_RGEOM,efm/bphi_rgeom/data,Bphi at rgeom,T,"(98,)",1,98,float32,efm27934.nc
27935,EFM,EFM_BPHI_RGEOM,efm/bphi_rgeom/data,Bphi at rgeom,T,"(95,)",1,95,float32,efm27935.nc
27936,EFM,EFM_BPHI_RGEOM,efm/bphi_rgeom/data,Bphi at rgeom,T,"(96,)",1,96,float32,efm27936.nc
27937,EFM,EFM_BPHI_RGEOM,efm/bphi_rgeom/data,Bphi at rgeom,T,"(82,)",1,82,float32,efm27937.nc
27938,EFM,EFM_BPHI_RGEOM,efm/bphi_rgeom/data,Bphi at rgeom,T,"(94,)",1,94,float32,efm27938.nc
27929,EFM,EFM_BPHI_RMAG,efm/bphi_rmag/data,Bphi at rmag,T,"(80,)",1,80,float32,efm27929.nc
27930,EFM,EFM_BPHI_RMAG,efm/bphi_rmag/data,Bphi at rmag,T,"(92,)",1,92,float32,efm27930 (1).nc
27931,EFM,EFM_BPHI_RMAG,efm/bphi_rmag/data,Bphi at rmag,T,"(67,)",1,67,float32,efm27931.nc
27932,EFM,EFM_BPHI_RMAG,efm/bphi_rmag/data,Bphi at rmag,T,"(94,)",1,94,float32,efm27932.nc
27933,EFM,EFM_BPHI_RMAG,efm/bphi_rmag/data,Bphi at rmag,T,"(71,)",1,71,float32,efm27933.nc
27934,EFM,EFM_BPHI_RMAG,efm/bphi_rmag/data,Bphi at rmag,T,"(98,)",1,98,float32,efm27934.nc
27935,EFM,EFM_BPHI_RMAG,efm/bphi_rmag/data,Bphi at rmag,T,"(95,)",1,95,float32,efm27935.nc
27936,EFM,EFM_BPHI_RMAG,efm/bphi_rmag/data,Bphi at rmag,T,"(96,)",1,96,float32,efm27936.nc
27937,EFM,EFM_BPHI_RMAG,efm/bphi_rmag/data,Bphi at rmag,T,"(82,)",1,82,float32,efm27937.nc
27938,EFM,EFM_BPHI_RMAG,efm/bphi_rmag/data,Bphi at rmag,T,"(94,)",1,94,float32,efm27938.nc
27929,EFM,EFM_BPHI_SQUARED,efm/bphi_squared/data,Bphi^2 dV,T^2 m^3,"(80,)",1,80,float32,efm27929.nc
27930,EFM,EFM_BPHI_SQUARED,efm/bphi_squared/data,Bphi^2 dV,T^2 m^3,"(92,)",1,92,float32,efm27930 (1).nc
27931,EFM,EFM_BPHI_SQUARED,efm/bphi_squared/data,Bphi^2 dV,T^2 m^3,"(67,)",1,67,float32,efm27931.nc
27932,EFM,EFM_BPHI_SQUARED,efm/bphi_squared/data,Bphi^2 dV,T^2 m^3,"(94,)",1,94,float32,efm27932.nc
27933,EFM,EFM_BPHI_SQUARED,efm/bphi_squared/data,Bphi^2 dV,T^2 m^3,"(71,)",1,71,float32,efm27933.nc
27934,EFM,EFM_BPHI_SQUARED,efm/bphi_squared/data,Bphi^2 dV,T^2 m^3,"(98,)",1,98,float32,efm27934.nc
27935,EFM,EFM_BPHI_SQUARED,efm/bphi_squared/data,Bphi^2 dV,T^2 m^3,"(95,)",1,95,float32,efm27935.nc
27936,EFM,EFM_BPHI_SQUARED,efm/bphi_squared/data,Bphi^2 dV,T^2 m^3,"(96,)",1,96,float32,efm27936.nc
27937,EFM,EFM_BPHI_SQUARED,efm/bphi_squared/data,Bphi^2 dV,T^2 m^3,"(82,)",1,82,float32,efm27937.nc
27938,EFM,EFM_BPHI_SQUARED,efm/bphi_squared/data,Bphi^2 dV,T^2 m^3,"(94,)",1,94,float32,efm27938.nc
27929,EFM,EFM_BPOL_SQUARED,efm/bpol_squared/data,Bpol dV,T^2 m^3,"(80,)",1,80,float32,efm27929.nc
27930,EFM,EFM_BPOL_SQUARED,efm/bpol_squared/data,Bpol dV,T^2 m^3,"(92,)",1,92,float32,efm27930 (1).nc
27931,EFM,EFM_BPOL_SQUARED,efm/bpol_squared/data,Bpol dV,T^2 m^3,"(67,)",1,67,float32,efm27931.nc
27932,EFM,EFM_BPOL_SQUARED,efm/bpol_squared/data,Bpol dV,T^2 m^3,"(94,)",1,94,float32,efm27932.nc
27933,EFM,EFM_BPOL_SQUARED,efm/bpol_squared/data,Bpol dV,T^2 m^3,"(71,)",1,71,float32,efm27933.nc
27934,EFM,EFM_BPOL_SQUARED,efm/bpol_squared/data,Bpol dV,T^2 m^3,"(98,)",1,98,float32,efm27934.nc
27935,EFM,EFM_BPOL_SQUARED,efm/bpol_squared/data,Bpol dV,T^2 m^3,"(95,)",1,95,float32,efm27935.nc
27936,EFM,EFM_BPOL_SQUARED,efm/bpol_squared/data,Bpol dV,T^2 m^3,"(96,)",1,96,float32,efm27936.nc
27937,EFM,EFM_BPOL_SQUARED,efm/bpol_squared/data,Bpol dV,T^2 m^3,"(82,)",1,82,float32,efm27937.nc
27938,EFM,EFM_BPOL_SQUARED,efm/bpol_squared/data,Bpol dV,T^2 m^3,"(94,)",1,94,float32,efm27938.nc
27929,EFM,EFM_BVAC_R,efm/bvac_r/data,radius at where B_phi=_b,m,"(93,)",1,93,float32,efm27929.nc
27930,EFM,EFM_BVAC_R,efm/bvac_r/data,radius at where B_phi=_b,m,"(105,)",1,105,float32,efm27930 (1).nc
27931,EFM,EFM_BVAC_R,efm/bvac_r/data,radius at where B_phi=_b,m,"(80,)",1,80,float32,efm27931.nc
27932,EFM,EFM_BVAC_R,efm/bvac_r/data,radius at where B_phi=_b,m,"(107,)",1,107,float32,efm27932.nc
27933,EFM,EFM_BVAC_R,efm/bvac_r/data,radius at where B_phi=_b,m,"(84,)",1,84,float32,efm27933.nc
27934,EFM,EFM_BVAC_R,efm/bvac_r/data,radius at where B_phi=_b,m,"(114,)",1,114,float32,efm27934.nc
27935,EFM,EFM_BVAC_R,efm/bvac_r/data,radius at where B_phi=_b,m,"(110,)",1,110,float32,efm27935.nc
27936,EFM,EFM_BVAC_R,efm/bvac_r/data,radius at where B_phi=_b,m,"(111,)",1,111,float32,efm27936.nc
27937,EFM,EFM_BVAC_R,efm/bvac_r/data,radius at where B_phi=_b,m,"(95,)",1,95,float32,efm27937.nc
27938,EFM,EFM_BVAC_R,efm/bvac_r/data,radius at where B_phi=_b,m,"(108,)",1,108,float32,efm27938.nc
27929,EFM,EFM_BVAC_RGEOM,efm/bvac_rgeom/data,Bvac at rgeom,T,"(80,)",1,80,float32,efm27929.nc
27930,EFM,EFM_BVAC_RGEOM,efm/bvac_rgeom/data,Bvac at rgeom,T,"(92,)",1,92,float32,efm27930 (1).nc
27931,EFM,EFM_BVAC_RGEOM,efm/bvac_rgeom/data,Bvac at rgeom,T,"(67,)",1,67,float32,efm27931.nc
27932,EFM,EFM_BVAC_RGEOM,efm/bvac_rgeom/data,Bvac at rgeom,T,"(94,)",1,94,float32,efm27932.nc
27933,EFM,EFM_BVAC_RGEOM,efm/bvac_rgeom/data,Bvac at rgeom,T,"(71,)",1,71,float32,efm27933.nc
27934,EFM,EFM_BVAC_RGEOM,efm/bvac_rgeom/data,Bvac at rgeom,T,"(98,)",1,98,float32,efm27934.nc
27935,EFM,EFM_BVAC_RGEOM,efm/bvac_rgeom/data,Bvac at rgeom,T,"(95,)",1,95,float32,efm27935.nc
27936,EFM,EFM_BVAC_RGEOM,efm/bvac_rgeom/data,Bvac at rgeom,T,"(96,)",1,96,float32,efm27936.nc
27937,EFM,EFM_BVAC_RGEOM,efm/bvac_rgeom/data,Bvac at rgeom,T,"(82,)",1,82,float32,efm27937.nc
27938,EFM,EFM_BVAC_RGEOM,efm/bvac_rgeom/data,Bvac at rgeom,T,"(94,)",1,94,float32,efm27938.nc
27929,EFM,EFM_BVAC_RMAG,efm/bvac_rmag/data,Bvac at rmag,T,"(80,)",1,80,float32,efm27929.nc
27930,EFM,EFM_BVAC_RMAG,efm/bvac_rmag/data,Bvac at rmag,T,"(92,)",1,92,float32,efm27930 (1).nc
27931,EFM,EFM_BVAC_RMAG,efm/bvac_rmag/data,Bvac at rmag,T,"(67,)",1,67,float32,efm27931.nc
27932,EFM,EFM_BVAC_RMAG,efm/bvac_rmag/data,Bvac at rmag,T,"(94,)",1,94,float32,efm27932.nc
27933,EFM,EFM_BVAC_RMAG,efm/bvac_rmag/data,Bvac at rmag,T,"(71,)",1,71,float32,efm27933.nc
27934,EFM,EFM_BVAC_RMAG,efm/bvac_rmag/data,Bvac at rmag,T,"(98,)",1,98,float32,efm27934.nc
27935,EFM,EFM_BVAC_RMAG,efm/bvac_rmag/data,Bvac at rmag,T,"(95,)",1,95,float32,efm27935.nc
27936,EFM,EFM_BVAC_RMAG,efm/bvac_rmag/data,Bvac at rmag,T,"(96,)",1,96,float32,efm27936.nc
27937,EFM,EFM_BVAC_RMAG,efm/bvac_rmag/data,Bvac at rmag,T,"(82,)",1,82,float32,efm27937.nc
27938,EFM,EFM_BVAC_RMAG,efm/bvac_rmag/data,Bvac at rmag,T,"(94,)",1,94,float32,efm27938.nc
27929,EFM,EFM_BVAC_VAL,efm/bvac_val/data,Vacuum toroidal field at,T,"(93,)",1,93,float32,efm27929.nc
27930,EFM,EFM_BVAC_VAL,efm/bvac_val/data,Vacuum toroidal field at,T,"(105,)",1,105,float32,efm27930 (1).nc
27931,EFM,EFM_BVAC_VAL,efm/bvac_val/data,Vacuum toroidal field at,T,"(80,)",1,80,float32,efm27931.nc
27932,EFM,EFM_BVAC_VAL,efm/bvac_val/data,Vacuum toroidal field at,T,"(107,)",1,107,float32,efm27932.nc
27933,EFM,EFM_BVAC_VAL,efm/bvac_val/data,Vacuum toroidal field at,T,"(84,)",1,84,float32,efm27933.nc
27934,EFM,EFM_BVAC_VAL,efm/bvac_val/data,Vacuum toroidal field at,T,"(114,)",1,114,float32,efm27934.nc
27935,EFM,EFM_BVAC_VAL,efm/bvac_val/data,Vacuum toroidal field at,T,"(110,)",1,110,float32,efm27935.nc
27936,EFM,EFM_BVAC_VAL,efm/bvac_val/data,Vacuum toroidal field at,T,"(111,)",1,111,float32,efm27936.nc
27937,EFM,EFM_BVAC_VAL,efm/bvac_val/data,Vacuum toroidal field at,T,"(95,)",1,95,float32,efm27937.nc
27938,EFM,EFM_BVAC_VAL,efm/bvac_val/data,Vacuum toroidal field at,T,"(108,)",1,108,float32,efm27938.nc
27929,EFM,EFM_CHISQ_MAGNETIC,efm/chisq_magnetic/data,Chi**2 (magnetic),nounits,"(93, 10)",2,930,float32,efm27929.nc
27930,EFM,EFM_CHISQ_MAGNETIC,efm/chisq_magnetic/data,Chi**2 (magnetic),nounits,"(105, 10)",2,1050,float32,efm27930 (1).nc
27931,EFM,EFM_CHISQ_MAGNETIC,efm/chisq_magnetic/data,Chi**2 (magnetic),nounits,"(80, 10)",2,800,float32,efm27931.nc
27932,EFM,EFM_CHISQ_MAGNETIC,efm/chisq_magnetic/data,Chi**2 (magnetic),nounits,"(107, 10)",2,1070,float32,efm27932.nc
27933,EFM,EFM_CHISQ_MAGNETIC,efm/chisq_magnetic/data,Chi**2 (magnetic),nounits,"(84, 10)",2,840,float32,efm27933.nc
27934,EFM,EFM_CHISQ_MAGNETIC,efm/chisq_magnetic/data,Chi**2 (magnetic),nounits,"(114, 10)",2,1140,float32,efm27934.nc
27935,EFM,EFM_CHISQ_MAGNETIC,efm/chisq_magnetic/data,Chi**2 (magnetic),nounits,"(110, 10)",2,1100,float32,efm27935.nc
27936,EFM,EFM_CHISQ_MAGNETIC,efm/chisq_magnetic/data,Chi**2 (magnetic),nounits,"(111, 10)",2,1110,float32,efm27936.nc
27937,EFM,EFM_CHISQ_MAGNETIC,efm/chisq_magnetic/data,Chi**2 (magnetic),nounits,"(95, 10)",2,950,float32,efm27937.nc
27938,EFM,EFM_CHISQ_MAGNETIC,efm/chisq_magnetic/data,Chi**2 (magnetic),nounits,"(108, 10)",2,1080,float32,efm27938.nc
27929,EFM,EFM_CM_BDRY,efm/cm_bdry/data,computed normalized psi_,-,"(80,)",1,80,float32,efm27929.nc
27930,EFM,EFM_CM_BDRY,efm/cm_bdry/data,computed normalized psi_,-,"(92,)",1,92,float32,efm27930 (1).nc
27931,EFM,EFM_CM_BDRY,efm/cm_bdry/data,computed normalized psi_,-,"(67,)",1,67,float32,efm27931.nc
27932,EFM,EFM_CM_BDRY,efm/cm_bdry/data,computed normalized psi_,-,"(94,)",1,94,float32,efm27932.nc
27933,EFM,EFM_CM_BDRY,efm/cm_bdry/data,computed normalized psi_,-,"(71,)",1,71,float32,efm27933.nc
27934,EFM,EFM_CM_BDRY,efm/cm_bdry/data,computed normalized psi_,-,"(98,)",1,98,float32,efm27934.nc
27935,EFM,EFM_CM_BDRY,efm/cm_bdry/data,computed normalized psi_,-,"(95,)",1,95,float32,efm27935.nc
27936,EFM,EFM_CM_BDRY,efm/cm_bdry/data,computed normalized psi_,-,"(96,)",1,96,float32,efm27936.nc
27937,EFM,EFM_CM_BDRY,efm/cm_bdry/data,computed normalized psi_,-,"(82,)",1,82,float32,efm27937.nc
27938,EFM,EFM_CM_BDRY,efm/cm_bdry/data,computed normalized psi_,-,"(94,)",1,94,float32,efm27938.nc
27929,EFM,EFM_CNVRGD_TIMES,efm/cnvrgd_times/data,Time of reconstruction,s,"(93,)",1,93,float32,efm27929.nc
27930,EFM,EFM_CNVRGD_TIMES,efm/cnvrgd_times/data,Time of reconstruction,s,"(105,)",1,105,float32,efm27930 (1).nc
27931,EFM,EFM_CNVRGD_TIMES,efm/cnvrgd_times/data,Time of reconstruction,s,"(80,)",1,80,float32,efm27931.nc
27932,EFM,EFM_CNVRGD_TIMES,efm/cnvrgd_times/data,Time of reconstruction,s,"(107,)",1,107,float32,efm27932.nc
27933,EFM,EFM_CNVRGD_TIMES,efm/cnvrgd_times/data,Time of reconstruction,s,"(84,)",1,84,float32,efm27933.nc
27934,EFM,EFM_CNVRGD_TIMES,efm/cnvrgd_times/data,Time of reconstruction,s,"(114,)",1,114,float32,efm27934.nc
27935,EFM,EFM_CNVRGD_TIMES,efm/cnvrgd_times/data,Time of reconstruction,s,"(110,)",1,110,float32,efm27935.nc
27936,EFM,EFM_CNVRGD_TIMES,efm/cnvrgd_times/data,Time of reconstruction,s,"(111,)",1,111,float32,efm27936.nc
27937,EFM,EFM_CNVRGD_TIMES,efm/cnvrgd_times/data,Time of reconstruction,s,"(95,)",1,95,float32,efm27937.nc
27938,EFM,EFM_CNVRGD_TIMES,efm/cnvrgd_times/data,Time of reconstruction,s,"(108,)",1,108,float32,efm27938.nc
27929,EFM,EFM_CURRENT_CENTRD_R,efm/current_centrd_r/data,radius of current centro,m,"(80,)",1,80,float32,efm27929.nc
27930,EFM,EFM_CURRENT_CENTRD_R,efm/current_centrd_r/data,radius of current centro,m,"(92,)",1,92,float32,efm27930 (1).nc
27931,EFM,EFM_CURRENT_CENTRD_R,efm/current_centrd_r/data,radius of current centro,m,"(67,)",1,67,float32,efm27931.nc
27932,EFM,EFM_CURRENT_CENTRD_R,efm/current_centrd_r/data,radius of current centro,m,"(94,)",1,94,float32,efm27932.nc
27933,EFM,EFM_CURRENT_CENTRD_R,efm/current_centrd_r/data,radius of current centro,m,"(71,)",1,71,float32,efm27933.nc
27934,EFM,EFM_CURRENT_CENTRD_R,efm/current_centrd_r/data,radius of current centro,m,"(98,)",1,98,float32,efm27934.nc
27935,EFM,EFM_CURRENT_CENTRD_R,efm/current_centrd_r/data,radius of current centro,m,"(95,)",1,95,float32,efm27935.nc
27936,EFM,EFM_CURRENT_CENTRD_R,efm/current_centrd_r/data,radius of current centro,m,"(96,)",1,96,float32,efm27936.nc
27937,EFM,EFM_CURRENT_CENTRD_R,efm/current_centrd_r/data,radius of current centro,m,"(82,)",1,82,float32,efm27937.nc
27938,EFM,EFM_CURRENT_CENTRD_R,efm/current_centrd_r/data,radius of current centro,m,"(94,)",1,94,float32,efm27938.nc
27929,EFM,EFM_CURRENT_CENTRD_Z,efm/current_centrd_z/data,height of current centro,m,"(80,)",1,80,float32,efm27929.nc
27930,EFM,EFM_CURRENT_CENTRD_Z,efm/current_centrd_z/data,height of current centro,m,"(92,)",1,92,float32,efm27930 (1).nc
27931,EFM,EFM_CURRENT_CENTRD_Z,efm/current_centrd_z/data,height of current centro,m,"(67,)",1,67,float32,efm27931.nc
27932,EFM,EFM_CURRENT_CENTRD_Z,efm/current_centrd_z/data,height of current centro,m,"(94,)",1,94,float32,efm27932.nc
27933,EFM,EFM_CURRENT_CENTRD_Z,efm/current_centrd_z/data,height of current centro,m,"(71,)",1,71,float32,efm27933.nc
27934,EFM,EFM_CURRENT_CENTRD_Z,efm/current_centrd_z/data,height of current centro,m,"(98,)",1,98,float32,efm27934.nc
27935,EFM,EFM_CURRENT_CENTRD_Z,efm/current_centrd_z/data,height of current centro,m,"(95,)",1,95,float32,efm27935.nc
27936,EFM,EFM_CURRENT_CENTRD_Z,efm/current_centrd_z/data,height of current centro,m,"(96,)",1,96,float32,efm27936.nc
27937,EFM,EFM_CURRENT_CENTRD_Z,efm/current_centrd_z/data,height of current centro,m,"(82,)",1,82,float32,efm27937.nc
27938,EFM,EFM_CURRENT_CENTRD_Z,efm/current_centrd_z/data,height of current centro,m,"(94,)",1,94,float32,efm27938.nc
27929,EFM,EFM_CUTIP,efm/cutip/data,Ip threshold current,A,"(1,)",1,1,float32,efm27929.nc
27930,EFM,EFM_CUTIP,efm/cutip/data,Ip threshold current,A,"(1,)",1,1,float32,efm27930 (1).nc
27931,EFM,EFM_CUTIP,efm/cutip/data,Ip threshold current,A,"(1,)",1,1,float32,efm27931.nc
27932,EFM,EFM_CUTIP,efm/cutip/data,Ip threshold current,A,"(1,)",1,1,float32,efm27932.nc
27933,EFM,EFM_CUTIP,efm/cutip/data,Ip threshold current,A,"(1,)",1,1,float32,efm27933.nc
27934,EFM,EFM_CUTIP,efm/cutip/data,Ip threshold current,A,"(1,)",1,1,float32,efm27934.nc
27935,EFM,EFM_CUTIP,efm/cutip/data,Ip threshold current,A,"(1,)",1,1,float32,efm27935.nc
27936,EFM,EFM_CUTIP,efm/cutip/data,Ip threshold current,A,"(1,)",1,1,float32,efm27936.nc
27937,EFM,EFM_CUTIP,efm/cutip/data,Ip threshold current,A,"(1,)",1,1,float32,efm27937.nc
27938,EFM,EFM_CUTIP,efm/cutip/data,Ip threshold current,A,"(1,)",1,1,float32,efm27938.nc
27929,EFM,EFM_DIAMAG_FLUX(C),efm/diamag_flux(c)/data,Computed Diamagnetic Flu,Wb,"(80,)",1,80,float32,efm27929.nc
27930,EFM,EFM_DIAMAG_FLUX(C),efm/diamag_flux(c)/data,Computed Diamagnetic Flu,Wb,"(92,)",1,92,float32,efm27930 (1).nc
27931,EFM,EFM_DIAMAG_FLUX(C),efm/diamag_flux(c)/data,Computed Diamagnetic Flu,Wb,"(67,)",1,67,float32,efm27931.nc
27932,EFM,EFM_DIAMAG_FLUX(C),efm/diamag_flux(c)/data,Computed Diamagnetic Flu,Wb,"(94,)",1,94,float32,efm27932.nc
27933,EFM,EFM_DIAMAG_FLUX(C),efm/diamag_flux(c)/data,Computed Diamagnetic Flu,Wb,"(71,)",1,71,float32,efm27933.nc
27934,EFM,EFM_DIAMAG_FLUX(C),efm/diamag_flux(c)/data,Computed Diamagnetic Flu,Wb,"(98,)",1,98,float32,efm27934.nc
27935,EFM,EFM_DIAMAG_FLUX(C),efm/diamag_flux(c)/data,Computed Diamagnetic Flu,Wb,"(95,)",1,95,float32,efm27935.nc
27936,EFM,EFM_DIAMAG_FLUX(C),efm/diamag_flux(c)/data,Computed Diamagnetic Flu,Wb,"(96,)",1,96,float32,efm27936.nc
27937,EFM,EFM_DIAMAG_FLUX(C),efm/diamag_flux(c)/data,Computed Diamagnetic Flu,Wb,"(82,)",1,82,float32,efm27937.nc
27938,EFM,EFM_DIAMAG_FLUX(C),efm/diamag_flux(c)/data,Computed Diamagnetic Flu,Wb,"(94,)",1,94,float32,efm27938.nc
27929,EFM,EFM_DIAMAG_FLUX(X),efm/diamag_flux(x)/data,Measured Diamagnetic Flu,Wb,"(80,)",1,80,float32,efm27929.nc
27930,EFM,EFM_DIAMAG_FLUX(X),efm/diamag_flux(x)/data,Measured Diamagnetic Flu,Wb,"(92,)",1,92,float32,efm27930 (1).nc
27931,EFM,EFM_DIAMAG_FLUX(X),efm/diamag_flux(x)/data,Measured Diamagnetic Flu,Wb,"(67,)",1,67,float32,efm27931.nc
27932,EFM,EFM_DIAMAG_FLUX(X),efm/diamag_flux(x)/data,Measured Diamagnetic Flu,Wb,"(94,)",1,94,float32,efm27932.nc
27933,EFM,EFM_DIAMAG_FLUX(X),efm/diamag_flux(x)/data,Measured Diamagnetic Flu,Wb,"(71,)",1,71,float32,efm27933.nc
27934,EFM,EFM_DIAMAG_FLUX(X),efm/diamag_flux(x)/data,Measured Diamagnetic Flu,Wb,"(98,)",1,98,float32,efm27934.nc
27935,EFM,EFM_DIAMAG_FLUX(X),efm/diamag_flux(x)/data,Measured Diamagnetic Flu,Wb,"(95,)",1,95,float32,efm27935.nc
27936,EFM,EFM_DIAMAG_FLUX(X),efm/diamag_flux(x)/data,Measured Diamagnetic Flu,Wb,"(96,)",1,96,float32,efm27936.nc
27937,EFM,EFM_DIAMAG_FLUX(X),efm/diamag_flux(x)/data,Measured Diamagnetic Flu,Wb,"(82,)",1,82,float32,efm27937.nc
27938,EFM,EFM_DIAMAG_FLUX(X),efm/diamag_flux(x)/data,Measured Diamagnetic Flu,Wb,"(94,)",1,94,float32,efm27938.nc
27929,EFM,EFM_ELONG(PSI)_(C),efm/elong(psi)_(c)/data,elongation of surfaces,,"(80, 65)",2,5200,float32,efm27929.nc
27930,EFM,EFM_ELONG(PSI)_(C),efm/elong(psi)_(c)/data,elongation of surfaces,,"(92, 65)",2,5980,float32,efm27930 (1).nc
27931,EFM,EFM_ELONG(PSI)_(C),efm/elong(psi)_(c)/data,elongation of surfaces,,"(67, 65)",2,4355,float32,efm27931.nc
27932,EFM,EFM_ELONG(PSI)_(C),efm/elong(psi)_(c)/data,elongation of surfaces,,"(94, 65)",2,6110,float32,efm27932.nc
27933,EFM,EFM_ELONG(PSI)_(C),efm/elong(psi)_(c)/data,elongation of surfaces,,"(71, 65)",2,4615,float32,efm27933.nc
27934,EFM,EFM_ELONG(PSI)_(C),efm/elong(psi)_(c)/data,elongation of surfaces,,"(98, 65)",2,6370,float32,efm27934.nc
27935,EFM,EFM_ELONG(PSI)_(C),efm/elong(psi)_(c)/data,elongation of surfaces,,"(95, 65)",2,6175,float32,efm27935.nc
27936,EFM,EFM_ELONG(PSI)_(C),efm/elong(psi)_(c)/data,elongation of surfaces,,"(96, 65)",2,6240,float32,efm27936.nc
27937,EFM,EFM_ELONG(PSI)_(C),efm/elong(psi)_(c)/data,elongation of surfaces,,"(82, 65)",2,5330,float32,efm27937.nc
27938,EFM,EFM_ELONG(PSI)_(C),efm/elong(psi)_(c)/data,elongation of surfaces,,"(94, 65)",2,6110,float32,efm27938.nc
27929,EFM,EFM_ELONGATION,efm/elongation/data,Elongation,nounits,"(80,)",1,80,float32,efm27929.nc
27930,EFM,EFM_ELONGATION,efm/elongation/data,Elongation,nounits,"(92,)",1,92,float32,efm27930 (1).nc
27931,EFM,EFM_ELONGATION,efm/elongation/data,Elongation,nounits,"(67,)",1,67,float32,efm27931.nc
27932,EFM,EFM_ELONGATION,efm/elongation/data,Elongation,nounits,"(94,)",1,94,float32,efm27932.nc
27933,EFM,EFM_ELONGATION,efm/elongation/data,Elongation,nounits,"(71,)",1,71,float32,efm27933.nc
27934,EFM,EFM_ELONGATION,efm/elongation/data,Elongation,nounits,"(98,)",1,98,float32,efm27934.nc
27935,EFM,EFM_ELONGATION,efm/elongation/data,Elongation,nounits,"(95,)",1,95,float32,efm27935.nc
27936,EFM,EFM_ELONGATION,efm/elongation/data,Elongation,nounits,"(96,)",1,96,float32,efm27936.nc
27937,EFM,EFM_ELONGATION,efm/elongation/data,Elongation,nounits,"(82,)",1,82,float32,efm27937.nc
27938,EFM,EFM_ELONGATION,efm/elongation/data,Elongation,nounits,"(94,)",1,94,float32,efm27938.nc
27929,EFM,EFM_ELONGATION_AXIS,efm/elongation_axis/data,Elongation on Magnetic A,nounits,"(80,)",1,80,float32,efm27929.nc
27930,EFM,EFM_ELONGATION_AXIS,efm/elongation_axis/data,Elongation on Magnetic A,nounits,"(92,)",1,92,float32,efm27930 (1).nc
27931,EFM,EFM_ELONGATION_AXIS,efm/elongation_axis/data,Elongation on Magnetic A,nounits,"(67,)",1,67,float32,efm27931.nc
27932,EFM,EFM_ELONGATION_AXIS,efm/elongation_axis/data,Elongation on Magnetic A,nounits,"(94,)",1,94,float32,efm27932.nc
27933,EFM,EFM_ELONGATION_AXIS,efm/elongation_axis/data,Elongation on Magnetic A,nounits,"(71,)",1,71,float32,efm27933.nc
27934,EFM,EFM_ELONGATION_AXIS,efm/elongation_axis/data,Elongation on Magnetic A,nounits,"(98,)",1,98,float32,efm27934.nc
27935,EFM,EFM_ELONGATION_AXIS,efm/elongation_axis/data,Elongation on Magnetic A,nounits,"(95,)",1,95,float32,efm27935.nc
27936,EFM,EFM_ELONGATION_AXIS,efm/elongation_axis/data,Elongation on Magnetic A,nounits,"(96,)",1,96,float32,efm27936.nc
27937,EFM,EFM_ELONGATION_AXIS,efm/elongation_axis/data,Elongation on Magnetic A,nounits,"(82,)",1,82,float32,efm27937.nc
27938,EFM,EFM_ELONGATION_AXIS,efm/elongation_axis/data,Elongation on Magnetic A,nounits,"(94,)",1,94,float32,efm27938.nc
27929,EFM,EFM_F(PSI)_(C),efm/f(psi)_(c)/data,computed f=R*B (centre t,T-m,"(80, 65)",2,5200,float32,efm27929.nc
27930,EFM,EFM_F(PSI)_(C),efm/f(psi)_(c)/data,computed f=R*B (centre t,T-m,"(92, 65)",2,5980,float32,efm27930 (1).nc
27931,EFM,EFM_F(PSI)_(C),efm/f(psi)_(c)/data,computed f=R*B (centre t,T-m,"(67, 65)",2,4355,float32,efm27931.nc
27932,EFM,EFM_F(PSI)_(C),efm/f(psi)_(c)/data,computed f=R*B (centre t,T-m,"(94, 65)",2,6110,float32,efm27932.nc
27933,EFM,EFM_F(PSI)_(C),efm/f(psi)_(c)/data,computed f=R*B (centre t,T-m,"(71, 65)",2,4615,float32,efm27933.nc
27934,EFM,EFM_F(PSI)_(C),efm/f(psi)_(c)/data,computed f=R*B (centre t,T-m,"(98, 65)",2,6370,float32,efm27934.nc
27935,EFM,EFM_F(PSI)_(C),efm/f(psi)_(c)/data,computed f=R*B (centre t,T-m,"(95, 65)",2,6175,float32,efm27935.nc
27936,EFM,EFM_F(PSI)_(C),efm/f(psi)_(c)/data,computed f=R*B (centre t,T-m,"(96, 65)",2,6240,float32,efm27936.nc
27937,EFM,EFM_F(PSI)_(C),efm/f(psi)_(c)/data,computed f=R*B (centre t,T-m,"(82, 65)",2,5330,float32,efm27937.nc
27938,EFM,EFM_F(PSI)_(C),efm/f(psi)_(c)/data,computed f=R*B (centre t,T-m,"(94, 65)",2,6110,float32,efm27938.nc
27929,EFM,EFM_FCOIL_(C),efm/fcoil_(c)/data,Computed f-coil current,A,"(93, 101)",2,9393,float32,efm27929.nc
27930,EFM,EFM_FCOIL_(C),efm/fcoil_(c)/data,Computed f-coil current,A,"(105, 101)",2,10605,float32,efm27930 (1).nc
27931,EFM,EFM_FCOIL_(C),efm/fcoil_(c)/data,Computed f-coil current,A,"(80, 101)",2,8080,float32,efm27931.nc
27932,EFM,EFM_FCOIL_(C),efm/fcoil_(c)/data,Computed f-coil current,A,"(107, 101)",2,10807,float32,efm27932.nc
27933,EFM,EFM_FCOIL_(C),efm/fcoil_(c)/data,Computed f-coil current,A,"(84, 101)",2,8484,float32,efm27933.nc
27934,EFM,EFM_FCOIL_(C),efm/fcoil_(c)/data,Computed f-coil current,A,"(114, 101)",2,11514,float32,efm27934.nc
27935,EFM,EFM_FCOIL_(C),efm/fcoil_(c)/data,Computed f-coil current,A,"(110, 101)",2,11110,float32,efm27935.nc
27936,EFM,EFM_FCOIL_(C),efm/fcoil_(c)/data,Computed f-coil current,A,"(111, 101)",2,11211,float32,efm27936.nc
27937,EFM,EFM_FCOIL_(C),efm/fcoil_(c)/data,Computed f-coil current,A,"(95, 101)",2,9595,float32,efm27937.nc
27938,EFM,EFM_FCOIL_(C),efm/fcoil_(c)/data,Computed f-coil current,A,"(108, 101)",2,10908,float32,efm27938.nc
27929,EFM,EFM_FCOIL_(X),efm/fcoil_(x)/data,Measured f-coil current,A,"(93, 101)",2,9393,float32,efm27929.nc
27930,EFM,EFM_FCOIL_(X),efm/fcoil_(x)/data,Measured f-coil current,A,"(105, 101)",2,10605,float32,efm27930 (1).nc
27931,EFM,EFM_FCOIL_(X),efm/fcoil_(x)/data,Measured f-coil current,A,"(80, 101)",2,8080,float32,efm27931.nc
27932,EFM,EFM_FCOIL_(X),efm/fcoil_(x)/data,Measured f-coil current,A,"(107, 101)",2,10807,float32,efm27932.nc
27933,EFM,EFM_FCOIL_(X),efm/fcoil_(x)/data,Measured f-coil current,A,"(84, 101)",2,8484,float32,efm27933.nc
27934,EFM,EFM_FCOIL_(X),efm/fcoil_(x)/data,Measured f-coil current,A,"(114, 101)",2,11514,float32,efm27934.nc
27935,EFM,EFM_FCOIL_(X),efm/fcoil_(x)/data,Measured f-coil current,A,"(110, 101)",2,11110,float32,efm27935.nc
27936,EFM,EFM_FCOIL_(X),efm/fcoil_(x)/data,Measured f-coil current,A,"(111, 101)",2,11211,float32,efm27936.nc
27937,EFM,EFM_FCOIL_(X),efm/fcoil_(x)/data,Measured f-coil current,A,"(95, 101)",2,9595,float32,efm27937.nc
27938,EFM,EFM_FCOIL_(X),efm/fcoil_(x)/data,Measured f-coil current,A,"(108, 101)",2,10908,float32,efm27938.nc
27929,EFM,EFM_FCOIL_ANG1,efm/fcoil_ang1/data,f-Coil Angle 1,deg,"(1, 938)",2,938,float32,efm27929.nc
27930,EFM,EFM_FCOIL_ANG1,efm/fcoil_ang1/data,f-Coil Angle 1,deg,"(1, 938)",2,938,float32,efm27930 (1).nc
27931,EFM,EFM_FCOIL_ANG1,efm/fcoil_ang1/data,f-Coil Angle 1,deg,"(1, 938)",2,938,float32,efm27931.nc
27932,EFM,EFM_FCOIL_ANG1,efm/fcoil_ang1/data,f-Coil Angle 1,deg,"(1, 938)",2,938,float32,efm27932.nc
27933,EFM,EFM_FCOIL_ANG1,efm/fcoil_ang1/data,f-Coil Angle 1,deg,"(1, 938)",2,938,float32,efm27933.nc
27934,EFM,EFM_FCOIL_ANG1,efm/fcoil_ang1/data,f-Coil Angle 1,deg,"(1, 938)",2,938,float32,efm27934.nc
27935,EFM,EFM_FCOIL_ANG1,efm/fcoil_ang1/data,f-Coil Angle 1,deg,"(1, 938)",2,938,float32,efm27935.nc
27936,EFM,EFM_FCOIL_ANG1,efm/fcoil_ang1/data,f-Coil Angle 1,deg,"(1, 938)",2,938,float32,efm27936.nc
27937,EFM,EFM_FCOIL_ANG1,efm/fcoil_ang1/data,f-Coil Angle 1,deg,"(1, 938)",2,938,float32,efm27937.nc
27938,EFM,EFM_FCOIL_ANG1,efm/fcoil_ang1/data,f-Coil Angle 1,deg,"(1, 938)",2,938,float32,efm27938.nc
27929,EFM,EFM_FCOIL_ANG2,efm/fcoil_ang2/data,f-Coil Angle 2,deg,"(1, 938)",2,938,float32,efm27929.nc
27930,EFM,EFM_FCOIL_ANG2,efm/fcoil_ang2/data,f-Coil Angle 2,deg,"(1, 938)",2,938,float32,efm27930 (1).nc
27931,EFM,EFM_FCOIL_ANG2,efm/fcoil_ang2/data,f-Coil Angle 2,deg,"(1, 938)",2,938,float32,efm27931.nc
27932,EFM,EFM_FCOIL_ANG2,efm/fcoil_ang2/data,f-Coil Angle 2,deg,"(1, 938)",2,938,float32,efm27932.nc
27933,EFM,EFM_FCOIL_ANG2,efm/fcoil_ang2/data,f-Coil Angle 2,deg,"(1, 938)",2,938,float32,efm27933.nc
27934,EFM,EFM_FCOIL_ANG2,efm/fcoil_ang2/data,f-Coil Angle 2,deg,"(1, 938)",2,938,float32,efm27934.nc
27935,EFM,EFM_FCOIL_ANG2,efm/fcoil_ang2/data,f-Coil Angle 2,deg,"(1, 938)",2,938,float32,efm27935.nc
27936,EFM,EFM_FCOIL_ANG2,efm/fcoil_ang2/data,f-Coil Angle 2,deg,"(1, 938)",2,938,float32,efm27936.nc
27937,EFM,EFM_FCOIL_ANG2,efm/fcoil_ang2/data,f-Coil Angle 2,deg,"(1, 938)",2,938,float32,efm27937.nc
27938,EFM,EFM_FCOIL_ANG2,efm/fcoil_ang2/data,f-Coil Angle 2,deg,"(1, 938)",2,938,float32,efm27938.nc
27929,EFM,EFM_FCOIL_CHISQ,efm/fcoil_chisq/data,Chi**2 of each f-coil,nounits,"(93, 101)",2,9393,float32,efm27929.nc
27930,EFM,EFM_FCOIL_CHISQ,efm/fcoil_chisq/data,Chi**2 of each f-coil,nounits,"(105, 101)",2,10605,float32,efm27930 (1).nc
27931,EFM,EFM_FCOIL_CHISQ,efm/fcoil_chisq/data,Chi**2 of each f-coil,nounits,"(80, 101)",2,8080,float32,efm27931.nc
27932,EFM,EFM_FCOIL_CHISQ,efm/fcoil_chisq/data,Chi**2 of each f-coil,nounits,"(107, 101)",2,10807,float32,efm27932.nc
27933,EFM,EFM_FCOIL_CHISQ,efm/fcoil_chisq/data,Chi**2 of each f-coil,nounits,"(84, 101)",2,8484,float32,efm27933.nc
27934,EFM,EFM_FCOIL_CHISQ,efm/fcoil_chisq/data,Chi**2 of each f-coil,nounits,"(114, 101)",2,11514,float32,efm27934.nc
27935,EFM,EFM_FCOIL_CHISQ,efm/fcoil_chisq/data,Chi**2 of each f-coil,nounits,"(110, 101)",2,11110,float32,efm27935.nc
27936,EFM,EFM_FCOIL_CHISQ,efm/fcoil_chisq/data,Chi**2 of each f-coil,nounits,"(111, 101)",2,11211,float32,efm27936.nc
27937,EFM,EFM_FCOIL_CHISQ,efm/fcoil_chisq/data,Chi**2 of each f-coil,nounits,"(95, 101)",2,9595,float32,efm27937.nc
27938,EFM,EFM_FCOIL_CHISQ,efm/fcoil_chisq/data,Chi**2 of each f-coil,nounits,"(108, 101)",2,10908,float32,efm27938.nc
27929,EFM,EFM_FCOIL_CIRC,efm/fcoil_circ/data,f-Coil circuit,-,"(1, 938)",2,938,int32,efm27929.nc
27930,EFM,EFM_FCOIL_CIRC,efm/fcoil_circ/data,f-Coil circuit,-,"(1, 938)",2,938,int32,efm27930 (1).nc
27931,EFM,EFM_FCOIL_CIRC,efm/fcoil_circ/data,f-Coil circuit,-,"(1, 938)",2,938,int32,efm27931.nc
27932,EFM,EFM_FCOIL_CIRC,efm/fcoil_circ/data,f-Coil circuit,-,"(1, 938)",2,938,int32,efm27932.nc
27933,EFM,EFM_FCOIL_CIRC,efm/fcoil_circ/data,f-Coil circuit,-,"(1, 938)",2,938,int32,efm27933.nc
27934,EFM,EFM_FCOIL_CIRC,efm/fcoil_circ/data,f-Coil circuit,-,"(1, 938)",2,938,int32,efm27934.nc
27935,EFM,EFM_FCOIL_CIRC,efm/fcoil_circ/data,f-Coil circuit,-,"(1, 938)",2,938,int32,efm27935.nc
27936,EFM,EFM_FCOIL_CIRC,efm/fcoil_circ/data,f-Coil circuit,-,"(1, 938)",2,938,int32,efm27936.nc
27937,EFM,EFM_FCOIL_CIRC,efm/fcoil_circ/data,f-Coil circuit,-,"(1, 938)",2,938,int32,efm27937.nc
27938,EFM,EFM_FCOIL_CIRC,efm/fcoil_circ/data,f-Coil circuit,-,"(1, 938)",2,938,int32,efm27938.nc
27929,EFM,EFM_FCOIL_HEIGHT,efm/fcoil_height/data,f-Coil Height,m,"(1, 938)",2,938,float32,efm27929.nc
27930,EFM,EFM_FCOIL_HEIGHT,efm/fcoil_height/data,f-Coil Height,m,"(1, 938)",2,938,float32,efm27930 (1).nc
27931,EFM,EFM_FCOIL_HEIGHT,efm/fcoil_height/data,f-Coil Height,m,"(1, 938)",2,938,float32,efm27931.nc
27932,EFM,EFM_FCOIL_HEIGHT,efm/fcoil_height/data,f-Coil Height,m,"(1, 938)",2,938,float32,efm27932.nc
27933,EFM,EFM_FCOIL_HEIGHT,efm/fcoil_height/data,f-Coil Height,m,"(1, 938)",2,938,float32,efm27933.nc
27934,EFM,EFM_FCOIL_HEIGHT,efm/fcoil_height/data,f-Coil Height,m,"(1, 938)",2,938,float32,efm27934.nc
27935,EFM,EFM_FCOIL_HEIGHT,efm/fcoil_height/data,f-Coil Height,m,"(1, 938)",2,938,float32,efm27935.nc
27936,EFM,EFM_FCOIL_HEIGHT,efm/fcoil_height/data,f-Coil Height,m,"(1, 938)",2,938,float32,efm27936.nc
27937,EFM,EFM_FCOIL_HEIGHT,efm/fcoil_height/data,f-Coil Height,m,"(1, 938)",2,938,float32,efm27937.nc
27938,EFM,EFM_FCOIL_HEIGHT,efm/fcoil_height/data,f-Coil Height,m,"(1, 938)",2,938,float32,efm27938.nc
27929,EFM,EFM_FCOIL_N,efm/fcoil_n/data,Number of f-circuits,-,"(1,)",1,1,int32,efm27929.nc
27930,EFM,EFM_FCOIL_N,efm/fcoil_n/data,Number of f-circuits,-,"(1,)",1,1,int32,efm27930 (1).nc
27931,EFM,EFM_FCOIL_N,efm/fcoil_n/data,Number of f-circuits,-,"(1,)",1,1,int32,efm27931.nc
27932,EFM,EFM_FCOIL_N,efm/fcoil_n/data,Number of f-circuits,-,"(1,)",1,1,int32,efm27932.nc
27933,EFM,EFM_FCOIL_N,efm/fcoil_n/data,Number of f-circuits,-,"(1,)",1,1,int32,efm27933.nc
27934,EFM,EFM_FCOIL_N,efm/fcoil_n/data,Number of f-circuits,-,"(1,)",1,1,int32,efm27934.nc
27935,EFM,EFM_FCOIL_N,efm/fcoil_n/data,Number of f-circuits,-,"(1,)",1,1,int32,efm27935.nc
27936,EFM,EFM_FCOIL_N,efm/fcoil_n/data,Number of f-circuits,-,"(1,)",1,1,int32,efm27936.nc
27937,EFM,EFM_FCOIL_N,efm/fcoil_n/data,Number of f-circuits,-,"(1,)",1,1,int32,efm27937.nc
27938,EFM,EFM_FCOIL_N,efm/fcoil_n/data,Number of f-circuits,-,"(1,)",1,1,int32,efm27938.nc
27929,EFM,EFM_FCOIL_R,efm/fcoil_r/data,f-Coil Location Radius,m,"(1, 938)",2,938,float32,efm27929.nc
27930,EFM,EFM_FCOIL_R,efm/fcoil_r/data,f-Coil Location Radius,m,"(1, 938)",2,938,float32,efm27930 (1).nc
27931,EFM,EFM_FCOIL_R,efm/fcoil_r/data,f-Coil Location Radius,m,"(1, 938)",2,938,float32,efm27931.nc
27932,EFM,EFM_FCOIL_R,efm/fcoil_r/data,f-Coil Location Radius,m,"(1, 938)",2,938,float32,efm27932.nc
27933,EFM,EFM_FCOIL_R,efm/fcoil_r/data,f-Coil Location Radius,m,"(1, 938)",2,938,float32,efm27933.nc
27934,EFM,EFM_FCOIL_R,efm/fcoil_r/data,f-Coil Location Radius,m,"(1, 938)",2,938,float32,efm27934.nc
27935,EFM,EFM_FCOIL_R,efm/fcoil_r/data,f-Coil Location Radius,m,"(1, 938)",2,938,float32,efm27935.nc
27936,EFM,EFM_FCOIL_R,efm/fcoil_r/data,f-Coil Location Radius,m,"(1, 938)",2,938,float32,efm27936.nc
27937,EFM,EFM_FCOIL_R,efm/fcoil_r/data,f-Coil Location Radius,m,"(1, 938)",2,938,float32,efm27937.nc
27938,EFM,EFM_FCOIL_R,efm/fcoil_r/data,f-Coil Location Radius,m,"(1, 938)",2,938,float32,efm27938.nc
27929,EFM,EFM_FCOIL_SEGS_N,efm/fcoil_segs_n/data,Number of f-coil element,-,"(1,)",1,1,int32,efm27929.nc
27930,EFM,EFM_FCOIL_SEGS_N,efm/fcoil_segs_n/data,Number of f-coil element,-,"(1,)",1,1,int32,efm27930 (1).nc
27931,EFM,EFM_FCOIL_SEGS_N,efm/fcoil_segs_n/data,Number of f-coil element,-,"(1,)",1,1,int32,efm27931.nc
27932,EFM,EFM_FCOIL_SEGS_N,efm/fcoil_segs_n/data,Number of f-coil element,-,"(1,)",1,1,int32,efm27932.nc
27933,EFM,EFM_FCOIL_SEGS_N,efm/fcoil_segs_n/data,Number of f-coil element,-,"(1,)",1,1,int32,efm27933.nc
27934,EFM,EFM_FCOIL_SEGS_N,efm/fcoil_segs_n/data,Number of f-coil element,-,"(1,)",1,1,int32,efm27934.nc
27935,EFM,EFM_FCOIL_SEGS_N,efm/fcoil_segs_n/data,Number of f-coil element,-,"(1,)",1,1,int32,efm27935.nc
27936,EFM,EFM_FCOIL_SEGS_N,efm/fcoil_segs_n/data,Number of f-coil element,-,"(1,)",1,1,int32,efm27936.nc
27937,EFM,EFM_FCOIL_SEGS_N,efm/fcoil_segs_n/data,Number of f-coil element,-,"(1,)",1,1,int32,efm27937.nc
27938,EFM,EFM_FCOIL_SEGS_N,efm/fcoil_segs_n/data,Number of f-coil element,-,"(1,)",1,1,int32,efm27938.nc
27929,EFM,EFM_FCOIL_TURNS,efm/fcoil_turns/data,f-Coil turns,deg,"(1, 938)",2,938,float32,efm27929.nc
27930,EFM,EFM_FCOIL_TURNS,efm/fcoil_turns/data,f-Coil turns,deg,"(1, 938)",2,938,float32,efm27930 (1).nc
27931,EFM,EFM_FCOIL_TURNS,efm/fcoil_turns/data,f-Coil turns,deg,"(1, 938)",2,938,float32,efm27931.nc
27932,EFM,EFM_FCOIL_TURNS,efm/fcoil_turns/data,f-Coil turns,deg,"(1, 938)",2,938,float32,efm27932.nc
27933,EFM,EFM_FCOIL_TURNS,efm/fcoil_turns/data,f-Coil turns,deg,"(1, 938)",2,938,float32,efm27933.nc
27934,EFM,EFM_FCOIL_TURNS,efm/fcoil_turns/data,f-Coil turns,deg,"(1, 938)",2,938,float32,efm27934.nc
27935,EFM,EFM_FCOIL_TURNS,efm/fcoil_turns/data,f-Coil turns,deg,"(1, 938)",2,938,float32,efm27935.nc
27936,EFM,EFM_FCOIL_TURNS,efm/fcoil_turns/data,f-Coil turns,deg,"(1, 938)",2,938,float32,efm27936.nc
27937,EFM,EFM_FCOIL_TURNS,efm/fcoil_turns/data,f-Coil turns,deg,"(1, 938)",2,938,float32,efm27937.nc
27938,EFM,EFM_FCOIL_TURNS,efm/fcoil_turns/data,f-Coil turns,deg,"(1, 938)",2,938,float32,efm27938.nc
27929,EFM,EFM_FCOIL_WIDTH,efm/fcoil_width/data,f-Coil Width,m,"(1, 938)",2,938,float32,efm27929.nc
27930,EFM,EFM_FCOIL_WIDTH,efm/fcoil_width/data,f-Coil Width,m,"(1, 938)",2,938,float32,efm27930 (1).nc
27931,EFM,EFM_FCOIL_WIDTH,efm/fcoil_width/data,f-Coil Width,m,"(1, 938)",2,938,float32,efm27931.nc
27932,EFM,EFM_FCOIL_WIDTH,efm/fcoil_width/data,f-Coil Width,m,"(1, 938)",2,938,float32,efm27932.nc
27933,EFM,EFM_FCOIL_WIDTH,efm/fcoil_width/data,f-Coil Width,m,"(1, 938)",2,938,float32,efm27933.nc
27934,EFM,EFM_FCOIL_WIDTH,efm/fcoil_width/data,f-Coil Width,m,"(1, 938)",2,938,float32,efm27934.nc
27935,EFM,EFM_FCOIL_WIDTH,efm/fcoil_width/data,f-Coil Width,m,"(1, 938)",2,938,float32,efm27935.nc
27936,EFM,EFM_FCOIL_WIDTH,efm/fcoil_width/data,f-Coil Width,m,"(1, 938)",2,938,float32,efm27936.nc
27937,EFM,EFM_FCOIL_WIDTH,efm/fcoil_width/data,f-Coil Width,m,"(1, 938)",2,938,float32,efm27937.nc
27938,EFM,EFM_FCOIL_WIDTH,efm/fcoil_width/data,f-Coil Width,m,"(1, 938)",2,938,float32,efm27938.nc
27929,EFM,EFM_FCOIL_XMULT,efm/fcoil_xmult/data,f-Coil turns multiplier,deg,"(1, 938)",2,938,float32,efm27929.nc
27930,EFM,EFM_FCOIL_XMULT,efm/fcoil_xmult/data,f-Coil turns multiplier,deg,"(1, 938)",2,938,float32,efm27930 (1).nc
27931,EFM,EFM_FCOIL_XMULT,efm/fcoil_xmult/data,f-Coil turns multiplier,deg,"(1, 938)",2,938,float32,efm27931.nc
27932,EFM,EFM_FCOIL_XMULT,efm/fcoil_xmult/data,f-Coil turns multiplier,deg,"(1, 938)",2,938,float32,efm27932.nc
27933,EFM,EFM_FCOIL_XMULT,efm/fcoil_xmult/data,f-Coil turns multiplier,deg,"(1, 938)",2,938,float32,efm27933.nc
27934,EFM,EFM_FCOIL_XMULT,efm/fcoil_xmult/data,f-Coil turns multiplier,deg,"(1, 938)",2,938,float32,efm27934.nc
27935,EFM,EFM_FCOIL_XMULT,efm/fcoil_xmult/data,f-Coil turns multiplier,deg,"(1, 938)",2,938,float32,efm27935.nc
27936,EFM,EFM_FCOIL_XMULT,efm/fcoil_xmult/data,f-Coil turns multiplier,deg,"(1, 938)",2,938,float32,efm27936.nc
27937,EFM,EFM_FCOIL_XMULT,efm/fcoil_xmult/data,f-Coil turns multiplier,deg,"(1, 938)",2,938,float32,efm27937.nc
27938,EFM,EFM_FCOIL_XMULT,efm/fcoil_xmult/data,f-Coil turns multiplier,deg,"(1, 938)",2,938,float32,efm27938.nc
27929,EFM,EFM_FCOIL_Z,efm/fcoil_z/data,f-Coil Location Height,m,"(1, 938)",2,938,float32,efm27929.nc
27930,EFM,EFM_FCOIL_Z,efm/fcoil_z/data,f-Coil Location Height,m,"(1, 938)",2,938,float32,efm27930 (1).nc
27931,EFM,EFM_FCOIL_Z,efm/fcoil_z/data,f-Coil Location Height,m,"(1, 938)",2,938,float32,efm27931.nc
27932,EFM,EFM_FCOIL_Z,efm/fcoil_z/data,f-Coil Location Height,m,"(1, 938)",2,938,float32,efm27932.nc
27933,EFM,EFM_FCOIL_Z,efm/fcoil_z/data,f-Coil Location Height,m,"(1, 938)",2,938,float32,efm27933.nc
27934,EFM,EFM_FCOIL_Z,efm/fcoil_z/data,f-Coil Location Height,m,"(1, 938)",2,938,float32,efm27934.nc
27935,EFM,EFM_FCOIL_Z,efm/fcoil_z/data,f-Coil Location Height,m,"(1, 938)",2,938,float32,efm27935.nc
27936,EFM,EFM_FCOIL_Z,efm/fcoil_z/data,f-Coil Location Height,m,"(1, 938)",2,938,float32,efm27936.nc
27937,EFM,EFM_FCOIL_Z,efm/fcoil_z/data,f-Coil Location Height,m,"(1, 938)",2,938,float32,efm27937.nc
27938,EFM,EFM_FCOIL_Z,efm/fcoil_z/data,f-Coil Location Height,m,"(1, 938)",2,938,float32,efm27938.nc
27929,EFM,EFM_FCURBD,efm/fcurbd/data,FFprime Boundary Conditi,-,"(1,)",1,1,float32,efm27929.nc
27930,EFM,EFM_FCURBD,efm/fcurbd/data,FFprime Boundary Conditi,-,"(1,)",1,1,float32,efm27930 (1).nc
27931,EFM,EFM_FCURBD,efm/fcurbd/data,FFprime Boundary Conditi,-,"(1,)",1,1,float32,efm27931.nc
27932,EFM,EFM_FCURBD,efm/fcurbd/data,FFprime Boundary Conditi,-,"(1,)",1,1,float32,efm27932.nc
27933,EFM,EFM_FCURBD,efm/fcurbd/data,FFprime Boundary Conditi,-,"(1,)",1,1,float32,efm27933.nc
27934,EFM,EFM_FCURBD,efm/fcurbd/data,FFprime Boundary Conditi,-,"(1,)",1,1,float32,efm27934.nc
27935,EFM,EFM_FCURBD,efm/fcurbd/data,FFprime Boundary Conditi,-,"(1,)",1,1,float32,efm27935.nc
27936,EFM,EFM_FCURBD,efm/fcurbd/data,FFprime Boundary Conditi,-,"(1,)",1,1,float32,efm27936.nc
27937,EFM,EFM_FCURBD,efm/fcurbd/data,FFprime Boundary Conditi,-,"(1,)",1,1,float32,efm27937.nc
27938,EFM,EFM_FCURBD,efm/fcurbd/data,FFprime Boundary Conditi,-,"(1,)",1,1,float32,efm27938.nc
27929,EFM,EFM_FFPRIME,efm/ffprime/data,ffprime (centre to edge),T-rad,"(80, 65)",2,5200,float32,efm27929.nc
27930,EFM,EFM_FFPRIME,efm/ffprime/data,ffprime (centre to edge),T-rad,"(92, 65)",2,5980,float32,efm27930 (1).nc
27931,EFM,EFM_FFPRIME,efm/ffprime/data,ffprime (centre to edge),T-rad,"(67, 65)",2,4355,float32,efm27931.nc
27932,EFM,EFM_FFPRIME,efm/ffprime/data,ffprime (centre to edge),T-rad,"(94, 65)",2,6110,float32,efm27932.nc
27933,EFM,EFM_FFPRIME,efm/ffprime/data,ffprime (centre to edge),T-rad,"(71, 65)",2,4615,float32,efm27933.nc
27934,EFM,EFM_FFPRIME,efm/ffprime/data,ffprime (centre to edge),T-rad,"(98, 65)",2,6370,float32,efm27934.nc
27935,EFM,EFM_FFPRIME,efm/ffprime/data,ffprime (centre to edge),T-rad,"(95, 65)",2,6175,float32,efm27935.nc
27936,EFM,EFM_FFPRIME,efm/ffprime/data,ffprime (centre to edge),T-rad,"(96, 65)",2,6240,float32,efm27936.nc
27937,EFM,EFM_FFPRIME,efm/ffprime/data,ffprime (centre to edge),T-rad,"(82, 65)",2,5330,float32,efm27937.nc
27938,EFM,EFM_FFPRIME,efm/ffprime/data,ffprime (centre to edge),T-rad,"(94, 65)",2,6110,float32,efm27938.nc
27929,EFM,EFM_FFPRIME_COEFS,efm/ffprime_coefs/data,FFPrime Coefs,-,"(80, 2)",2,160,float32,efm27929.nc
27930,EFM,EFM_FFPRIME_COEFS,efm/ffprime_coefs/data,FFPrime Coefs,-,"(92, 2)",2,184,float32,efm27930 (1).nc
27931,EFM,EFM_FFPRIME_COEFS,efm/ffprime_coefs/data,FFPrime Coefs,-,"(67, 2)",2,134,float32,efm27931.nc
27932,EFM,EFM_FFPRIME_COEFS,efm/ffprime_coefs/data,FFPrime Coefs,-,"(94, 2)",2,188,float32,efm27932.nc
27933,EFM,EFM_FFPRIME_COEFS,efm/ffprime_coefs/data,FFPrime Coefs,-,"(71, 2)",2,142,float32,efm27933.nc
27934,EFM,EFM_FFPRIME_COEFS,efm/ffprime_coefs/data,FFPrime Coefs,-,"(98, 2)",2,196,float32,efm27934.nc
27935,EFM,EFM_FFPRIME_COEFS,efm/ffprime_coefs/data,FFPrime Coefs,-,"(95, 2)",2,190,float32,efm27935.nc
27936,EFM,EFM_FFPRIME_COEFS,efm/ffprime_coefs/data,FFPrime Coefs,-,"(96, 2)",2,192,float32,efm27936.nc
27937,EFM,EFM_FFPRIME_COEFS,efm/ffprime_coefs/data,FFPrime Coefs,-,"(82, 2)",2,164,float32,efm27937.nc
27938,EFM,EFM_FFPRIME_COEFS,efm/ffprime_coefs/data,FFPrime Coefs,-,"(94, 2)",2,188,float32,efm27938.nc
27929,EFM,EFM_FINAL_CHISQ,efm/final_chisq/data,Chi**2 (magnetic),nounits,"(93,)",1,93,float32,efm27929.nc
27930,EFM,EFM_FINAL_CHISQ,efm/final_chisq/data,Chi**2 (magnetic),nounits,"(105,)",1,105,float32,efm27930 (1).nc
27931,EFM,EFM_FINAL_CHISQ,efm/final_chisq/data,Chi**2 (magnetic),nounits,"(80,)",1,80,float32,efm27931.nc
27932,EFM,EFM_FINAL_CHISQ,efm/final_chisq/data,Chi**2 (magnetic),nounits,"(107,)",1,107,float32,efm27932.nc
27933,EFM,EFM_FINAL_CHISQ,efm/final_chisq/data,Chi**2 (magnetic),nounits,"(84,)",1,84,float32,efm27933.nc
27934,EFM,EFM_FINAL_CHISQ,efm/final_chisq/data,Chi**2 (magnetic),nounits,"(114,)",1,114,float32,efm27934.nc
27935,EFM,EFM_FINAL_CHISQ,efm/final_chisq/data,Chi**2 (magnetic),nounits,"(110,)",1,110,float32,efm27935.nc
27936,EFM,EFM_FINAL_CHISQ,efm/final_chisq/data,Chi**2 (magnetic),nounits,"(111,)",1,111,float32,efm27936.nc
27937,EFM,EFM_FINAL_CHISQ,efm/final_chisq/data,Chi**2 (magnetic),nounits,"(95,)",1,95,float32,efm27937.nc
27938,EFM,EFM_FINAL_CHISQ,efm/final_chisq/data,Chi**2 (magnetic),nounits,"(108,)",1,108,float32,efm27938.nc
27929,EFM,EFM_FINAL_ITERATION_ERR,efm/final_iteration_err/data,Final iteration err,nounits,"(80,)",1,80,float32,efm27929.nc
27930,EFM,EFM_FINAL_ITERATION_ERR,efm/final_iteration_err/data,Final iteration err,nounits,"(92,)",1,92,float32,efm27930 (1).nc
27931,EFM,EFM_FINAL_ITERATION_ERR,efm/final_iteration_err/data,Final iteration err,nounits,"(67,)",1,67,float32,efm27931.nc
27932,EFM,EFM_FINAL_ITERATION_ERR,efm/final_iteration_err/data,Final iteration err,nounits,"(94,)",1,94,float32,efm27932.nc
27933,EFM,EFM_FINAL_ITERATION_ERR,efm/final_iteration_err/data,Final iteration err,nounits,"(71,)",1,71,float32,efm27933.nc
27934,EFM,EFM_FINAL_ITERATION_ERR,efm/final_iteration_err/data,Final iteration err,nounits,"(98,)",1,98,float32,efm27934.nc
27935,EFM,EFM_FINAL_ITERATION_ERR,efm/final_iteration_err/data,Final iteration err,nounits,"(95,)",1,95,float32,efm27935.nc
27936,EFM,EFM_FINAL_ITERATION_ERR,efm/final_iteration_err/data,Final iteration err,nounits,"(96,)",1,96,float32,efm27936.nc
27937,EFM,EFM_FINAL_ITERATION_ERR,efm/final_iteration_err/data,Final iteration err,nounits,"(82,)",1,82,float32,efm27937.nc
27938,EFM,EFM_FINAL_ITERATION_ERR,efm/final_iteration_err/data,Final iteration err,nounits,"(94,)",1,94,float32,efm27938.nc
27929,EFM,EFM_FWTBDRY,efm/fwtbdry/data,fwtpre,-,"(80,)",1,80,float32,efm27929.nc
27930,EFM,EFM_FWTBDRY,efm/fwtbdry/data,fwtpre,-,"(92,)",1,92,float32,efm27930 (1).nc
27931,EFM,EFM_FWTBDRY,efm/fwtbdry/data,fwtpre,-,"(67,)",1,67,float32,efm27931.nc
27932,EFM,EFM_FWTBDRY,efm/fwtbdry/data,fwtpre,-,"(94,)",1,94,float32,efm27932.nc
27933,EFM,EFM_FWTBDRY,efm/fwtbdry/data,fwtpre,-,"(71,)",1,71,float32,efm27933.nc
27934,EFM,EFM_FWTBDRY,efm/fwtbdry/data,fwtpre,-,"(98,)",1,98,float32,efm27934.nc
27935,EFM,EFM_FWTBDRY,efm/fwtbdry/data,fwtpre,-,"(95,)",1,95,float32,efm27935.nc
27936,EFM,EFM_FWTBDRY,efm/fwtbdry/data,fwtpre,-,"(96,)",1,96,float32,efm27936.nc
27937,EFM,EFM_FWTBDRY,efm/fwtbdry/data,fwtpre,-,"(82,)",1,82,float32,efm27937.nc
27938,EFM,EFM_FWTBDRY,efm/fwtbdry/data,fwtpre,-,"(94,)",1,94,float32,efm27938.nc
27929,EFM,EFM_FWTBP,efm/fwtbp/data,PPrime and FFPrime Propo,-,"(1,)",1,1,float32,efm27929.nc
27930,EFM,EFM_FWTBP,efm/fwtbp/data,PPrime and FFPrime Propo,-,"(1,)",1,1,float32,efm27930 (1).nc
27931,EFM,EFM_FWTBP,efm/fwtbp/data,PPrime and FFPrime Propo,-,"(1,)",1,1,float32,efm27931.nc
27932,EFM,EFM_FWTBP,efm/fwtbp/data,PPrime and FFPrime Propo,-,"(1,)",1,1,float32,efm27932.nc
27933,EFM,EFM_FWTBP,efm/fwtbp/data,PPrime and FFPrime Propo,-,"(1,)",1,1,float32,efm27933.nc
27934,EFM,EFM_FWTBP,efm/fwtbp/data,PPrime and FFPrime Propo,-,"(1,)",1,1,float32,efm27934.nc
27935,EFM,EFM_FWTBP,efm/fwtbp/data,PPrime and FFPrime Propo,-,"(1,)",1,1,float32,efm27935.nc
27936,EFM,EFM_FWTBP,efm/fwtbp/data,PPrime and FFPrime Propo,-,"(1,)",1,1,float32,efm27936.nc
27937,EFM,EFM_FWTBP,efm/fwtbp/data,PPrime and FFPrime Propo,-,"(1,)",1,1,float32,efm27937.nc
27938,EFM,EFM_FWTBP,efm/fwtbp/data,PPrime and FFPrime Propo,-,"(1,)",1,1,float32,efm27938.nc
27929,EFM,EFM_FWTFC,efm/fwtfc/data,fit weight of f-coils,-,"(93, 101)",2,9393,float32,efm27929.nc
27930,EFM,EFM_FWTFC,efm/fwtfc/data,fit weight of f-coils,-,"(105, 101)",2,10605,float32,efm27930 (1).nc
27931,EFM,EFM_FWTFC,efm/fwtfc/data,fit weight of f-coils,-,"(80, 101)",2,8080,float32,efm27931.nc
27932,EFM,EFM_FWTFC,efm/fwtfc/data,fit weight of f-coils,-,"(107, 101)",2,10807,float32,efm27932.nc
27933,EFM,EFM_FWTFC,efm/fwtfc/data,fit weight of f-coils,-,"(84, 101)",2,8484,float32,efm27933.nc
27934,EFM,EFM_FWTFC,efm/fwtfc/data,fit weight of f-coils,-,"(114, 101)",2,11514,float32,efm27934.nc
27935,EFM,EFM_FWTFC,efm/fwtfc/data,fit weight of f-coils,-,"(110, 101)",2,11110,float32,efm27935.nc
27936,EFM,EFM_FWTFC,efm/fwtfc/data,fit weight of f-coils,-,"(111, 101)",2,11211,float32,efm27936.nc
27937,EFM,EFM_FWTFC,efm/fwtfc/data,fit weight of f-coils,-,"(95, 101)",2,9595,float32,efm27937.nc
27938,EFM,EFM_FWTFC,efm/fwtfc/data,fit weight of f-coils,-,"(108, 101)",2,10908,float32,efm27938.nc
27929,EFM,EFM_FWTMP,efm/fwtmp/data,fit weight of mag signal,-,"(93, 78)",2,7254,float32,efm27929.nc
27930,EFM,EFM_FWTMP,efm/fwtmp/data,fit weight of mag signal,-,"(105, 78)",2,8190,float32,efm27930 (1).nc
27931,EFM,EFM_FWTMP,efm/fwtmp/data,fit weight of mag signal,-,"(80, 78)",2,6240,float32,efm27931.nc
27932,EFM,EFM_FWTMP,efm/fwtmp/data,fit weight of mag signal,-,"(107, 78)",2,8346,float32,efm27932.nc
27933,EFM,EFM_FWTMP,efm/fwtmp/data,fit weight of mag signal,-,"(84, 78)",2,6552,float32,efm27933.nc
27934,EFM,EFM_FWTMP,efm/fwtmp/data,fit weight of mag signal,-,"(114, 78)",2,8892,float32,efm27934.nc
27935,EFM,EFM_FWTMP,efm/fwtmp/data,fit weight of mag signal,-,"(110, 78)",2,8580,float32,efm27935.nc
27936,EFM,EFM_FWTMP,efm/fwtmp/data,fit weight of mag signal,-,"(111, 78)",2,8658,float32,efm27936.nc
27937,EFM,EFM_FWTMP,efm/fwtmp/data,fit weight of mag signal,-,"(95, 78)",2,7410,float32,efm27937.nc
27938,EFM,EFM_FWTMP,efm/fwtmp/data,fit weight of mag signal,-,"(108, 78)",2,8424,float32,efm27938.nc
27929,EFM,EFM_FWTSI,efm/fwtsi/data,fit weight of flux loop,-,"(93, 46)",2,4278,float32,efm27929.nc
27930,EFM,EFM_FWTSI,efm/fwtsi/data,fit weight of flux loop,-,"(105, 46)",2,4830,float32,efm27930 (1).nc
27931,EFM,EFM_FWTSI,efm/fwtsi/data,fit weight of flux loop,-,"(80, 46)",2,3680,float32,efm27931.nc
27932,EFM,EFM_FWTSI,efm/fwtsi/data,fit weight of flux loop,-,"(107, 46)",2,4922,float32,efm27932.nc
27933,EFM,EFM_FWTSI,efm/fwtsi/data,fit weight of flux loop,-,"(84, 46)",2,3864,float32,efm27933.nc
27934,EFM,EFM_FWTSI,efm/fwtsi/data,fit weight of flux loop,-,"(114, 46)",2,5244,float32,efm27934.nc
27935,EFM,EFM_FWTSI,efm/fwtsi/data,fit weight of flux loop,-,"(110, 46)",2,5060,float32,efm27935.nc
27936,EFM,EFM_FWTSI,efm/fwtsi/data,fit weight of flux loop,-,"(111, 46)",2,5106,float32,efm27936.nc
27937,EFM,EFM_FWTSI,efm/fwtsi/data,fit weight of flux loop,-,"(95, 46)",2,4370,float32,efm27937.nc
27938,EFM,EFM_FWTSI,efm/fwtsi/data,fit weight of flux loop,-,"(108, 46)",2,4968,float32,efm27938.nc
27929,EFM,EFM_GEOM_AXIS_R(C),efm/geom_axis_r(c)/data,Geometric Axis Radius,m,"(80,)",1,80,float32,efm27929.nc
27930,EFM,EFM_GEOM_AXIS_R(C),efm/geom_axis_r(c)/data,Geometric Axis Radius,m,"(92,)",1,92,float32,efm27930 (1).nc
27931,EFM,EFM_GEOM_AXIS_R(C),efm/geom_axis_r(c)/data,Geometric Axis Radius,m,"(67,)",1,67,float32,efm27931.nc
27932,EFM,EFM_GEOM_AXIS_R(C),efm/geom_axis_r(c)/data,Geometric Axis Radius,m,"(94,)",1,94,float32,efm27932.nc
27933,EFM,EFM_GEOM_AXIS_R(C),efm/geom_axis_r(c)/data,Geometric Axis Radius,m,"(71,)",1,71,float32,efm27933.nc
27934,EFM,EFM_GEOM_AXIS_R(C),efm/geom_axis_r(c)/data,Geometric Axis Radius,m,"(98,)",1,98,float32,efm27934.nc
27935,EFM,EFM_GEOM_AXIS_R(C),efm/geom_axis_r(c)/data,Geometric Axis Radius,m,"(95,)",1,95,float32,efm27935.nc
27936,EFM,EFM_GEOM_AXIS_R(C),efm/geom_axis_r(c)/data,Geometric Axis Radius,m,"(96,)",1,96,float32,efm27936.nc
27937,EFM,EFM_GEOM_AXIS_R(C),efm/geom_axis_r(c)/data,Geometric Axis Radius,m,"(82,)",1,82,float32,efm27937.nc
27938,EFM,EFM_GEOM_AXIS_R(C),efm/geom_axis_r(c)/data,Geometric Axis Radius,m,"(94,)",1,94,float32,efm27938.nc
27929,EFM,EFM_GEOM_AXIS_Z(C),efm/geom_axis_z(c)/data,Geometric Axis Height,m,"(80,)",1,80,float32,efm27929.nc
27930,EFM,EFM_GEOM_AXIS_Z(C),efm/geom_axis_z(c)/data,Geometric Axis Height,m,"(92,)",1,92,float32,efm27930 (1).nc
27931,EFM,EFM_GEOM_AXIS_Z(C),efm/geom_axis_z(c)/data,Geometric Axis Height,m,"(67,)",1,67,float32,efm27931.nc
27932,EFM,EFM_GEOM_AXIS_Z(C),efm/geom_axis_z(c)/data,Geometric Axis Height,m,"(94,)",1,94,float32,efm27932.nc
27933,EFM,EFM_GEOM_AXIS_Z(C),efm/geom_axis_z(c)/data,Geometric Axis Height,m,"(71,)",1,71,float32,efm27933.nc
27934,EFM,EFM_GEOM_AXIS_Z(C),efm/geom_axis_z(c)/data,Geometric Axis Height,m,"(98,)",1,98,float32,efm27934.nc
27935,EFM,EFM_GEOM_AXIS_Z(C),efm/geom_axis_z(c)/data,Geometric Axis Height,m,"(95,)",1,95,float32,efm27935.nc
27936,EFM,EFM_GEOM_AXIS_Z(C),efm/geom_axis_z(c)/data,Geometric Axis Height,m,"(96,)",1,96,float32,efm27936.nc
27937,EFM,EFM_GEOM_AXIS_Z(C),efm/geom_axis_z(c)/data,Geometric Axis Height,m,"(82,)",1,82,float32,efm27937.nc
27938,EFM,EFM_GEOM_AXIS_Z(C),efm/geom_axis_z(c)/data,Geometric Axis Height,m,"(94,)",1,94,float32,efm27938.nc
27929,EFM,EFM_GRID(R),efm/grid(r)/data,r-coordinates of computa,m,"(1, 65)",2,65,float32,efm27929.nc
27930,EFM,EFM_GRID(R),efm/grid(r)/data,r-coordinates of computa,m,"(1, 65)",2,65,float32,efm27930 (1).nc
27931,EFM,EFM_GRID(R),efm/grid(r)/data,r-coordinates of computa,m,"(1, 65)",2,65,float32,efm27931.nc
27932,EFM,EFM_GRID(R),efm/grid(r)/data,r-coordinates of computa,m,"(1, 65)",2,65,float32,efm27932.nc
27933,EFM,EFM_GRID(R),efm/grid(r)/data,r-coordinates of computa,m,"(1, 65)",2,65,float32,efm27933.nc
27934,EFM,EFM_GRID(R),efm/grid(r)/data,r-coordinates of computa,m,"(1, 65)",2,65,float32,efm27934.nc
27935,EFM,EFM_GRID(R),efm/grid(r)/data,r-coordinates of computa,m,"(1, 65)",2,65,float32,efm27935.nc
27936,EFM,EFM_GRID(R),efm/grid(r)/data,r-coordinates of computa,m,"(1, 65)",2,65,float32,efm27936.nc
27937,EFM,EFM_GRID(R),efm/grid(r)/data,r-coordinates of computa,m,"(1, 65)",2,65,float32,efm27937.nc
27938,EFM,EFM_GRID(R),efm/grid(r)/data,r-coordinates of computa,m,"(1, 65)",2,65,float32,efm27938.nc
27929,EFM,EFM_GRID(Z),efm/grid(z)/data,z-coordinates of computa,m,"(1, 65)",2,65,float32,efm27929.nc
27930,EFM,EFM_GRID(Z),efm/grid(z)/data,z-coordinates of computa,m,"(1, 65)",2,65,float32,efm27930 (1).nc
27931,EFM,EFM_GRID(Z),efm/grid(z)/data,z-coordinates of computa,m,"(1, 65)",2,65,float32,efm27931.nc
27932,EFM,EFM_GRID(Z),efm/grid(z)/data,z-coordinates of computa,m,"(1, 65)",2,65,float32,efm27932.nc
27933,EFM,EFM_GRID(Z),efm/grid(z)/data,z-coordinates of computa,m,"(1, 65)",2,65,float32,efm27933.nc
27934,EFM,EFM_GRID(Z),efm/grid(z)/data,z-coordinates of computa,m,"(1, 65)",2,65,float32,efm27934.nc
27935,EFM,EFM_GRID(Z),efm/grid(z)/data,z-coordinates of computa,m,"(1, 65)",2,65,float32,efm27935.nc
27936,EFM,EFM_GRID(Z),efm/grid(z)/data,z-coordinates of computa,m,"(1, 65)",2,65,float32,efm27936.nc
27937,EFM,EFM_GRID(Z),efm/grid(z)/data,z-coordinates of computa,m,"(1, 65)",2,65,float32,efm27937.nc
27938,EFM,EFM_GRID(Z),efm/grid(z)/data,z-coordinates of computa,m,"(1, 65)",2,65,float32,efm27938.nc
27929,EFM,EFM_IP_TIMES,efm/ip_times/data,Time of reconstruction,s,"(80,)",1,80,float32,efm27929.nc
27930,EFM,EFM_IP_TIMES,efm/ip_times/data,Time of reconstruction,s,"(92,)",1,92,float32,efm27930 (1).nc
27931,EFM,EFM_IP_TIMES,efm/ip_times/data,Time of reconstruction,s,"(67,)",1,67,float32,efm27931.nc
27932,EFM,EFM_IP_TIMES,efm/ip_times/data,Time of reconstruction,s,"(94,)",1,94,float32,efm27932.nc
27933,EFM,EFM_IP_TIMES,efm/ip_times/data,Time of reconstruction,s,"(71,)",1,71,float32,efm27933.nc
27934,EFM,EFM_IP_TIMES,efm/ip_times/data,Time of reconstruction,s,"(98,)",1,98,float32,efm27934.nc
27935,EFM,EFM_IP_TIMES,efm/ip_times/data,Time of reconstruction,s,"(95,)",1,95,float32,efm27935.nc
27936,EFM,EFM_IP_TIMES,efm/ip_times/data,Time of reconstruction,s,"(96,)",1,96,float32,efm27936.nc
27937,EFM,EFM_IP_TIMES,efm/ip_times/data,Time of reconstruction,s,"(82,)",1,82,float32,efm27937.nc
27938,EFM,EFM_IP_TIMES,efm/ip_times/data,Time of reconstruction,s,"(94,)",1,94,float32,efm27938.nc
27929,EFM,EFM_IROD,efm/irod/data,toroidal rod current,A-T,"(93,)",1,93,float32,efm27929.nc
27930,EFM,EFM_IROD,efm/irod/data,toroidal rod current,A-T,"(105,)",1,105,float32,efm27930 (1).nc
27931,EFM,EFM_IROD,efm/irod/data,toroidal rod current,A-T,"(80,)",1,80,float32,efm27931.nc
27932,EFM,EFM_IROD,efm/irod/data,toroidal rod current,A-T,"(107,)",1,107,float32,efm27932.nc
27933,EFM,EFM_IROD,efm/irod/data,toroidal rod current,A-T,"(84,)",1,84,float32,efm27933.nc
27934,EFM,EFM_IROD,efm/irod/data,toroidal rod current,A-T,"(114,)",1,114,float32,efm27934.nc
27935,EFM,EFM_IROD,efm/irod/data,toroidal rod current,A-T,"(110,)",1,110,float32,efm27935.nc
27936,EFM,EFM_IROD,efm/irod/data,toroidal rod current,A-T,"(111,)",1,111,float32,efm27936.nc
27937,EFM,EFM_IROD,efm/irod/data,toroidal rod current,A-T,"(95,)",1,95,float32,efm27937.nc
27938,EFM,EFM_IROD,efm/irod/data,toroidal rod current,A-T,"(108,)",1,108,float32,efm27938.nc
27929,EFM,EFM_ITERATION_ERROR,efm/iteration_error/data,Iteration error,nounits,"(80, 10)",2,800,float32,efm27929.nc
27930,EFM,EFM_ITERATION_ERROR,efm/iteration_error/data,Iteration error,nounits,"(92, 10)",2,920,float32,efm27930 (1).nc
27931,EFM,EFM_ITERATION_ERROR,efm/iteration_error/data,Iteration error,nounits,"(67, 10)",2,670,float32,efm27931.nc
27932,EFM,EFM_ITERATION_ERROR,efm/iteration_error/data,Iteration error,nounits,"(94, 10)",2,940,float32,efm27932.nc
27933,EFM,EFM_ITERATION_ERROR,efm/iteration_error/data,Iteration error,nounits,"(71, 10)",2,710,float32,efm27933.nc
27934,EFM,EFM_ITERATION_ERROR,efm/iteration_error/data,Iteration error,nounits,"(98, 10)",2,980,float32,efm27934.nc
27935,EFM,EFM_ITERATION_ERROR,efm/iteration_error/data,Iteration error,nounits,"(95, 10)",2,950,float32,efm27935.nc
27936,EFM,EFM_ITERATION_ERROR,efm/iteration_error/data,Iteration error,nounits,"(96, 10)",2,960,float32,efm27936.nc
27937,EFM,EFM_ITERATION_ERROR,efm/iteration_error/data,Iteration error,nounits,"(82, 10)",2,820,float32,efm27937.nc
27938,EFM,EFM_ITERATION_ERROR,efm/iteration_error/data,Iteration error,nounits,"(94, 10)",2,940,float32,efm27938.nc
27929,EFM,EFM_J(R),efm/j(r)/data,Jphi(r) at z=0.,-,"(80, 65)",2,5200,float32,efm27929.nc
27930,EFM,EFM_J(R),efm/j(r)/data,Jphi(r) at z=0.,-,"(92, 65)",2,5980,float32,efm27930 (1).nc
27931,EFM,EFM_J(R),efm/j(r)/data,Jphi(r) at z=0.,-,"(67, 65)",2,4355,float32,efm27931.nc
27932,EFM,EFM_J(R),efm/j(r)/data,Jphi(r) at z=0.,-,"(94, 65)",2,6110,float32,efm27932.nc
27933,EFM,EFM_J(R),efm/j(r)/data,Jphi(r) at z=0.,-,"(71, 65)",2,4615,float32,efm27933.nc
27934,EFM,EFM_J(R),efm/j(r)/data,Jphi(r) at z=0.,-,"(98, 65)",2,6370,float32,efm27934.nc
27935,EFM,EFM_J(R),efm/j(r)/data,Jphi(r) at z=0.,-,"(95, 65)",2,6175,float32,efm27935.nc
27936,EFM,EFM_J(R),efm/j(r)/data,Jphi(r) at z=0.,-,"(96, 65)",2,6240,float32,efm27936.nc
27937,EFM,EFM_J(R),efm/j(r)/data,Jphi(r) at z=0.,-,"(82, 65)",2,5330,float32,efm27937.nc
27938,EFM,EFM_J(R),efm/j(r)/data,Jphi(r) at z=0.,-,"(94, 65)",2,6110,float32,efm27938.nc
27929,EFM,EFM_KFFCUR,efm/kffcur/data,Number of FFprime Coefs,-,"(1,)",1,1,int32,efm27929.nc
27930,EFM,EFM_KFFCUR,efm/kffcur/data,Number of FFprime Coefs,-,"(1,)",1,1,int32,efm27930 (1).nc
27931,EFM,EFM_KFFCUR,efm/kffcur/data,Number of FFprime Coefs,-,"(1,)",1,1,int32,efm27931.nc
27932,EFM,EFM_KFFCUR,efm/kffcur/data,Number of FFprime Coefs,-,"(1,)",1,1,int32,efm27932.nc
27933,EFM,EFM_KFFCUR,efm/kffcur/data,Number of FFprime Coefs,-,"(1,)",1,1,int32,efm27933.nc
27934,EFM,EFM_KFFCUR,efm/kffcur/data,Number of FFprime Coefs,-,"(1,)",1,1,int32,efm27934.nc
27935,EFM,EFM_KFFCUR,efm/kffcur/data,Number of FFprime Coefs,-,"(1,)",1,1,int32,efm27935.nc
27936,EFM,EFM_KFFCUR,efm/kffcur/data,Number of FFprime Coefs,-,"(1,)",1,1,int32,efm27936.nc
27937,EFM,EFM_KFFCUR,efm/kffcur/data,Number of FFprime Coefs,-,"(1,)",1,1,int32,efm27937.nc
27938,EFM,EFM_KFFCUR,efm/kffcur/data,Number of FFprime Coefs,-,"(1,)",1,1,int32,efm27938.nc
27929,EFM,EFM_KFFFNC,efm/kfffnc/data,Basis Function Number fo,-,"(1,)",1,1,int32,efm27929.nc
27930,EFM,EFM_KFFFNC,efm/kfffnc/data,Basis Function Number fo,-,"(1,)",1,1,int32,efm27930 (1).nc
27931,EFM,EFM_KFFFNC,efm/kfffnc/data,Basis Function Number fo,-,"(1,)",1,1,int32,efm27931.nc
27932,EFM,EFM_KFFFNC,efm/kfffnc/data,Basis Function Number fo,-,"(1,)",1,1,int32,efm27932.nc
27933,EFM,EFM_KFFFNC,efm/kfffnc/data,Basis Function Number fo,-,"(1,)",1,1,int32,efm27933.nc
27934,EFM,EFM_KFFFNC,efm/kfffnc/data,Basis Function Number fo,-,"(1,)",1,1,int32,efm27934.nc
27935,EFM,EFM_KFFFNC,efm/kfffnc/data,Basis Function Number fo,-,"(1,)",1,1,int32,efm27935.nc
27936,EFM,EFM_KFFFNC,efm/kfffnc/data,Basis Function Number fo,-,"(1,)",1,1,int32,efm27936.nc
27937,EFM,EFM_KFFFNC,efm/kfffnc/data,Basis Function Number fo,-,"(1,)",1,1,int32,efm27937.nc
27938,EFM,EFM_KFFFNC,efm/kfffnc/data,Basis Function Number fo,-,"(1,)",1,1,int32,efm27938.nc
27929,EFM,EFM_KPPCUR,efm/kppcur/data,Number of PPrime Coefs,-,"(1,)",1,1,int32,efm27929.nc
27930,EFM,EFM_KPPCUR,efm/kppcur/data,Number of PPrime Coefs,-,"(1,)",1,1,int32,efm27930 (1).nc
27931,EFM,EFM_KPPCUR,efm/kppcur/data,Number of PPrime Coefs,-,"(1,)",1,1,int32,efm27931.nc
27932,EFM,EFM_KPPCUR,efm/kppcur/data,Number of PPrime Coefs,-,"(1,)",1,1,int32,efm27932.nc
27933,EFM,EFM_KPPCUR,efm/kppcur/data,Number of PPrime Coefs,-,"(1,)",1,1,int32,efm27933.nc
27934,EFM,EFM_KPPCUR,efm/kppcur/data,Number of PPrime Coefs,-,"(1,)",1,1,int32,efm27934.nc
27935,EFM,EFM_KPPCUR,efm/kppcur/data,Number of PPrime Coefs,-,"(1,)",1,1,int32,efm27935.nc
27936,EFM,EFM_KPPCUR,efm/kppcur/data,Number of PPrime Coefs,-,"(1,)",1,1,int32,efm27936.nc
27937,EFM,EFM_KPPCUR,efm/kppcur/data,Number of PPrime Coefs,-,"(1,)",1,1,int32,efm27937.nc
27938,EFM,EFM_KPPCUR,efm/kppcur/data,Number of PPrime Coefs,-,"(1,)",1,1,int32,efm27938.nc
27929,EFM,EFM_KPPFNC,efm/kppfnc/data,Basis Function Number fo,-,"(1,)",1,1,int32,efm27929.nc
27930,EFM,EFM_KPPFNC,efm/kppfnc/data,Basis Function Number fo,-,"(1,)",1,1,int32,efm27930 (1).nc
27931,EFM,EFM_KPPFNC,efm/kppfnc/data,Basis Function Number fo,-,"(1,)",1,1,int32,efm27931.nc
27932,EFM,EFM_KPPFNC,efm/kppfnc/data,Basis Function Number fo,-,"(1,)",1,1,int32,efm27932.nc
27933,EFM,EFM_KPPFNC,efm/kppfnc/data,Basis Function Number fo,-,"(1,)",1,1,int32,efm27933.nc
27934,EFM,EFM_KPPFNC,efm/kppfnc/data,Basis Function Number fo,-,"(1,)",1,1,int32,efm27934.nc
27935,EFM,EFM_KPPFNC,efm/kppfnc/data,Basis Function Number fo,-,"(1,)",1,1,int32,efm27935.nc
27936,EFM,EFM_KPPFNC,efm/kppfnc/data,Basis Function Number fo,-,"(1,)",1,1,int32,efm27936.nc
27937,EFM,EFM_KPPFNC,efm/kppfnc/data,Basis Function Number fo,-,"(1,)",1,1,int32,efm27937.nc
27938,EFM,EFM_KPPFNC,efm/kppfnc/data,Basis Function Number fo,-,"(1,)",1,1,int32,efm27938.nc
27929,EFM,EFM_KWWCUR,efm/kwwcur/data,Number of P(Rot) Coefs,-,"(1,)",1,1,int32,efm27929.nc
27930,EFM,EFM_KWWCUR,efm/kwwcur/data,Number of P(Rot) Coefs,-,"(1,)",1,1,int32,efm27930 (1).nc
27931,EFM,EFM_KWWCUR,efm/kwwcur/data,Number of P(Rot) Coefs,-,"(1,)",1,1,int32,efm27931.nc
27932,EFM,EFM_KWWCUR,efm/kwwcur/data,Number of P(Rot) Coefs,-,"(1,)",1,1,int32,efm27932.nc
27933,EFM,EFM_KWWCUR,efm/kwwcur/data,Number of P(Rot) Coefs,-,"(1,)",1,1,int32,efm27933.nc
27934,EFM,EFM_KWWCUR,efm/kwwcur/data,Number of P(Rot) Coefs,-,"(1,)",1,1,int32,efm27934.nc
27935,EFM,EFM_KWWCUR,efm/kwwcur/data,Number of P(Rot) Coefs,-,"(1,)",1,1,int32,efm27935.nc
27936,EFM,EFM_KWWCUR,efm/kwwcur/data,Number of P(Rot) Coefs,-,"(1,)",1,1,int32,efm27936.nc
27937,EFM,EFM_KWWCUR,efm/kwwcur/data,Number of P(Rot) Coefs,-,"(1,)",1,1,int32,efm27937.nc
27938,EFM,EFM_KWWCUR,efm/kwwcur/data,Number of P(Rot) Coefs,-,"(1,)",1,1,int32,efm27938.nc
27929,EFM,EFM_KWWFNC,efm/kwwfnc/data,Basis Function Number fo,-,"(1,)",1,1,int32,efm27929.nc
27930,EFM,EFM_KWWFNC,efm/kwwfnc/data,Basis Function Number fo,-,"(1,)",1,1,int32,efm27930 (1).nc
27931,EFM,EFM_KWWFNC,efm/kwwfnc/data,Basis Function Number fo,-,"(1,)",1,1,int32,efm27931.nc
27932,EFM,EFM_KWWFNC,efm/kwwfnc/data,Basis Function Number fo,-,"(1,)",1,1,int32,efm27932.nc
27933,EFM,EFM_KWWFNC,efm/kwwfnc/data,Basis Function Number fo,-,"(1,)",1,1,int32,efm27933.nc
27934,EFM,EFM_KWWFNC,efm/kwwfnc/data,Basis Function Number fo,-,"(1,)",1,1,int32,efm27934.nc
27935,EFM,EFM_KWWFNC,efm/kwwfnc/data,Basis Function Number fo,-,"(1,)",1,1,int32,efm27935.nc
27936,EFM,EFM_KWWFNC,efm/kwwfnc/data,Basis Function Number fo,-,"(1,)",1,1,int32,efm27936.nc
27937,EFM,EFM_KWWFNC,efm/kwwfnc/data,Basis Function Number fo,-,"(1,)",1,1,int32,efm27937.nc
27938,EFM,EFM_KWWFNC,efm/kwwfnc/data,Basis Function Number fo,-,"(1,)",1,1,int32,efm27938.nc
27929,EFM,EFM_LCFS(N)_(C),efm/lcfs(n)_(c)/data,No. of coords on lcfs,nounits,"(80,)",1,80,int32,efm27929.nc
27930,EFM,EFM_LCFS(N)_(C),efm/lcfs(n)_(c)/data,No. of coords on lcfs,nounits,"(92,)",1,92,int32,efm27930 (1).nc
27931,EFM,EFM_LCFS(N)_(C),efm/lcfs(n)_(c)/data,No. of coords on lcfs,nounits,"(67,)",1,67,int32,efm27931.nc
27932,EFM,EFM_LCFS(N)_(C),efm/lcfs(n)_(c)/data,No. of coords on lcfs,nounits,"(94,)",1,94,int32,efm27932.nc
27933,EFM,EFM_LCFS(N)_(C),efm/lcfs(n)_(c)/data,No. of coords on lcfs,nounits,"(71,)",1,71,int32,efm27933.nc
27934,EFM,EFM_LCFS(N)_(C),efm/lcfs(n)_(c)/data,No. of coords on lcfs,nounits,"(98,)",1,98,int32,efm27934.nc
27935,EFM,EFM_LCFS(N)_(C),efm/lcfs(n)_(c)/data,No. of coords on lcfs,nounits,"(95,)",1,95,int32,efm27935.nc
27936,EFM,EFM_LCFS(N)_(C),efm/lcfs(n)_(c)/data,No. of coords on lcfs,nounits,"(96,)",1,96,int32,efm27936.nc
27937,EFM,EFM_LCFS(N)_(C),efm/lcfs(n)_(c)/data,No. of coords on lcfs,nounits,"(82,)",1,82,int32,efm27937.nc
27938,EFM,EFM_LCFS(N)_(C),efm/lcfs(n)_(c)/data,No. of coords on lcfs,nounits,"(94,)",1,94,int32,efm27938.nc
27929,EFM,EFM_LCFS(R)_(C),efm/lcfs(r)_(c)/data,r-coords of separatrix,m,"(80, 2600)",2,208000,float32,efm27929.nc
27930,EFM,EFM_LCFS(R)_(C),efm/lcfs(r)_(c)/data,r-coords of separatrix,m,"(92, 2600)",2,239200,float32,efm27930 (1).nc
27931,EFM,EFM_LCFS(R)_(C),efm/lcfs(r)_(c)/data,r-coords of separatrix,m,"(67, 2600)",2,174200,float32,efm27931.nc
27932,EFM,EFM_LCFS(R)_(C),efm/lcfs(r)_(c)/data,r-coords of separatrix,m,"(94, 2600)",2,244400,float32,efm27932.nc
27933,EFM,EFM_LCFS(R)_(C),efm/lcfs(r)_(c)/data,r-coords of separatrix,m,"(71, 2600)",2,184600,float32,efm27933.nc
27934,EFM,EFM_LCFS(R)_(C),efm/lcfs(r)_(c)/data,r-coords of separatrix,m,"(98, 2600)",2,254800,float32,efm27934.nc
27935,EFM,EFM_LCFS(R)_(C),efm/lcfs(r)_(c)/data,r-coords of separatrix,m,"(95, 2600)",2,247000,float32,efm27935.nc
27936,EFM,EFM_LCFS(R)_(C),efm/lcfs(r)_(c)/data,r-coords of separatrix,m,"(96, 2600)",2,249600,float32,efm27936.nc
27937,EFM,EFM_LCFS(R)_(C),efm/lcfs(r)_(c)/data,r-coords of separatrix,m,"(82, 2600)",2,213200,float32,efm27937.nc
27938,EFM,EFM_LCFS(R)_(C),efm/lcfs(r)_(c)/data,r-coords of separatrix,m,"(94, 2600)",2,244400,float32,efm27938.nc
27929,EFM,EFM_LCFS(Z)_(C),efm/lcfs(z)_(c)/data,z-coords of separatrix,m,"(80, 2600)",2,208000,float32,efm27929.nc
27930,EFM,EFM_LCFS(Z)_(C),efm/lcfs(z)_(c)/data,z-coords of separatrix,m,"(92, 2600)",2,239200,float32,efm27930 (1).nc
27931,EFM,EFM_LCFS(Z)_(C),efm/lcfs(z)_(c)/data,z-coords of separatrix,m,"(67, 2600)",2,174200,float32,efm27931.nc
27932,EFM,EFM_LCFS(Z)_(C),efm/lcfs(z)_(c)/data,z-coords of separatrix,m,"(94, 2600)",2,244400,float32,efm27932.nc
27933,EFM,EFM_LCFS(Z)_(C),efm/lcfs(z)_(c)/data,z-coords of separatrix,m,"(71, 2600)",2,184600,float32,efm27933.nc
27934,EFM,EFM_LCFS(Z)_(C),efm/lcfs(z)_(c)/data,z-coords of separatrix,m,"(98, 2600)",2,254800,float32,efm27934.nc
27935,EFM,EFM_LCFS(Z)_(C),efm/lcfs(z)_(c)/data,z-coords of separatrix,m,"(95, 2600)",2,247000,float32,efm27935.nc
27936,EFM,EFM_LCFS(Z)_(C),efm/lcfs(z)_(c)/data,z-coords of separatrix,m,"(96, 2600)",2,249600,float32,efm27936.nc
27937,EFM,EFM_LCFS(Z)_(C),efm/lcfs(z)_(c)/data,z-coords of separatrix,m,"(82, 2600)",2,213200,float32,efm27937.nc
27938,EFM,EFM_LCFS(Z)_(C),efm/lcfs(z)_(c)/data,z-coords of separatrix,m,"(94, 2600)",2,244400,float32,efm27938.nc
27929,EFM,EFM_LCFS_LENGTH,efm/lcfs_length/data,length of lcfs,m,"(80,)",1,80,float32,efm27929.nc
27930,EFM,EFM_LCFS_LENGTH,efm/lcfs_length/data,length of lcfs,m,"(92,)",1,92,float32,efm27930 (1).nc
27931,EFM,EFM_LCFS_LENGTH,efm/lcfs_length/data,length of lcfs,m,"(67,)",1,67,float32,efm27931.nc
27932,EFM,EFM_LCFS_LENGTH,efm/lcfs_length/data,length of lcfs,m,"(94,)",1,94,float32,efm27932.nc
27933,EFM,EFM_LCFS_LENGTH,efm/lcfs_length/data,length of lcfs,m,"(71,)",1,71,float32,efm27933.nc
27934,EFM,EFM_LCFS_LENGTH,efm/lcfs_length/data,length of lcfs,m,"(98,)",1,98,float32,efm27934.nc
27935,EFM,EFM_LCFS_LENGTH,efm/lcfs_length/data,length of lcfs,m,"(95,)",1,95,float32,efm27935.nc
27936,EFM,EFM_LCFS_LENGTH,efm/lcfs_length/data,length of lcfs,m,"(96,)",1,96,float32,efm27936.nc
27937,EFM,EFM_LCFS_LENGTH,efm/lcfs_length/data,length of lcfs,m,"(82,)",1,82,float32,efm27937.nc
27938,EFM,EFM_LCFS_LENGTH,efm/lcfs_length/data,length of lcfs,m,"(94,)",1,94,float32,efm27938.nc
27929,EFM,EFM_LI,efm/li/data,Plasma Inductance,nounits,"(80,)",1,80,float32,efm27929.nc
27930,EFM,EFM_LI,efm/li/data,Plasma Inductance,nounits,"(92,)",1,92,float32,efm27930 (1).nc
27931,EFM,EFM_LI,efm/li/data,Plasma Inductance,nounits,"(67,)",1,67,float32,efm27931.nc
27932,EFM,EFM_LI,efm/li/data,Plasma Inductance,nounits,"(94,)",1,94,float32,efm27932.nc
27933,EFM,EFM_LI,efm/li/data,Plasma Inductance,nounits,"(71,)",1,71,float32,efm27933.nc
27934,EFM,EFM_LI,efm/li/data,Plasma Inductance,nounits,"(98,)",1,98,float32,efm27934.nc
27935,EFM,EFM_LI,efm/li/data,Plasma Inductance,nounits,"(95,)",1,95,float32,efm27935.nc
27936,EFM,EFM_LI,efm/li/data,Plasma Inductance,nounits,"(96,)",1,96,float32,efm27936.nc
27937,EFM,EFM_LI,efm/li/data,Plasma Inductance,nounits,"(82,)",1,82,float32,efm27937.nc
27938,EFM,EFM_LI,efm/li/data,Plasma Inductance,nounits,"(94,)",1,94,float32,efm27938.nc
27929,EFM,EFM_LIMITER(N),efm/limiter(n)/data,Number of limiter coords,-,"(1,)",1,1,int32,efm27929.nc
27930,EFM,EFM_LIMITER(N),efm/limiter(n)/data,Number of limiter coords,-,"(1,)",1,1,int32,efm27930 (1).nc
27931,EFM,EFM_LIMITER(N),efm/limiter(n)/data,Number of limiter coords,-,"(1,)",1,1,int32,efm27931.nc
27932,EFM,EFM_LIMITER(N),efm/limiter(n)/data,Number of limiter coords,-,"(1,)",1,1,int32,efm27932.nc
27933,EFM,EFM_LIMITER(N),efm/limiter(n)/data,Number of limiter coords,-,"(1,)",1,1,int32,efm27933.nc
27934,EFM,EFM_LIMITER(N),efm/limiter(n)/data,Number of limiter coords,-,"(1,)",1,1,int32,efm27934.nc
27935,EFM,EFM_LIMITER(N),efm/limiter(n)/data,Number of limiter coords,-,"(1,)",1,1,int32,efm27935.nc
27936,EFM,EFM_LIMITER(N),efm/limiter(n)/data,Number of limiter coords,-,"(1,)",1,1,int32,efm27936.nc
27937,EFM,EFM_LIMITER(N),efm/limiter(n)/data,Number of limiter coords,-,"(1,)",1,1,int32,efm27937.nc
27938,EFM,EFM_LIMITER(N),efm/limiter(n)/data,Number of limiter coords,-,"(1,)",1,1,int32,efm27938.nc
27929,EFM,EFM_LIMITER(R),efm/limiter(r)/data,Limiter Radius,m,"(1, 37)",2,37,float32,efm27929.nc
27930,EFM,EFM_LIMITER(R),efm/limiter(r)/data,Limiter Radius,m,"(1, 37)",2,37,float32,efm27930 (1).nc
27931,EFM,EFM_LIMITER(R),efm/limiter(r)/data,Limiter Radius,m,"(1, 37)",2,37,float32,efm27931.nc
27932,EFM,EFM_LIMITER(R),efm/limiter(r)/data,Limiter Radius,m,"(1, 37)",2,37,float32,efm27932.nc
27933,EFM,EFM_LIMITER(R),efm/limiter(r)/data,Limiter Radius,m,"(1, 37)",2,37,float32,efm27933.nc
27934,EFM,EFM_LIMITER(R),efm/limiter(r)/data,Limiter Radius,m,"(1, 37)",2,37,float32,efm27934.nc
27935,EFM,EFM_LIMITER(R),efm/limiter(r)/data,Limiter Radius,m,"(1, 37)",2,37,float32,efm27935.nc
27936,EFM,EFM_LIMITER(R),efm/limiter(r)/data,Limiter Radius,m,"(1, 37)",2,37,float32,efm27936.nc
27937,EFM,EFM_LIMITER(R),efm/limiter(r)/data,Limiter Radius,m,"(1, 37)",2,37,float32,efm27937.nc
27938,EFM,EFM_LIMITER(R),efm/limiter(r)/data,Limiter Radius,m,"(1, 37)",2,37,float32,efm27938.nc
27929,EFM,EFM_LIMITER(Z),efm/limiter(z)/data,Limiter Height,m,"(1, 37)",2,37,float32,efm27929.nc
27930,EFM,EFM_LIMITER(Z),efm/limiter(z)/data,Limiter Height,m,"(1, 37)",2,37,float32,efm27930 (1).nc
27931,EFM,EFM_LIMITER(Z),efm/limiter(z)/data,Limiter Height,m,"(1, 37)",2,37,float32,efm27931.nc
27932,EFM,EFM_LIMITER(Z),efm/limiter(z)/data,Limiter Height,m,"(1, 37)",2,37,float32,efm27932.nc
27933,EFM,EFM_LIMITER(Z),efm/limiter(z)/data,Limiter Height,m,"(1, 37)",2,37,float32,efm27933.nc
27934,EFM,EFM_LIMITER(Z),efm/limiter(z)/data,Limiter Height,m,"(1, 37)",2,37,float32,efm27934.nc
27935,EFM,EFM_LIMITER(Z),efm/limiter(z)/data,Limiter Height,m,"(1, 37)",2,37,float32,efm27935.nc
27936,EFM,EFM_LIMITER(Z),efm/limiter(z)/data,Limiter Height,m,"(1, 37)",2,37,float32,efm27936.nc
27937,EFM,EFM_LIMITER(Z),efm/limiter(z)/data,Limiter Height,m,"(1, 37)",2,37,float32,efm27937.nc
27938,EFM,EFM_LIMITER(Z),efm/limiter(z)/data,Limiter Height,m,"(1, 37)",2,37,float32,efm27938.nc
27929,EFM,EFM_MAGNETIC_AXIS_R,efm/magnetic_axis_r/data,Radius of Magnetic Axis,m,"(80,)",1,80,float32,efm27929.nc
27930,EFM,EFM_MAGNETIC_AXIS_R,efm/magnetic_axis_r/data,Radius of Magnetic Axis,m,"(92,)",1,92,float32,efm27930 (1).nc
27931,EFM,EFM_MAGNETIC_AXIS_R,efm/magnetic_axis_r/data,Radius of Magnetic Axis,m,"(67,)",1,67,float32,efm27931.nc
27932,EFM,EFM_MAGNETIC_AXIS_R,efm/magnetic_axis_r/data,Radius of Magnetic Axis,m,"(94,)",1,94,float32,efm27932.nc
27933,EFM,EFM_MAGNETIC_AXIS_R,efm/magnetic_axis_r/data,Radius of Magnetic Axis,m,"(71,)",1,71,float32,efm27933.nc
27934,EFM,EFM_MAGNETIC_AXIS_R,efm/magnetic_axis_r/data,Radius of Magnetic Axis,m,"(98,)",1,98,float32,efm27934.nc
27935,EFM,EFM_MAGNETIC_AXIS_R,efm/magnetic_axis_r/data,Radius of Magnetic Axis,m,"(95,)",1,95,float32,efm27935.nc
27936,EFM,EFM_MAGNETIC_AXIS_R,efm/magnetic_axis_r/data,Radius of Magnetic Axis,m,"(96,)",1,96,float32,efm27936.nc
27937,EFM,EFM_MAGNETIC_AXIS_R,efm/magnetic_axis_r/data,Radius of Magnetic Axis,m,"(82,)",1,82,float32,efm27937.nc
27938,EFM,EFM_MAGNETIC_AXIS_R,efm/magnetic_axis_r/data,Radius of Magnetic Axis,m,"(94,)",1,94,float32,efm27938.nc
27929,EFM,EFM_MAGNETIC_AXIS_Z,efm/magnetic_axis_z/data,Height of Magnetic Axis,m,"(80,)",1,80,float32,efm27929.nc
27930,EFM,EFM_MAGNETIC_AXIS_Z,efm/magnetic_axis_z/data,Height of Magnetic Axis,m,"(92,)",1,92,float32,efm27930 (1).nc
27931,EFM,EFM_MAGNETIC_AXIS_Z,efm/magnetic_axis_z/data,Height of Magnetic Axis,m,"(67,)",1,67,float32,efm27931.nc
27932,EFM,EFM_MAGNETIC_AXIS_Z,efm/magnetic_axis_z/data,Height of Magnetic Axis,m,"(94,)",1,94,float32,efm27932.nc
27933,EFM,EFM_MAGNETIC_AXIS_Z,efm/magnetic_axis_z/data,Height of Magnetic Axis,m,"(71,)",1,71,float32,efm27933.nc
27934,EFM,EFM_MAGNETIC_AXIS_Z,efm/magnetic_axis_z/data,Height of Magnetic Axis,m,"(98,)",1,98,float32,efm27934.nc
27935,EFM,EFM_MAGNETIC_AXIS_Z,efm/magnetic_axis_z/data,Height of Magnetic Axis,m,"(95,)",1,95,float32,efm27935.nc
27936,EFM,EFM_MAGNETIC_AXIS_Z,efm/magnetic_axis_z/data,Height of Magnetic Axis,m,"(96,)",1,96,float32,efm27936.nc
27937,EFM,EFM_MAGNETIC_AXIS_Z,efm/magnetic_axis_z/data,Height of Magnetic Axis,m,"(82,)",1,82,float32,efm27937.nc
27938,EFM,EFM_MAGNETIC_AXIS_Z,efm/magnetic_axis_z/data,Height of Magnetic Axis,m,"(94,)",1,94,float32,efm27938.nc
27929,EFM,EFM_MAGPRI_CHISQ,efm/magpri_chisq/data,Chi**2 of each magnetic,nounits,"(93, 78)",2,7254,float32,efm27929.nc
27930,EFM,EFM_MAGPRI_CHISQ,efm/magpri_chisq/data,Chi**2 of each magnetic,nounits,"(105, 78)",2,8190,float32,efm27930 (1).nc
27931,EFM,EFM_MAGPRI_CHISQ,efm/magpri_chisq/data,Chi**2 of each magnetic,nounits,"(80, 78)",2,6240,float32,efm27931.nc
27932,EFM,EFM_MAGPRI_CHISQ,efm/magpri_chisq/data,Chi**2 of each magnetic,nounits,"(107, 78)",2,8346,float32,efm27932.nc
27933,EFM,EFM_MAGPRI_CHISQ,efm/magpri_chisq/data,Chi**2 of each magnetic,nounits,"(84, 78)",2,6552,float32,efm27933.nc
27934,EFM,EFM_MAGPRI_CHISQ,efm/magpri_chisq/data,Chi**2 of each magnetic,nounits,"(114, 78)",2,8892,float32,efm27934.nc
27935,EFM,EFM_MAGPRI_CHISQ,efm/magpri_chisq/data,Chi**2 of each magnetic,nounits,"(110, 78)",2,8580,float32,efm27935.nc
27936,EFM,EFM_MAGPRI_CHISQ,efm/magpri_chisq/data,Chi**2 of each magnetic,nounits,"(111, 78)",2,8658,float32,efm27936.nc
27937,EFM,EFM_MAGPRI_CHISQ,efm/magpri_chisq/data,Chi**2 of each magnetic,nounits,"(95, 78)",2,7410,float32,efm27937.nc
27938,EFM,EFM_MAGPRI_CHISQ,efm/magpri_chisq/data,Chi**2 of each magnetic,nounits,"(108, 78)",2,8424,float32,efm27938.nc
27929,EFM,EFM_MAGPR_(C),efm/magpr_(c)/data,Computed magnetic signal,T,"(93, 78)",2,7254,float32,efm27929.nc
27930,EFM,EFM_MAGPR_(C),efm/magpr_(c)/data,Computed magnetic signal,T,"(105, 78)",2,8190,float32,efm27930 (1).nc
27931,EFM,EFM_MAGPR_(C),efm/magpr_(c)/data,Computed magnetic signal,T,"(80, 78)",2,6240,float32,efm27931.nc
27932,EFM,EFM_MAGPR_(C),efm/magpr_(c)/data,Computed magnetic signal,T,"(107, 78)",2,8346,float32,efm27932.nc
27933,EFM,EFM_MAGPR_(C),efm/magpr_(c)/data,Computed magnetic signal,T,"(84, 78)",2,6552,float32,efm27933.nc
27934,EFM,EFM_MAGPR_(C),efm/magpr_(c)/data,Computed magnetic signal,T,"(114, 78)",2,8892,float32,efm27934.nc
27935,EFM,EFM_MAGPR_(C),efm/magpr_(c)/data,Computed magnetic signal,T,"(110, 78)",2,8580,float32,efm27935.nc
27936,EFM,EFM_MAGPR_(C),efm/magpr_(c)/data,Computed magnetic signal,T,"(111, 78)",2,8658,float32,efm27936.nc
27937,EFM,EFM_MAGPR_(C),efm/magpr_(c)/data,Computed magnetic signal,T,"(95, 78)",2,7410,float32,efm27937.nc
27938,EFM,EFM_MAGPR_(C),efm/magpr_(c)/data,Computed magnetic signal,T,"(108, 78)",2,8424,float32,efm27938.nc
27929,EFM,EFM_MAGPR_(X),efm/magpr_(x)/data,Measured magnetic signal,T,"(93, 78)",2,7254,float32,efm27929.nc
27930,EFM,EFM_MAGPR_(X),efm/magpr_(x)/data,Measured magnetic signal,T,"(105, 78)",2,8190,float32,efm27930 (1).nc
27931,EFM,EFM_MAGPR_(X),efm/magpr_(x)/data,Measured magnetic signal,T,"(80, 78)",2,6240,float32,efm27931.nc
27932,EFM,EFM_MAGPR_(X),efm/magpr_(x)/data,Measured magnetic signal,T,"(107, 78)",2,8346,float32,efm27932.nc
27933,EFM,EFM_MAGPR_(X),efm/magpr_(x)/data,Measured magnetic signal,T,"(84, 78)",2,6552,float32,efm27933.nc
27934,EFM,EFM_MAGPR_(X),efm/magpr_(x)/data,Measured magnetic signal,T,"(114, 78)",2,8892,float32,efm27934.nc
27935,EFM,EFM_MAGPR_(X),efm/magpr_(x)/data,Measured magnetic signal,T,"(110, 78)",2,8580,float32,efm27935.nc
27936,EFM,EFM_MAGPR_(X),efm/magpr_(x)/data,Measured magnetic signal,T,"(111, 78)",2,8658,float32,efm27936.nc
27937,EFM,EFM_MAGPR_(X),efm/magpr_(x)/data,Measured magnetic signal,T,"(95, 78)",2,7410,float32,efm27937.nc
27938,EFM,EFM_MAGPR_(X),efm/magpr_(x)/data,Measured magnetic signal,T,"(108, 78)",2,8424,float32,efm27938.nc
27929,EFM,EFM_MAGPR_ANG,efm/magpr_ang/data,Magnetic Probe Angle,deg,"(1, 78)",2,78,float32,efm27929.nc
27930,EFM,EFM_MAGPR_ANG,efm/magpr_ang/data,Magnetic Probe Angle,deg,"(1, 78)",2,78,float32,efm27930 (1).nc
27931,EFM,EFM_MAGPR_ANG,efm/magpr_ang/data,Magnetic Probe Angle,deg,"(1, 78)",2,78,float32,efm27931.nc
27932,EFM,EFM_MAGPR_ANG,efm/magpr_ang/data,Magnetic Probe Angle,deg,"(1, 78)",2,78,float32,efm27932.nc
27933,EFM,EFM_MAGPR_ANG,efm/magpr_ang/data,Magnetic Probe Angle,deg,"(1, 78)",2,78,float32,efm27933.nc
27934,EFM,EFM_MAGPR_ANG,efm/magpr_ang/data,Magnetic Probe Angle,deg,"(1, 78)",2,78,float32,efm27934.nc
27935,EFM,EFM_MAGPR_ANG,efm/magpr_ang/data,Magnetic Probe Angle,deg,"(1, 78)",2,78,float32,efm27935.nc
27936,EFM,EFM_MAGPR_ANG,efm/magpr_ang/data,Magnetic Probe Angle,deg,"(1, 78)",2,78,float32,efm27936.nc
27937,EFM,EFM_MAGPR_ANG,efm/magpr_ang/data,Magnetic Probe Angle,deg,"(1, 78)",2,78,float32,efm27937.nc
27938,EFM,EFM_MAGPR_ANG,efm/magpr_ang/data,Magnetic Probe Angle,deg,"(1, 78)",2,78,float32,efm27938.nc
27929,EFM,EFM_MAGPR_LEN,efm/magpr_len/data,Magnetic Probe Length,m,"(1, 78)",2,78,float32,efm27929.nc
27930,EFM,EFM_MAGPR_LEN,efm/magpr_len/data,Magnetic Probe Length,m,"(1, 78)",2,78,float32,efm27930 (1).nc
27931,EFM,EFM_MAGPR_LEN,efm/magpr_len/data,Magnetic Probe Length,m,"(1, 78)",2,78,float32,efm27931.nc
27932,EFM,EFM_MAGPR_LEN,efm/magpr_len/data,Magnetic Probe Length,m,"(1, 78)",2,78,float32,efm27932.nc
27933,EFM,EFM_MAGPR_LEN,efm/magpr_len/data,Magnetic Probe Length,m,"(1, 78)",2,78,float32,efm27933.nc
27934,EFM,EFM_MAGPR_LEN,efm/magpr_len/data,Magnetic Probe Length,m,"(1, 78)",2,78,float32,efm27934.nc
27935,EFM,EFM_MAGPR_LEN,efm/magpr_len/data,Magnetic Probe Length,m,"(1, 78)",2,78,float32,efm27935.nc
27936,EFM,EFM_MAGPR_LEN,efm/magpr_len/data,Magnetic Probe Length,m,"(1, 78)",2,78,float32,efm27936.nc
27937,EFM,EFM_MAGPR_LEN,efm/magpr_len/data,Magnetic Probe Length,m,"(1, 78)",2,78,float32,efm27937.nc
27938,EFM,EFM_MAGPR_LEN,efm/magpr_len/data,Magnetic Probe Length,m,"(1, 78)",2,78,float32,efm27938.nc
27929,EFM,EFM_MAGPR_N,efm/magpr_n/data,Number of Magnetic Probe,-,"(1,)",1,1,int32,efm27929.nc
27930,EFM,EFM_MAGPR_N,efm/magpr_n/data,Number of Magnetic Probe,-,"(1,)",1,1,int32,efm27930 (1).nc
27931,EFM,EFM_MAGPR_N,efm/magpr_n/data,Number of Magnetic Probe,-,"(1,)",1,1,int32,efm27931.nc
27932,EFM,EFM_MAGPR_N,efm/magpr_n/data,Number of Magnetic Probe,-,"(1,)",1,1,int32,efm27932.nc
27933,EFM,EFM_MAGPR_N,efm/magpr_n/data,Number of Magnetic Probe,-,"(1,)",1,1,int32,efm27933.nc
27934,EFM,EFM_MAGPR_N,efm/magpr_n/data,Number of Magnetic Probe,-,"(1,)",1,1,int32,efm27934.nc
27935,EFM,EFM_MAGPR_N,efm/magpr_n/data,Number of Magnetic Probe,-,"(1,)",1,1,int32,efm27935.nc
27936,EFM,EFM_MAGPR_N,efm/magpr_n/data,Number of Magnetic Probe,-,"(1,)",1,1,int32,efm27936.nc
27937,EFM,EFM_MAGPR_N,efm/magpr_n/data,Number of Magnetic Probe,-,"(1,)",1,1,int32,efm27937.nc
27938,EFM,EFM_MAGPR_N,efm/magpr_n/data,Number of Magnetic Probe,-,"(1,)",1,1,int32,efm27938.nc
27929,EFM,EFM_MAGPR_R,efm/magpr_r/data,Magnetic Probe Location,m,"(1, 78)",2,78,float32,efm27929.nc
27930,EFM,EFM_MAGPR_R,efm/magpr_r/data,Magnetic Probe Location,m,"(1, 78)",2,78,float32,efm27930 (1).nc
27931,EFM,EFM_MAGPR_R,efm/magpr_r/data,Magnetic Probe Location,m,"(1, 78)",2,78,float32,efm27931.nc
27932,EFM,EFM_MAGPR_R,efm/magpr_r/data,Magnetic Probe Location,m,"(1, 78)",2,78,float32,efm27932.nc
27933,EFM,EFM_MAGPR_R,efm/magpr_r/data,Magnetic Probe Location,m,"(1, 78)",2,78,float32,efm27933.nc
27934,EFM,EFM_MAGPR_R,efm/magpr_r/data,Magnetic Probe Location,m,"(1, 78)",2,78,float32,efm27934.nc
27935,EFM,EFM_MAGPR_R,efm/magpr_r/data,Magnetic Probe Location,m,"(1, 78)",2,78,float32,efm27935.nc
27936,EFM,EFM_MAGPR_R,efm/magpr_r/data,Magnetic Probe Location,m,"(1, 78)",2,78,float32,efm27936.nc
27937,EFM,EFM_MAGPR_R,efm/magpr_r/data,Magnetic Probe Location,m,"(1, 78)",2,78,float32,efm27937.nc
27938,EFM,EFM_MAGPR_R,efm/magpr_r/data,Magnetic Probe Location,m,"(1, 78)",2,78,float32,efm27938.nc
27929,EFM,EFM_MAGPR_Z,efm/magpr_z/data,Magnetic Probe Location,m,"(1, 78)",2,78,float32,efm27929.nc
27930,EFM,EFM_MAGPR_Z,efm/magpr_z/data,Magnetic Probe Location,m,"(1, 78)",2,78,float32,efm27930 (1).nc
27931,EFM,EFM_MAGPR_Z,efm/magpr_z/data,Magnetic Probe Location,m,"(1, 78)",2,78,float32,efm27931.nc
27932,EFM,EFM_MAGPR_Z,efm/magpr_z/data,Magnetic Probe Location,m,"(1, 78)",2,78,float32,efm27932.nc
27933,EFM,EFM_MAGPR_Z,efm/magpr_z/data,Magnetic Probe Location,m,"(1, 78)",2,78,float32,efm27933.nc
27934,EFM,EFM_MAGPR_Z,efm/magpr_z/data,Magnetic Probe Location,m,"(1, 78)",2,78,float32,efm27934.nc
27935,EFM,EFM_MAGPR_Z,efm/magpr_z/data,Magnetic Probe Location,m,"(1, 78)",2,78,float32,efm27935.nc
27936,EFM,EFM_MAGPR_Z,efm/magpr_z/data,Magnetic Probe Location,m,"(1, 78)",2,78,float32,efm27936.nc
27937,EFM,EFM_MAGPR_Z,efm/magpr_z/data,Magnetic Probe Location,m,"(1, 78)",2,78,float32,efm27937.nc
27938,EFM,EFM_MAGPR_Z,efm/magpr_z/data,Magnetic Probe Location,m,"(1, 78)",2,78,float32,efm27938.nc
27929,EFM,EFM_MINOR_RADIUS,efm/minor_radius/data,Minor Radius,m,"(80,)",1,80,float32,efm27929.nc
27930,EFM,EFM_MINOR_RADIUS,efm/minor_radius/data,Minor Radius,m,"(92,)",1,92,float32,efm27930 (1).nc
27931,EFM,EFM_MINOR_RADIUS,efm/minor_radius/data,Minor Radius,m,"(67,)",1,67,float32,efm27931.nc
27932,EFM,EFM_MINOR_RADIUS,efm/minor_radius/data,Minor Radius,m,"(94,)",1,94,float32,efm27932.nc
27933,EFM,EFM_MINOR_RADIUS,efm/minor_radius/data,Minor Radius,m,"(71,)",1,71,float32,efm27933.nc
27934,EFM,EFM_MINOR_RADIUS,efm/minor_radius/data,Minor Radius,m,"(98,)",1,98,float32,efm27934.nc
27935,EFM,EFM_MINOR_RADIUS,efm/minor_radius/data,Minor Radius,m,"(95,)",1,95,float32,efm27935.nc
27936,EFM,EFM_MINOR_RADIUS,efm/minor_radius/data,Minor Radius,m,"(96,)",1,96,float32,efm27936.nc
27937,EFM,EFM_MINOR_RADIUS,efm/minor_radius/data,Minor Radius,m,"(82,)",1,82,float32,efm27937.nc
27938,EFM,EFM_MINOR_RADIUS,efm/minor_radius/data,Minor Radius,m,"(94,)",1,94,float32,efm27938.nc
27929,EFM,EFM_NH,efm/nh/data,Number of grid points in,-,"(1,)",1,1,int32,efm27929.nc
27930,EFM,EFM_NH,efm/nh/data,Number of grid points in,-,"(1,)",1,1,int32,efm27930 (1).nc
27931,EFM,EFM_NH,efm/nh/data,Number of grid points in,-,"(1,)",1,1,int32,efm27931.nc
27932,EFM,EFM_NH,efm/nh/data,Number of grid points in,-,"(1,)",1,1,int32,efm27932.nc
27933,EFM,EFM_NH,efm/nh/data,Number of grid points in,-,"(1,)",1,1,int32,efm27933.nc
27934,EFM,EFM_NH,efm/nh/data,Number of grid points in,-,"(1,)",1,1,int32,efm27934.nc
27935,EFM,EFM_NH,efm/nh/data,Number of grid points in,-,"(1,)",1,1,int32,efm27935.nc
27936,EFM,EFM_NH,efm/nh/data,Number of grid points in,-,"(1,)",1,1,int32,efm27936.nc
27937,EFM,EFM_NH,efm/nh/data,Number of grid points in,-,"(1,)",1,1,int32,efm27937.nc
27938,EFM,EFM_NH,efm/nh/data,Number of grid points in,-,"(1,)",1,1,int32,efm27938.nc
27929,EFM,EFM_NPRESS,efm/npress/data,No. of pressure constrai,---,"(1,)",1,1,int32,efm27929.nc
27930,EFM,EFM_NPRESS,efm/npress/data,No. of pressure constrai,---,"(1,)",1,1,int32,efm27930 (1).nc
27931,EFM,EFM_NPRESS,efm/npress/data,No. of pressure constrai,---,"(1,)",1,1,int32,efm27931.nc
27932,EFM,EFM_NPRESS,efm/npress/data,No. of pressure constrai,---,"(1,)",1,1,int32,efm27932.nc
27933,EFM,EFM_NPRESS,efm/npress/data,No. of pressure constrai,---,"(1,)",1,1,int32,efm27933.nc
27934,EFM,EFM_NPRESS,efm/npress/data,No. of pressure constrai,---,"(1,)",1,1,int32,efm27934.nc
27935,EFM,EFM_NPRESS,efm/npress/data,No. of pressure constrai,---,"(1,)",1,1,int32,efm27935.nc
27936,EFM,EFM_NPRESS,efm/npress/data,No. of pressure constrai,---,"(1,)",1,1,int32,efm27936.nc
27937,EFM,EFM_NPRESS,efm/npress/data,No. of pressure constrai,---,"(1,)",1,1,int32,efm27937.nc
27938,EFM,EFM_NPRESS,efm/npress/data,No. of pressure constrai,---,"(1,)",1,1,int32,efm27938.nc
27929,EFM,EFM_NUM_ITERATIONS,efm/num_iterations/data,number of iterations,nounits,"(80,)",1,80,int32,efm27929.nc
27930,EFM,EFM_NUM_ITERATIONS,efm/num_iterations/data,number of iterations,nounits,"(92,)",1,92,int32,efm27930 (1).nc
27931,EFM,EFM_NUM_ITERATIONS,efm/num_iterations/data,number of iterations,nounits,"(67,)",1,67,int32,efm27931.nc
27932,EFM,EFM_NUM_ITERATIONS,efm/num_iterations/data,number of iterations,nounits,"(94,)",1,94,int32,efm27932.nc
27933,EFM,EFM_NUM_ITERATIONS,efm/num_iterations/data,number of iterations,nounits,"(71,)",1,71,int32,efm27933.nc
27934,EFM,EFM_NUM_ITERATIONS,efm/num_iterations/data,number of iterations,nounits,"(98,)",1,98,int32,efm27934.nc
27935,EFM,EFM_NUM_ITERATIONS,efm/num_iterations/data,number of iterations,nounits,"(95,)",1,95,int32,efm27935.nc
27936,EFM,EFM_NUM_ITERATIONS,efm/num_iterations/data,number of iterations,nounits,"(96,)",1,96,int32,efm27936.nc
27937,EFM,EFM_NUM_ITERATIONS,efm/num_iterations/data,number of iterations,nounits,"(82,)",1,82,int32,efm27937.nc
27938,EFM,EFM_NUM_ITERATIONS,efm/num_iterations/data,number of iterations,nounits,"(94,)",1,94,int32,efm27938.nc
27929,EFM,EFM_NW,efm/nw/data,Number of grid points in,-,"(1,)",1,1,int32,efm27929.nc
27930,EFM,EFM_NW,efm/nw/data,Number of grid points in,-,"(1,)",1,1,int32,efm27930 (1).nc
27931,EFM,EFM_NW,efm/nw/data,Number of grid points in,-,"(1,)",1,1,int32,efm27931.nc
27932,EFM,EFM_NW,efm/nw/data,Number of grid points in,-,"(1,)",1,1,int32,efm27932.nc
27933,EFM,EFM_NW,efm/nw/data,Number of grid points in,-,"(1,)",1,1,int32,efm27933.nc
27934,EFM,EFM_NW,efm/nw/data,Number of grid points in,-,"(1,)",1,1,int32,efm27934.nc
27935,EFM,EFM_NW,efm/nw/data,Number of grid points in,-,"(1,)",1,1,int32,efm27935.nc
27936,EFM,EFM_NW,efm/nw/data,Number of grid points in,-,"(1,)",1,1,int32,efm27936.nc
27937,EFM,EFM_NW,efm/nw/data,Number of grid points in,-,"(1,)",1,1,int32,efm27937.nc
27938,EFM,EFM_NW,efm/nw/data,Number of grid points in,-,"(1,)",1,1,int32,efm27938.nc
27929,EFM,EFM_P(PSI)_(C),efm/p(psi)_(c)/data,computed press (centre t,Pa,"(80, 65)",2,5200,float32,efm27929.nc
27930,EFM,EFM_P(PSI)_(C),efm/p(psi)_(c)/data,computed press (centre t,Pa,"(92, 65)",2,5980,float32,efm27930 (1).nc
27931,EFM,EFM_P(PSI)_(C),efm/p(psi)_(c)/data,computed press (centre t,Pa,"(67, 65)",2,4355,float32,efm27931.nc
27932,EFM,EFM_P(PSI)_(C),efm/p(psi)_(c)/data,computed press (centre t,Pa,"(94, 65)",2,6110,float32,efm27932.nc
27933,EFM,EFM_P(PSI)_(C),efm/p(psi)_(c)/data,computed press (centre t,Pa,"(71, 65)",2,4615,float32,efm27933.nc
27934,EFM,EFM_P(PSI)_(C),efm/p(psi)_(c)/data,computed press (centre t,Pa,"(98, 65)",2,6370,float32,efm27934.nc
27935,EFM,EFM_P(PSI)_(C),efm/p(psi)_(c)/data,computed press (centre t,Pa,"(95, 65)",2,6175,float32,efm27935.nc
27936,EFM,EFM_P(PSI)_(C),efm/p(psi)_(c)/data,computed press (centre t,Pa,"(96, 65)",2,6240,float32,efm27936.nc
27937,EFM,EFM_P(PSI)_(C),efm/p(psi)_(c)/data,computed press (centre t,Pa,"(82, 65)",2,5330,float32,efm27937.nc
27938,EFM,EFM_P(PSI)_(C),efm/p(psi)_(c)/data,computed press (centre t,Pa,"(94, 65)",2,6110,float32,efm27938.nc
27929,EFM,EFM_P(R)_(C),efm/p(r)_(c)/data,p(r) (total),Pa,"(80, 65)",2,5200,float32,efm27929.nc
27930,EFM,EFM_P(R)_(C),efm/p(r)_(c)/data,p(r) (total),Pa,"(92, 65)",2,5980,float32,efm27930 (1).nc
27931,EFM,EFM_P(R)_(C),efm/p(r)_(c)/data,p(r) (total),Pa,"(67, 65)",2,4355,float32,efm27931.nc
27932,EFM,EFM_P(R)_(C),efm/p(r)_(c)/data,p(r) (total),Pa,"(94, 65)",2,6110,float32,efm27932.nc
27933,EFM,EFM_P(R)_(C),efm/p(r)_(c)/data,p(r) (total),Pa,"(71, 65)",2,4615,float32,efm27933.nc
27934,EFM,EFM_P(R)_(C),efm/p(r)_(c)/data,p(r) (total),Pa,"(98, 65)",2,6370,float32,efm27934.nc
27935,EFM,EFM_P(R)_(C),efm/p(r)_(c)/data,p(r) (total),Pa,"(95, 65)",2,6175,float32,efm27935.nc
27936,EFM,EFM_P(R)_(C),efm/p(r)_(c)/data,p(r) (total),Pa,"(96, 65)",2,6240,float32,efm27936.nc
27937,EFM,EFM_P(R)_(C),efm/p(r)_(c)/data,p(r) (total),Pa,"(82, 65)",2,5330,float32,efm27937.nc
27938,EFM,EFM_P(R)_(C),efm/p(r)_(c)/data,p(r) (total),Pa,"(94, 65)",2,6110,float32,efm27938.nc
27929,EFM,EFM_P2A(R)_(C),efm/p2a(r)_(c)/data,p(r) (non-rotational par,Pa,"(80, 65)",2,5200,float32,efm27929.nc
27930,EFM,EFM_P2A(R)_(C),efm/p2a(r)_(c)/data,p(r) (non-rotational par,Pa,"(92, 65)",2,5980,float32,efm27930 (1).nc
27931,EFM,EFM_P2A(R)_(C),efm/p2a(r)_(c)/data,p(r) (non-rotational par,Pa,"(67, 65)",2,4355,float32,efm27931.nc
27932,EFM,EFM_P2A(R)_(C),efm/p2a(r)_(c)/data,p(r) (non-rotational par,Pa,"(94, 65)",2,6110,float32,efm27932.nc
27933,EFM,EFM_P2A(R)_(C),efm/p2a(r)_(c)/data,p(r) (non-rotational par,Pa,"(71, 65)",2,4615,float32,efm27933.nc
27934,EFM,EFM_P2A(R)_(C),efm/p2a(r)_(c)/data,p(r) (non-rotational par,Pa,"(98, 65)",2,6370,float32,efm27934.nc
27935,EFM,EFM_P2A(R)_(C),efm/p2a(r)_(c)/data,p(r) (non-rotational par,Pa,"(95, 65)",2,6175,float32,efm27935.nc
27936,EFM,EFM_P2A(R)_(C),efm/p2a(r)_(c)/data,p(r) (non-rotational par,Pa,"(96, 65)",2,6240,float32,efm27936.nc
27937,EFM,EFM_P2A(R)_(C),efm/p2a(r)_(c)/data,p(r) (non-rotational par,Pa,"(82, 65)",2,5330,float32,efm27937.nc
27938,EFM,EFM_P2A(R)_(C),efm/p2a(r)_(c)/data,p(r) (non-rotational par,Pa,"(94, 65)",2,6110,float32,efm27938.nc
27929,EFM,EFM_P2B(R)_(C),efm/p2b(r)_(c)/data,pw(r) (rotational part),Pa,"(80, 65)",2,5200,float32,efm27929.nc
27930,EFM,EFM_P2B(R)_(C),efm/p2b(r)_(c)/data,pw(r) (rotational part),Pa,"(92, 65)",2,5980,float32,efm27930 (1).nc
27931,EFM,EFM_P2B(R)_(C),efm/p2b(r)_(c)/data,pw(r) (rotational part),Pa,"(67, 65)",2,4355,float32,efm27931.nc
27932,EFM,EFM_P2B(R)_(C),efm/p2b(r)_(c)/data,pw(r) (rotational part),Pa,"(94, 65)",2,6110,float32,efm27932.nc
27933,EFM,EFM_P2B(R)_(C),efm/p2b(r)_(c)/data,pw(r) (rotational part),Pa,"(71, 65)",2,4615,float32,efm27933.nc
27934,EFM,EFM_P2B(R)_(C),efm/p2b(r)_(c)/data,pw(r) (rotational part),Pa,"(98, 65)",2,6370,float32,efm27934.nc
27935,EFM,EFM_P2B(R)_(C),efm/p2b(r)_(c)/data,pw(r) (rotational part),Pa,"(95, 65)",2,6175,float32,efm27935.nc
27936,EFM,EFM_P2B(R)_(C),efm/p2b(r)_(c)/data,pw(r) (rotational part),Pa,"(96, 65)",2,6240,float32,efm27936.nc
27937,EFM,EFM_P2B(R)_(C),efm/p2b(r)_(c)/data,pw(r) (rotational part),Pa,"(82, 65)",2,5330,float32,efm27937.nc
27938,EFM,EFM_P2B(R)_(C),efm/p2b(r)_(c)/data,pw(r) (rotational part),Pa,"(94, 65)",2,6110,float32,efm27938.nc
27929,EFM,EFM_P2C(R)_(C),efm/p2c(r)_(c)/data,contribution of pw(r) to,Pa,"(80, 65)",2,5200,float32,efm27929.nc
27930,EFM,EFM_P2C(R)_(C),efm/p2c(r)_(c)/data,contribution of pw(r) to,Pa,"(92, 65)",2,5980,float32,efm27930 (1).nc
27931,EFM,EFM_P2C(R)_(C),efm/p2c(r)_(c)/data,contribution of pw(r) to,Pa,"(67, 65)",2,4355,float32,efm27931.nc
27932,EFM,EFM_P2C(R)_(C),efm/p2c(r)_(c)/data,contribution of pw(r) to,Pa,"(94, 65)",2,6110,float32,efm27932.nc
27933,EFM,EFM_P2C(R)_(C),efm/p2c(r)_(c)/data,contribution of pw(r) to,Pa,"(71, 65)",2,4615,float32,efm27933.nc
27934,EFM,EFM_P2C(R)_(C),efm/p2c(r)_(c)/data,contribution of pw(r) to,Pa,"(98, 65)",2,6370,float32,efm27934.nc
27935,EFM,EFM_P2C(R)_(C),efm/p2c(r)_(c)/data,contribution of pw(r) to,Pa,"(95, 65)",2,6175,float32,efm27935.nc
27936,EFM,EFM_P2C(R)_(C),efm/p2c(r)_(c)/data,contribution of pw(r) to,Pa,"(96, 65)",2,6240,float32,efm27936.nc
27937,EFM,EFM_P2C(R)_(C),efm/p2c(r)_(c)/data,contribution of pw(r) to,Pa,"(82, 65)",2,5330,float32,efm27937.nc
27938,EFM,EFM_P2C(R)_(C),efm/p2c(r)_(c)/data,contribution of pw(r) to,Pa,"(94, 65)",2,6110,float32,efm27938.nc
27929,EFM,EFM_PASSNUMBER,efm/passnumber/data,Pass,Pass,"(1,)",1,1,int32,efm27929.nc
27930,EFM,EFM_PASSNUMBER,efm/passnumber/data,Pass,Pass,"(1,)",1,1,int32,efm27930 (1).nc
27931,EFM,EFM_PASSNUMBER,efm/passnumber/data,Pass,Pass,"(1,)",1,1,int32,efm27931.nc
27932,EFM,EFM_PASSNUMBER,efm/passnumber/data,Pass,Pass,"(1,)",1,1,int32,efm27932.nc
27933,EFM,EFM_PASSNUMBER,efm/passnumber/data,Pass,Pass,"(1,)",1,1,int32,efm27933.nc
27934,EFM,EFM_PASSNUMBER,efm/passnumber/data,Pass,Pass,"(1,)",1,1,int32,efm27934.nc
27935,EFM,EFM_PASSNUMBER,efm/passnumber/data,Pass,Pass,"(1,)",1,1,int32,efm27935.nc
27936,EFM,EFM_PASSNUMBER,efm/passnumber/data,Pass,Pass,"(1,)",1,1,int32,efm27936.nc
27937,EFM,EFM_PASSNUMBER,efm/passnumber/data,Pass,Pass,"(1,)",1,1,int32,efm27937.nc
27938,EFM,EFM_PASSNUMBER,efm/passnumber/data,Pass,Pass,"(1,)",1,1,int32,efm27938.nc
27929,EFM,EFM_PCURBD,efm/pcurbd/data,PPrime Boundary Conditio,-,"(1,)",1,1,float32,efm27929.nc
27930,EFM,EFM_PCURBD,efm/pcurbd/data,PPrime Boundary Conditio,-,"(1,)",1,1,float32,efm27930 (1).nc
27931,EFM,EFM_PCURBD,efm/pcurbd/data,PPrime Boundary Conditio,-,"(1,)",1,1,float32,efm27931.nc
27932,EFM,EFM_PCURBD,efm/pcurbd/data,PPrime Boundary Conditio,-,"(1,)",1,1,float32,efm27932.nc
27933,EFM,EFM_PCURBD,efm/pcurbd/data,PPrime Boundary Conditio,-,"(1,)",1,1,float32,efm27933.nc
27934,EFM,EFM_PCURBD,efm/pcurbd/data,PPrime Boundary Conditio,-,"(1,)",1,1,float32,efm27934.nc
27935,EFM,EFM_PCURBD,efm/pcurbd/data,PPrime Boundary Conditio,-,"(1,)",1,1,float32,efm27935.nc
27936,EFM,EFM_PCURBD,efm/pcurbd/data,PPrime Boundary Conditio,-,"(1,)",1,1,float32,efm27936.nc
27937,EFM,EFM_PCURBD,efm/pcurbd/data,PPrime Boundary Conditio,-,"(1,)",1,1,float32,efm27937.nc
27938,EFM,EFM_PCURBD,efm/pcurbd/data,PPrime Boundary Conditio,-,"(1,)",1,1,float32,efm27938.nc
27929,EFM,EFM_PLASMA_AREA,efm/plasma_area/data,Plasma Area,m**2,"(80,)",1,80,float32,efm27929.nc
27930,EFM,EFM_PLASMA_AREA,efm/plasma_area/data,Plasma Area,m**2,"(92,)",1,92,float32,efm27930 (1).nc
27931,EFM,EFM_PLASMA_AREA,efm/plasma_area/data,Plasma Area,m**2,"(67,)",1,67,float32,efm27931.nc
27932,EFM,EFM_PLASMA_AREA,efm/plasma_area/data,Plasma Area,m**2,"(94,)",1,94,float32,efm27932.nc
27933,EFM,EFM_PLASMA_AREA,efm/plasma_area/data,Plasma Area,m**2,"(71,)",1,71,float32,efm27933.nc
27934,EFM,EFM_PLASMA_AREA,efm/plasma_area/data,Plasma Area,m**2,"(98,)",1,98,float32,efm27934.nc
27935,EFM,EFM_PLASMA_AREA,efm/plasma_area/data,Plasma Area,m**2,"(95,)",1,95,float32,efm27935.nc
27936,EFM,EFM_PLASMA_AREA,efm/plasma_area/data,Plasma Area,m**2,"(96,)",1,96,float32,efm27936.nc
27937,EFM,EFM_PLASMA_AREA,efm/plasma_area/data,Plasma Area,m**2,"(82,)",1,82,float32,efm27937.nc
27938,EFM,EFM_PLASMA_AREA,efm/plasma_area/data,Plasma Area,m**2,"(94,)",1,94,float32,efm27938.nc
27929,EFM,EFM_PLASMA_CURR(C),efm/plasma_curr(c)/data,Computed Plasma Current,A,"(80,)",1,80,float32,efm27929.nc
27930,EFM,EFM_PLASMA_CURR(C),efm/plasma_curr(c)/data,Computed Plasma Current,A,"(92,)",1,92,float32,efm27930 (1).nc
27931,EFM,EFM_PLASMA_CURR(C),efm/plasma_curr(c)/data,Computed Plasma Current,A,"(67,)",1,67,float32,efm27931.nc
27932,EFM,EFM_PLASMA_CURR(C),efm/plasma_curr(c)/data,Computed Plasma Current,A,"(94,)",1,94,float32,efm27932.nc
27933,EFM,EFM_PLASMA_CURR(C),efm/plasma_curr(c)/data,Computed Plasma Current,A,"(71,)",1,71,float32,efm27933.nc
27934,EFM,EFM_PLASMA_CURR(C),efm/plasma_curr(c)/data,Computed Plasma Current,A,"(98,)",1,98,float32,efm27934.nc
27935,EFM,EFM_PLASMA_CURR(C),efm/plasma_curr(c)/data,Computed Plasma Current,A,"(95,)",1,95,float32,efm27935.nc
27936,EFM,EFM_PLASMA_CURR(C),efm/plasma_curr(c)/data,Computed Plasma Current,A,"(96,)",1,96,float32,efm27936.nc
27937,EFM,EFM_PLASMA_CURR(C),efm/plasma_curr(c)/data,Computed Plasma Current,A,"(82,)",1,82,float32,efm27937.nc
27938,EFM,EFM_PLASMA_CURR(C),efm/plasma_curr(c)/data,Computed Plasma Current,A,"(94,)",1,94,float32,efm27938.nc
27929,EFM,"EFM_PLASMA_CURR(R,Z)","efm/plasma_curr(r,z)/data","J(r,z)",A/m^2,"(80, 65, 65)",3,338000,float32,efm27929.nc
27930,EFM,"EFM_PLASMA_CURR(R,Z)","efm/plasma_curr(r,z)/data","J(r,z)",A/m^2,"(92, 65, 65)",3,388700,float32,efm27930 (1).nc
27931,EFM,"EFM_PLASMA_CURR(R,Z)","efm/plasma_curr(r,z)/data","J(r,z)",A/m^2,"(67, 65, 65)",3,283075,float32,efm27931.nc
27932,EFM,"EFM_PLASMA_CURR(R,Z)","efm/plasma_curr(r,z)/data","J(r,z)",A/m^2,"(94, 65, 65)",3,397150,float32,efm27932.nc
27933,EFM,"EFM_PLASMA_CURR(R,Z)","efm/plasma_curr(r,z)/data","J(r,z)",A/m^2,"(71, 65, 65)",3,299975,float32,efm27933.nc
27934,EFM,"EFM_PLASMA_CURR(R,Z)","efm/plasma_curr(r,z)/data","J(r,z)",A/m^2,"(98, 65, 65)",3,414050,float32,efm27934.nc
27935,EFM,"EFM_PLASMA_CURR(R,Z)","efm/plasma_curr(r,z)/data","J(r,z)",A/m^2,"(95, 65, 65)",3,401375,float32,efm27935.nc
27936,EFM,"EFM_PLASMA_CURR(R,Z)","efm/plasma_curr(r,z)/data","J(r,z)",A/m^2,"(96, 65, 65)",3,405600,float32,efm27936.nc
27937,EFM,"EFM_PLASMA_CURR(R,Z)","efm/plasma_curr(r,z)/data","J(r,z)",A/m^2,"(82, 65, 65)",3,346450,float32,efm27937.nc
27938,EFM,"EFM_PLASMA_CURR(R,Z)","efm/plasma_curr(r,z)/data","J(r,z)",A/m^2,"(94, 65, 65)",3,397150,float32,efm27938.nc
27929,EFM,EFM_PLASMA_CURR(X),efm/plasma_curr(x)/data,Measured Plasma Current,A,"(93,)",1,93,float32,efm27929.nc
27930,EFM,EFM_PLASMA_CURR(X),efm/plasma_curr(x)/data,Measured Plasma Current,A,"(105,)",1,105,float32,efm27930 (1).nc
27931,EFM,EFM_PLASMA_CURR(X),efm/plasma_curr(x)/data,Measured Plasma Current,A,"(80,)",1,80,float32,efm27931.nc
27932,EFM,EFM_PLASMA_CURR(X),efm/plasma_curr(x)/data,Measured Plasma Current,A,"(107,)",1,107,float32,efm27932.nc
27933,EFM,EFM_PLASMA_CURR(X),efm/plasma_curr(x)/data,Measured Plasma Current,A,"(84,)",1,84,float32,efm27933.nc
27934,EFM,EFM_PLASMA_CURR(X),efm/plasma_curr(x)/data,Measured Plasma Current,A,"(114,)",1,114,float32,efm27934.nc
27935,EFM,EFM_PLASMA_CURR(X),efm/plasma_curr(x)/data,Measured Plasma Current,A,"(110,)",1,110,float32,efm27935.nc
27936,EFM,EFM_PLASMA_CURR(X),efm/plasma_curr(x)/data,Measured Plasma Current,A,"(111,)",1,111,float32,efm27936.nc
27937,EFM,EFM_PLASMA_CURR(X),efm/plasma_curr(x)/data,Measured Plasma Current,A,"(95,)",1,95,float32,efm27937.nc
27938,EFM,EFM_PLASMA_CURR(X),efm/plasma_curr(x)/data,Measured Plasma Current,A,"(108,)",1,108,float32,efm27938.nc
27929,EFM,EFM_PLASMA_ENERGY,efm/plasma_energy/data,Plasma Thermal Energy:3/,J,"(80,)",1,80,float32,efm27929.nc
27930,EFM,EFM_PLASMA_ENERGY,efm/plasma_energy/data,Plasma Thermal Energy:3/,J,"(92,)",1,92,float32,efm27930 (1).nc
27931,EFM,EFM_PLASMA_ENERGY,efm/plasma_energy/data,Plasma Thermal Energy:3/,J,"(67,)",1,67,float32,efm27931.nc
27932,EFM,EFM_PLASMA_ENERGY,efm/plasma_energy/data,Plasma Thermal Energy:3/,J,"(94,)",1,94,float32,efm27932.nc
27933,EFM,EFM_PLASMA_ENERGY,efm/plasma_energy/data,Plasma Thermal Energy:3/,J,"(71,)",1,71,float32,efm27933.nc
27934,EFM,EFM_PLASMA_ENERGY,efm/plasma_energy/data,Plasma Thermal Energy:3/,J,"(98,)",1,98,float32,efm27934.nc
27935,EFM,EFM_PLASMA_ENERGY,efm/plasma_energy/data,Plasma Thermal Energy:3/,J,"(95,)",1,95,float32,efm27935.nc
27936,EFM,EFM_PLASMA_ENERGY,efm/plasma_energy/data,Plasma Thermal Energy:3/,J,"(96,)",1,96,float32,efm27936.nc
27937,EFM,EFM_PLASMA_ENERGY,efm/plasma_energy/data,Plasma Thermal Energy:3/,J,"(82,)",1,82,float32,efm27937.nc
27938,EFM,EFM_PLASMA_ENERGY,efm/plasma_energy/data,Plasma Thermal Energy:3/,J,"(94,)",1,94,float32,efm27938.nc
27929,EFM,EFM_PLASMA_VOLUME,efm/plasma_volume/data,Plasma Volume,m**3,"(80,)",1,80,float32,efm27929.nc
27930,EFM,EFM_PLASMA_VOLUME,efm/plasma_volume/data,Plasma Volume,m**3,"(92,)",1,92,float32,efm27930 (1).nc
27931,EFM,EFM_PLASMA_VOLUME,efm/plasma_volume/data,Plasma Volume,m**3,"(67,)",1,67,float32,efm27931.nc
27932,EFM,EFM_PLASMA_VOLUME,efm/plasma_volume/data,Plasma Volume,m**3,"(94,)",1,94,float32,efm27932.nc
27933,EFM,EFM_PLASMA_VOLUME,efm/plasma_volume/data,Plasma Volume,m**3,"(71,)",1,71,float32,efm27933.nc
27934,EFM,EFM_PLASMA_VOLUME,efm/plasma_volume/data,Plasma Volume,m**3,"(98,)",1,98,float32,efm27934.nc
27935,EFM,EFM_PLASMA_VOLUME,efm/plasma_volume/data,Plasma Volume,m**3,"(95,)",1,95,float32,efm27935.nc
27936,EFM,EFM_PLASMA_VOLUME,efm/plasma_volume/data,Plasma Volume,m**3,"(96,)",1,96,float32,efm27936.nc
27937,EFM,EFM_PLASMA_VOLUME,efm/plasma_volume/data,Plasma Volume,m**3,"(82,)",1,82,float32,efm27937.nc
27938,EFM,EFM_PLASMA_VOLUME,efm/plasma_volume/data,Plasma Volume,m**3,"(94,)",1,94,float32,efm27938.nc
27929,EFM,EFM_POL_LENGTH,efm/pol_length/data,pol lengths of flux surf,m,"(80, 65)",2,5200,float32,efm27929.nc
27930,EFM,EFM_POL_LENGTH,efm/pol_length/data,pol lengths of flux surf,m,"(92, 65)",2,5980,float32,efm27930 (1).nc
27931,EFM,EFM_POL_LENGTH,efm/pol_length/data,pol lengths of flux surf,m,"(67, 65)",2,4355,float32,efm27931.nc
27932,EFM,EFM_POL_LENGTH,efm/pol_length/data,pol lengths of flux surf,m,"(94, 65)",2,6110,float32,efm27932.nc
27933,EFM,EFM_POL_LENGTH,efm/pol_length/data,pol lengths of flux surf,m,"(71, 65)",2,4615,float32,efm27933.nc
27934,EFM,EFM_POL_LENGTH,efm/pol_length/data,pol lengths of flux surf,m,"(98, 65)",2,6370,float32,efm27934.nc
27935,EFM,EFM_POL_LENGTH,efm/pol_length/data,pol lengths of flux surf,m,"(95, 65)",2,6175,float32,efm27935.nc
27936,EFM,EFM_POL_LENGTH,efm/pol_length/data,pol lengths of flux surf,m,"(96, 65)",2,6240,float32,efm27936.nc
27937,EFM,EFM_POL_LENGTH,efm/pol_length/data,pol lengths of flux surf,m,"(82, 65)",2,5330,float32,efm27937.nc
27938,EFM,EFM_POL_LENGTH,efm/pol_length/data,pol lengths of flux surf,m,"(94, 65)",2,6110,float32,efm27938.nc
27929,EFM,EFM_PPRIME,efm/pprime/data,pprime (centre to edge),Pa-rad/Wb,"(80, 65)",2,5200,float32,efm27929.nc
27930,EFM,EFM_PPRIME,efm/pprime/data,pprime (centre to edge),Pa-rad/Wb,"(92, 65)",2,5980,float32,efm27930 (1).nc
27931,EFM,EFM_PPRIME,efm/pprime/data,pprime (centre to edge),Pa-rad/Wb,"(67, 65)",2,4355,float32,efm27931.nc
27932,EFM,EFM_PPRIME,efm/pprime/data,pprime (centre to edge),Pa-rad/Wb,"(94, 65)",2,6110,float32,efm27932.nc
27933,EFM,EFM_PPRIME,efm/pprime/data,pprime (centre to edge),Pa-rad/Wb,"(71, 65)",2,4615,float32,efm27933.nc
27934,EFM,EFM_PPRIME,efm/pprime/data,pprime (centre to edge),Pa-rad/Wb,"(98, 65)",2,6370,float32,efm27934.nc
27935,EFM,EFM_PPRIME,efm/pprime/data,pprime (centre to edge),Pa-rad/Wb,"(95, 65)",2,6175,float32,efm27935.nc
27936,EFM,EFM_PPRIME,efm/pprime/data,pprime (centre to edge),Pa-rad/Wb,"(96, 65)",2,6240,float32,efm27936.nc
27937,EFM,EFM_PPRIME,efm/pprime/data,pprime (centre to edge),Pa-rad/Wb,"(82, 65)",2,5330,float32,efm27937.nc
27938,EFM,EFM_PPRIME,efm/pprime/data,pprime (centre to edge),Pa-rad/Wb,"(94, 65)",2,6110,float32,efm27938.nc
27929,EFM,EFM_PPRIMEW,efm/pprimew/data,prpime(rot) (centre to e,Pa-ra/Wb,"(80, 65)",2,5200,float32,efm27929.nc
27930,EFM,EFM_PPRIMEW,efm/pprimew/data,prpime(rot) (centre to e,Pa-ra/Wb,"(92, 65)",2,5980,float32,efm27930 (1).nc
27931,EFM,EFM_PPRIMEW,efm/pprimew/data,prpime(rot) (centre to e,Pa-ra/Wb,"(67, 65)",2,4355,float32,efm27931.nc
27932,EFM,EFM_PPRIMEW,efm/pprimew/data,prpime(rot) (centre to e,Pa-ra/Wb,"(94, 65)",2,6110,float32,efm27932.nc
27933,EFM,EFM_PPRIMEW,efm/pprimew/data,prpime(rot) (centre to e,Pa-ra/Wb,"(71, 65)",2,4615,float32,efm27933.nc
27934,EFM,EFM_PPRIMEW,efm/pprimew/data,prpime(rot) (centre to e,Pa-ra/Wb,"(98, 65)",2,6370,float32,efm27934.nc
27935,EFM,EFM_PPRIMEW,efm/pprimew/data,prpime(rot) (centre to e,Pa-ra/Wb,"(95, 65)",2,6175,float32,efm27935.nc
27936,EFM,EFM_PPRIMEW,efm/pprimew/data,prpime(rot) (centre to e,Pa-ra/Wb,"(96, 65)",2,6240,float32,efm27936.nc
27937,EFM,EFM_PPRIMEW,efm/pprimew/data,prpime(rot) (centre to e,Pa-ra/Wb,"(82, 65)",2,5330,float32,efm27937.nc
27938,EFM,EFM_PPRIMEW,efm/pprimew/data,prpime(rot) (centre to e,Pa-ra/Wb,"(94, 65)",2,6110,float32,efm27938.nc
27929,EFM,EFM_PPRIME_COEFS,efm/pprime_coefs/data,PPrime Coefs,--,"(80, 2)",2,160,float32,efm27929.nc
27930,EFM,EFM_PPRIME_COEFS,efm/pprime_coefs/data,PPrime Coefs,--,"(92, 2)",2,184,float32,efm27930 (1).nc
27931,EFM,EFM_PPRIME_COEFS,efm/pprime_coefs/data,PPrime Coefs,--,"(67, 2)",2,134,float32,efm27931.nc
27932,EFM,EFM_PPRIME_COEFS,efm/pprime_coefs/data,PPrime Coefs,--,"(94, 2)",2,188,float32,efm27932.nc
27933,EFM,EFM_PPRIME_COEFS,efm/pprime_coefs/data,PPrime Coefs,--,"(71, 2)",2,142,float32,efm27933.nc
27934,EFM,EFM_PPRIME_COEFS,efm/pprime_coefs/data,PPrime Coefs,--,"(98, 2)",2,196,float32,efm27934.nc
27935,EFM,EFM_PPRIME_COEFS,efm/pprime_coefs/data,PPrime Coefs,--,"(95, 2)",2,190,float32,efm27935.nc
27936,EFM,EFM_PPRIME_COEFS,efm/pprime_coefs/data,PPrime Coefs,--,"(96, 2)",2,192,float32,efm27936.nc
27937,EFM,EFM_PPRIME_COEFS,efm/pprime_coefs/data,PPrime Coefs,--,"(82, 2)",2,164,float32,efm27937.nc
27938,EFM,EFM_PPRIME_COEFS,efm/pprime_coefs/data,PPrime Coefs,--,"(94, 2)",2,188,float32,efm27938.nc
27929,EFM,EFM_PSI(R),efm/psi(r)/data,psi(r) at z=0.,-,"(80, 65)",2,5200,float32,efm27929.nc
27930,EFM,EFM_PSI(R),efm/psi(r)/data,psi(r) at z=0.,-,"(92, 65)",2,5980,float32,efm27930 (1).nc
27931,EFM,EFM_PSI(R),efm/psi(r)/data,psi(r) at z=0.,-,"(67, 65)",2,4355,float32,efm27931.nc
27932,EFM,EFM_PSI(R),efm/psi(r)/data,psi(r) at z=0.,-,"(94, 65)",2,6110,float32,efm27932.nc
27933,EFM,EFM_PSI(R),efm/psi(r)/data,psi(r) at z=0.,-,"(71, 65)",2,4615,float32,efm27933.nc
27934,EFM,EFM_PSI(R),efm/psi(r)/data,psi(r) at z=0.,-,"(98, 65)",2,6370,float32,efm27934.nc
27935,EFM,EFM_PSI(R),efm/psi(r)/data,psi(r) at z=0.,-,"(95, 65)",2,6175,float32,efm27935.nc
27936,EFM,EFM_PSI(R),efm/psi(r)/data,psi(r) at z=0.,-,"(96, 65)",2,6240,float32,efm27936.nc
27937,EFM,EFM_PSI(R),efm/psi(r)/data,psi(r) at z=0.,-,"(82, 65)",2,5330,float32,efm27937.nc
27938,EFM,EFM_PSI(R),efm/psi(r)/data,psi(r) at z=0.,-,"(94, 65)",2,6110,float32,efm27938.nc
27929,EFM,"EFM_PSI(R,Z)","efm/psi(r,z)/data","psi(r,z)",Wb/rad,"(93, 65, 65)",3,392925,float32,efm27929.nc
27930,EFM,"EFM_PSI(R,Z)","efm/psi(r,z)/data","psi(r,z)",Wb/rad,"(105, 65, 65)",3,443625,float32,efm27930 (1).nc
27931,EFM,"EFM_PSI(R,Z)","efm/psi(r,z)/data","psi(r,z)",Wb/rad,"(80, 65, 65)",3,338000,float32,efm27931.nc
27932,EFM,"EFM_PSI(R,Z)","efm/psi(r,z)/data","psi(r,z)",Wb/rad,"(107, 65, 65)",3,452075,float32,efm27932.nc
27933,EFM,"EFM_PSI(R,Z)","efm/psi(r,z)/data","psi(r,z)",Wb/rad,"(84, 65, 65)",3,354900,float32,efm27933.nc
27934,EFM,"EFM_PSI(R,Z)","efm/psi(r,z)/data","psi(r,z)",Wb/rad,"(114, 65, 65)",3,481650,float32,efm27934.nc
27935,EFM,"EFM_PSI(R,Z)","efm/psi(r,z)/data","psi(r,z)",Wb/rad,"(110, 65, 65)",3,464750,float32,efm27935.nc
27936,EFM,"EFM_PSI(R,Z)","efm/psi(r,z)/data","psi(r,z)",Wb/rad,"(111, 65, 65)",3,468975,float32,efm27936.nc
27937,EFM,"EFM_PSI(R,Z)","efm/psi(r,z)/data","psi(r,z)",Wb/rad,"(95, 65, 65)",3,401375,float32,efm27937.nc
27938,EFM,"EFM_PSI(R,Z)","efm/psi(r,z)/data","psi(r,z)",Wb/rad,"(108, 65, 65)",3,456300,float32,efm27938.nc
27929,EFM,EFM_PSI_AXIS,efm/psi_axis/data,Poloidal flux on axis,Wb/rad,"(80,)",1,80,float32,efm27929.nc
27930,EFM,EFM_PSI_AXIS,efm/psi_axis/data,Poloidal flux on axis,Wb/rad,"(92,)",1,92,float32,efm27930 (1).nc
27931,EFM,EFM_PSI_AXIS,efm/psi_axis/data,Poloidal flux on axis,Wb/rad,"(67,)",1,67,float32,efm27931.nc
27932,EFM,EFM_PSI_AXIS,efm/psi_axis/data,Poloidal flux on axis,Wb/rad,"(94,)",1,94,float32,efm27932.nc
27933,EFM,EFM_PSI_AXIS,efm/psi_axis/data,Poloidal flux on axis,Wb/rad,"(71,)",1,71,float32,efm27933.nc
27934,EFM,EFM_PSI_AXIS,efm/psi_axis/data,Poloidal flux on axis,Wb/rad,"(98,)",1,98,float32,efm27934.nc
27935,EFM,EFM_PSI_AXIS,efm/psi_axis/data,Poloidal flux on axis,Wb/rad,"(95,)",1,95,float32,efm27935.nc
27936,EFM,EFM_PSI_AXIS,efm/psi_axis/data,Poloidal flux on axis,Wb/rad,"(96,)",1,96,float32,efm27936.nc
27937,EFM,EFM_PSI_AXIS,efm/psi_axis/data,Poloidal flux on axis,Wb/rad,"(82,)",1,82,float32,efm27937.nc
27938,EFM,EFM_PSI_AXIS,efm/psi_axis/data,Poloidal flux on axis,Wb/rad,"(94,)",1,94,float32,efm27938.nc
27929,EFM,EFM_PSI_BOUNDARY,efm/psi_boundary/data,Poloidal flux at boundar,Wb/rad,"(80,)",1,80,float32,efm27929.nc
27930,EFM,EFM_PSI_BOUNDARY,efm/psi_boundary/data,Poloidal flux at boundar,Wb/rad,"(92,)",1,92,float32,efm27930 (1).nc
27931,EFM,EFM_PSI_BOUNDARY,efm/psi_boundary/data,Poloidal flux at boundar,Wb/rad,"(67,)",1,67,float32,efm27931.nc
27932,EFM,EFM_PSI_BOUNDARY,efm/psi_boundary/data,Poloidal flux at boundar,Wb/rad,"(94,)",1,94,float32,efm27932.nc
27933,EFM,EFM_PSI_BOUNDARY,efm/psi_boundary/data,Poloidal flux at boundar,Wb/rad,"(71,)",1,71,float32,efm27933.nc
27934,EFM,EFM_PSI_BOUNDARY,efm/psi_boundary/data,Poloidal flux at boundar,Wb/rad,"(98,)",1,98,float32,efm27934.nc
27935,EFM,EFM_PSI_BOUNDARY,efm/psi_boundary/data,Poloidal flux at boundar,Wb/rad,"(95,)",1,95,float32,efm27935.nc
27936,EFM,EFM_PSI_BOUNDARY,efm/psi_boundary/data,Poloidal flux at boundar,Wb/rad,"(96,)",1,96,float32,efm27936.nc
27937,EFM,EFM_PSI_BOUNDARY,efm/psi_boundary/data,Poloidal flux at boundar,Wb/rad,"(82,)",1,82,float32,efm27937.nc
27938,EFM,EFM_PSI_BOUNDARY,efm/psi_boundary/data,Poloidal flux at boundar,Wb/rad,"(94,)",1,94,float32,efm27938.nc
27929,EFM,EFM_PW(PSI)_(C),efm/pw(psi)_(c)/data,computed rotational pres,Pa,"(80, 65)",2,5200,float32,efm27929.nc
27930,EFM,EFM_PW(PSI)_(C),efm/pw(psi)_(c)/data,computed rotational pres,Pa,"(92, 65)",2,5980,float32,efm27930 (1).nc
27931,EFM,EFM_PW(PSI)_(C),efm/pw(psi)_(c)/data,computed rotational pres,Pa,"(67, 65)",2,4355,float32,efm27931.nc
27932,EFM,EFM_PW(PSI)_(C),efm/pw(psi)_(c)/data,computed rotational pres,Pa,"(94, 65)",2,6110,float32,efm27932.nc
27933,EFM,EFM_PW(PSI)_(C),efm/pw(psi)_(c)/data,computed rotational pres,Pa,"(71, 65)",2,4615,float32,efm27933.nc
27934,EFM,EFM_PW(PSI)_(C),efm/pw(psi)_(c)/data,computed rotational pres,Pa,"(98, 65)",2,6370,float32,efm27934.nc
27935,EFM,EFM_PW(PSI)_(C),efm/pw(psi)_(c)/data,computed rotational pres,Pa,"(95, 65)",2,6175,float32,efm27935.nc
27936,EFM,EFM_PW(PSI)_(C),efm/pw(psi)_(c)/data,computed rotational pres,Pa,"(96, 65)",2,6240,float32,efm27936.nc
27937,EFM,EFM_PW(PSI)_(C),efm/pw(psi)_(c)/data,computed rotational pres,Pa,"(82, 65)",2,5330,float32,efm27937.nc
27938,EFM,EFM_PW(PSI)_(C),efm/pw(psi)_(c)/data,computed rotational pres,Pa,"(94, 65)",2,6110,float32,efm27938.nc
27929,EFM,EFM_Q(PSI)_(C),efm/q(psi)_(c)/data,q-profile (centre to edg,nounits,"(80, 65)",2,5200,float32,efm27929.nc
27930,EFM,EFM_Q(PSI)_(C),efm/q(psi)_(c)/data,q-profile (centre to edg,nounits,"(92, 65)",2,5980,float32,efm27930 (1).nc
27931,EFM,EFM_Q(PSI)_(C),efm/q(psi)_(c)/data,q-profile (centre to edg,nounits,"(67, 65)",2,4355,float32,efm27931.nc
27932,EFM,EFM_Q(PSI)_(C),efm/q(psi)_(c)/data,q-profile (centre to edg,nounits,"(94, 65)",2,6110,float32,efm27932.nc
27933,EFM,EFM_Q(PSI)_(C),efm/q(psi)_(c)/data,q-profile (centre to edg,nounits,"(71, 65)",2,4615,float32,efm27933.nc
27934,EFM,EFM_Q(PSI)_(C),efm/q(psi)_(c)/data,q-profile (centre to edg,nounits,"(98, 65)",2,6370,float32,efm27934.nc
27935,EFM,EFM_Q(PSI)_(C),efm/q(psi)_(c)/data,q-profile (centre to edg,nounits,"(95, 65)",2,6175,float32,efm27935.nc
27936,EFM,EFM_Q(PSI)_(C),efm/q(psi)_(c)/data,q-profile (centre to edg,nounits,"(96, 65)",2,6240,float32,efm27936.nc
27937,EFM,EFM_Q(PSI)_(C),efm/q(psi)_(c)/data,q-profile (centre to edg,nounits,"(82, 65)",2,5330,float32,efm27937.nc
27938,EFM,EFM_Q(PSI)_(C),efm/q(psi)_(c)/data,q-profile (centre to edg,nounits,"(94, 65)",2,6110,float32,efm27938.nc
27929,EFM,EFM_Q(R),efm/q(r)/data,q(r) at z=0.,-,"(80, 65)",2,5200,float32,efm27929.nc
27930,EFM,EFM_Q(R),efm/q(r)/data,q(r) at z=0.,-,"(92, 65)",2,5980,float32,efm27930 (1).nc
27931,EFM,EFM_Q(R),efm/q(r)/data,q(r) at z=0.,-,"(67, 65)",2,4355,float32,efm27931.nc
27932,EFM,EFM_Q(R),efm/q(r)/data,q(r) at z=0.,-,"(94, 65)",2,6110,float32,efm27932.nc
27933,EFM,EFM_Q(R),efm/q(r)/data,q(r) at z=0.,-,"(71, 65)",2,4615,float32,efm27933.nc
27934,EFM,EFM_Q(R),efm/q(r)/data,q(r) at z=0.,-,"(98, 65)",2,6370,float32,efm27934.nc
27935,EFM,EFM_Q(R),efm/q(r)/data,q(r) at z=0.,-,"(95, 65)",2,6175,float32,efm27935.nc
27936,EFM,EFM_Q(R),efm/q(r)/data,q(r) at z=0.,-,"(96, 65)",2,6240,float32,efm27936.nc
27937,EFM,EFM_Q(R),efm/q(r)/data,q(r) at z=0.,-,"(82, 65)",2,5330,float32,efm27937.nc
27938,EFM,EFM_Q(R),efm/q(r)/data,q(r) at z=0.,-,"(94, 65)",2,6110,float32,efm27938.nc
27929,EFM,EFM_Q=1_RADIUS,efm/q_1_radius/data,radius of q=1 surface,m,"(80,)",1,80,float32,efm27929.nc
27930,EFM,EFM_Q=1_RADIUS,efm/q_1_radius/data,radius of q=1 surface,m,"(92,)",1,92,float32,efm27930 (1).nc
27931,EFM,EFM_Q=1_RADIUS,efm/q_1_radius/data,radius of q=1 surface,m,"(67,)",1,67,float32,efm27931.nc
27932,EFM,EFM_Q=1_RADIUS,efm/q_1_radius/data,radius of q=1 surface,m,"(94,)",1,94,float32,efm27932.nc
27933,EFM,EFM_Q=1_RADIUS,efm/q_1_radius/data,radius of q=1 surface,m,"(71,)",1,71,float32,efm27933.nc
27934,EFM,EFM_Q=1_RADIUS,efm/q_1_radius/data,radius of q=1 surface,m,"(98,)",1,98,float32,efm27934.nc
27935,EFM,EFM_Q=1_RADIUS,efm/q_1_radius/data,radius of q=1 surface,m,"(95,)",1,95,float32,efm27935.nc
27936,EFM,EFM_Q=1_RADIUS,efm/q_1_radius/data,radius of q=1 surface,m,"(96,)",1,96,float32,efm27936.nc
27937,EFM,EFM_Q=1_RADIUS,efm/q_1_radius/data,radius of q=1 surface,m,"(82,)",1,82,float32,efm27937.nc
27938,EFM,EFM_Q=1_RADIUS,efm/q_1_radius/data,radius of q=1 surface,m,"(94,)",1,94,float32,efm27938.nc
27929,EFM,EFM_Q=2_RADIUS,efm/q_2_radius/data,radius of q=2 surface,m,"(80,)",1,80,float32,efm27929.nc
27930,EFM,EFM_Q=2_RADIUS,efm/q_2_radius/data,radius of q=2 surface,m,"(92,)",1,92,float32,efm27930 (1).nc
27931,EFM,EFM_Q=2_RADIUS,efm/q_2_radius/data,radius of q=2 surface,m,"(67,)",1,67,float32,efm27931.nc
27932,EFM,EFM_Q=2_RADIUS,efm/q_2_radius/data,radius of q=2 surface,m,"(94,)",1,94,float32,efm27932.nc
27933,EFM,EFM_Q=2_RADIUS,efm/q_2_radius/data,radius of q=2 surface,m,"(71,)",1,71,float32,efm27933.nc
27934,EFM,EFM_Q=2_RADIUS,efm/q_2_radius/data,radius of q=2 surface,m,"(98,)",1,98,float32,efm27934.nc
27935,EFM,EFM_Q=2_RADIUS,efm/q_2_radius/data,radius of q=2 surface,m,"(95,)",1,95,float32,efm27935.nc
27936,EFM,EFM_Q=2_RADIUS,efm/q_2_radius/data,radius of q=2 surface,m,"(96,)",1,96,float32,efm27936.nc
27937,EFM,EFM_Q=2_RADIUS,efm/q_2_radius/data,radius of q=2 surface,m,"(82,)",1,82,float32,efm27937.nc
27938,EFM,EFM_Q=2_RADIUS,efm/q_2_radius/data,radius of q=2 surface,m,"(94,)",1,94,float32,efm27938.nc
27929,EFM,EFM_Q=3_RADIUS,efm/q_3_radius/data,radius of q=3 surface,m,"(80,)",1,80,float32,efm27929.nc
27930,EFM,EFM_Q=3_RADIUS,efm/q_3_radius/data,radius of q=3 surface,m,"(92,)",1,92,float32,efm27930 (1).nc
27931,EFM,EFM_Q=3_RADIUS,efm/q_3_radius/data,radius of q=3 surface,m,"(67,)",1,67,float32,efm27931.nc
27932,EFM,EFM_Q=3_RADIUS,efm/q_3_radius/data,radius of q=3 surface,m,"(94,)",1,94,float32,efm27932.nc
27933,EFM,EFM_Q=3_RADIUS,efm/q_3_radius/data,radius of q=3 surface,m,"(71,)",1,71,float32,efm27933.nc
27934,EFM,EFM_Q=3_RADIUS,efm/q_3_radius/data,radius of q=3 surface,m,"(98,)",1,98,float32,efm27934.nc
27935,EFM,EFM_Q=3_RADIUS,efm/q_3_radius/data,radius of q=3 surface,m,"(95,)",1,95,float32,efm27935.nc
27936,EFM,EFM_Q=3_RADIUS,efm/q_3_radius/data,radius of q=3 surface,m,"(96,)",1,96,float32,efm27936.nc
27937,EFM,EFM_Q=3_RADIUS,efm/q_3_radius/data,radius of q=3 surface,m,"(82,)",1,82,float32,efm27937.nc
27938,EFM,EFM_Q=3_RADIUS,efm/q_3_radius/data,radius of q=3 surface,m,"(94,)",1,94,float32,efm27938.nc
27929,EFM,EFM_QSTAR,efm/qstar/data,q-star,-,"(80,)",1,80,float32,efm27929.nc
27930,EFM,EFM_QSTAR,efm/qstar/data,q-star,-,"(92,)",1,92,float32,efm27930 (1).nc
27931,EFM,EFM_QSTAR,efm/qstar/data,q-star,-,"(67,)",1,67,float32,efm27931.nc
27932,EFM,EFM_QSTAR,efm/qstar/data,q-star,-,"(94,)",1,94,float32,efm27932.nc
27933,EFM,EFM_QSTAR,efm/qstar/data,q-star,-,"(71,)",1,71,float32,efm27933.nc
27934,EFM,EFM_QSTAR,efm/qstar/data,q-star,-,"(98,)",1,98,float32,efm27934.nc
27935,EFM,EFM_QSTAR,efm/qstar/data,q-star,-,"(95,)",1,95,float32,efm27935.nc
27936,EFM,EFM_QSTAR,efm/qstar/data,q-star,-,"(96,)",1,96,float32,efm27936.nc
27937,EFM,EFM_QSTAR,efm/qstar/data,q-star,-,"(82,)",1,82,float32,efm27937.nc
27938,EFM,EFM_QSTAR,efm/qstar/data,q-star,-,"(94,)",1,94,float32,efm27938.nc
27929,EFM,EFM_Q_100,efm/q_100/data,q at Psi_norm=100%,nounits,"(80,)",1,80,float32,efm27929.nc
27930,EFM,EFM_Q_100,efm/q_100/data,q at Psi_norm=100%,nounits,"(92,)",1,92,float32,efm27930 (1).nc
27931,EFM,EFM_Q_100,efm/q_100/data,q at Psi_norm=100%,nounits,"(67,)",1,67,float32,efm27931.nc
27932,EFM,EFM_Q_100,efm/q_100/data,q at Psi_norm=100%,nounits,"(94,)",1,94,float32,efm27932.nc
27933,EFM,EFM_Q_100,efm/q_100/data,q at Psi_norm=100%,nounits,"(71,)",1,71,float32,efm27933.nc
27934,EFM,EFM_Q_100,efm/q_100/data,q at Psi_norm=100%,nounits,"(98,)",1,98,float32,efm27934.nc
27935,EFM,EFM_Q_100,efm/q_100/data,q at Psi_norm=100%,nounits,"(95,)",1,95,float32,efm27935.nc
27936,EFM,EFM_Q_100,efm/q_100/data,q at Psi_norm=100%,nounits,"(96,)",1,96,float32,efm27936.nc
27937,EFM,EFM_Q_100,efm/q_100/data,q at Psi_norm=100%,nounits,"(82,)",1,82,float32,efm27937.nc
27938,EFM,EFM_Q_100,efm/q_100/data,q at Psi_norm=100%,nounits,"(94,)",1,94,float32,efm27938.nc
27929,EFM,EFM_Q_90,efm/q_90/data,q at Psi_norm=90%,nounits,"(80,)",1,80,float32,efm27929.nc
27930,EFM,EFM_Q_90,efm/q_90/data,q at Psi_norm=90%,nounits,"(92,)",1,92,float32,efm27930 (1).nc
27931,EFM,EFM_Q_90,efm/q_90/data,q at Psi_norm=90%,nounits,"(67,)",1,67,float32,efm27931.nc
27932,EFM,EFM_Q_90,efm/q_90/data,q at Psi_norm=90%,nounits,"(94,)",1,94,float32,efm27932.nc
27933,EFM,EFM_Q_90,efm/q_90/data,q at Psi_norm=90%,nounits,"(71,)",1,71,float32,efm27933.nc
27934,EFM,EFM_Q_90,efm/q_90/data,q at Psi_norm=90%,nounits,"(98,)",1,98,float32,efm27934.nc
27935,EFM,EFM_Q_90,efm/q_90/data,q at Psi_norm=90%,nounits,"(95,)",1,95,float32,efm27935.nc
27936,EFM,EFM_Q_90,efm/q_90/data,q at Psi_norm=90%,nounits,"(96,)",1,96,float32,efm27936.nc
27937,EFM,EFM_Q_90,efm/q_90/data,q at Psi_norm=90%,nounits,"(82,)",1,82,float32,efm27937.nc
27938,EFM,EFM_Q_90,efm/q_90/data,q at Psi_norm=90%,nounits,"(94,)",1,94,float32,efm27938.nc
27929,EFM,EFM_Q_95,efm/q_95/data,q at Psi_norm=95%,nounits,"(80,)",1,80,float32,efm27929.nc
27930,EFM,EFM_Q_95,efm/q_95/data,q at Psi_norm=95%,nounits,"(92,)",1,92,float32,efm27930 (1).nc
27931,EFM,EFM_Q_95,efm/q_95/data,q at Psi_norm=95%,nounits,"(67,)",1,67,float32,efm27931.nc
27932,EFM,EFM_Q_95,efm/q_95/data,q at Psi_norm=95%,nounits,"(94,)",1,94,float32,efm27932.nc
27933,EFM,EFM_Q_95,efm/q_95/data,q at Psi_norm=95%,nounits,"(71,)",1,71,float32,efm27933.nc
27934,EFM,EFM_Q_95,efm/q_95/data,q at Psi_norm=95%,nounits,"(98,)",1,98,float32,efm27934.nc
27935,EFM,EFM_Q_95,efm/q_95/data,q at Psi_norm=95%,nounits,"(95,)",1,95,float32,efm27935.nc
27936,EFM,EFM_Q_95,efm/q_95/data,q at Psi_norm=95%,nounits,"(96,)",1,96,float32,efm27936.nc
27937,EFM,EFM_Q_95,efm/q_95/data,q at Psi_norm=95%,nounits,"(82,)",1,82,float32,efm27937.nc
27938,EFM,EFM_Q_95,efm/q_95/data,q at Psi_norm=95%,nounits,"(94,)",1,94,float32,efm27938.nc
27929,EFM,EFM_Q_AXIS,efm/q_axis/data,q on Magnetic Axis,nounits,"(80,)",1,80,float32,efm27929.nc
27930,EFM,EFM_Q_AXIS,efm/q_axis/data,q on Magnetic Axis,nounits,"(92,)",1,92,float32,efm27930 (1).nc
27931,EFM,EFM_Q_AXIS,efm/q_axis/data,q on Magnetic Axis,nounits,"(67,)",1,67,float32,efm27931.nc
27932,EFM,EFM_Q_AXIS,efm/q_axis/data,q on Magnetic Axis,nounits,"(94,)",1,94,float32,efm27932.nc
27933,EFM,EFM_Q_AXIS,efm/q_axis/data,q on Magnetic Axis,nounits,"(71,)",1,71,float32,efm27933.nc
27934,EFM,EFM_Q_AXIS,efm/q_axis/data,q on Magnetic Axis,nounits,"(98,)",1,98,float32,efm27934.nc
27935,EFM,EFM_Q_AXIS,efm/q_axis/data,q on Magnetic Axis,nounits,"(95,)",1,95,float32,efm27935.nc
27936,EFM,EFM_Q_AXIS,efm/q_axis/data,q on Magnetic Axis,nounits,"(96,)",1,96,float32,efm27936.nc
27937,EFM,EFM_Q_AXIS,efm/q_axis/data,q on Magnetic Axis,nounits,"(82,)",1,82,float32,efm27937.nc
27938,EFM,EFM_Q_AXIS,efm/q_axis/data,q on Magnetic Axis,nounits,"(94,)",1,94,float32,efm27938.nc
27929,EFM,EFM_R(PSI100)_IN,efm/r(psi100)_in/data,i/b Rad of lcfs at Mid,m,"(80,)",1,80,float32,efm27929.nc
27930,EFM,EFM_R(PSI100)_IN,efm/r(psi100)_in/data,i/b Rad of lcfs at Mid,m,"(92,)",1,92,float32,efm27930 (1).nc
27931,EFM,EFM_R(PSI100)_IN,efm/r(psi100)_in/data,i/b Rad of lcfs at Mid,m,"(67,)",1,67,float32,efm27931.nc
27932,EFM,EFM_R(PSI100)_IN,efm/r(psi100)_in/data,i/b Rad of lcfs at Mid,m,"(94,)",1,94,float32,efm27932.nc
27933,EFM,EFM_R(PSI100)_IN,efm/r(psi100)_in/data,i/b Rad of lcfs at Mid,m,"(71,)",1,71,float32,efm27933.nc
27934,EFM,EFM_R(PSI100)_IN,efm/r(psi100)_in/data,i/b Rad of lcfs at Mid,m,"(98,)",1,98,float32,efm27934.nc
27935,EFM,EFM_R(PSI100)_IN,efm/r(psi100)_in/data,i/b Rad of lcfs at Mid,m,"(95,)",1,95,float32,efm27935.nc
27936,EFM,EFM_R(PSI100)_IN,efm/r(psi100)_in/data,i/b Rad of lcfs at Mid,m,"(96,)",1,96,float32,efm27936.nc
27937,EFM,EFM_R(PSI100)_IN,efm/r(psi100)_in/data,i/b Rad of lcfs at Mid,m,"(82,)",1,82,float32,efm27937.nc
27938,EFM,EFM_R(PSI100)_IN,efm/r(psi100)_in/data,i/b Rad of lcfs at Mid,m,"(94,)",1,94,float32,efm27938.nc
27929,EFM,EFM_R(PSI100)_OUT,efm/r(psi100)_out/data,o/b Rad of lcfs at Mid,m,"(80,)",1,80,float32,efm27929.nc
27930,EFM,EFM_R(PSI100)_OUT,efm/r(psi100)_out/data,o/b Rad of lcfs at Mid,m,"(92,)",1,92,float32,efm27930 (1).nc
27931,EFM,EFM_R(PSI100)_OUT,efm/r(psi100)_out/data,o/b Rad of lcfs at Mid,m,"(67,)",1,67,float32,efm27931.nc
27932,EFM,EFM_R(PSI100)_OUT,efm/r(psi100)_out/data,o/b Rad of lcfs at Mid,m,"(94,)",1,94,float32,efm27932.nc
27933,EFM,EFM_R(PSI100)_OUT,efm/r(psi100)_out/data,o/b Rad of lcfs at Mid,m,"(71,)",1,71,float32,efm27933.nc
27934,EFM,EFM_R(PSI100)_OUT,efm/r(psi100)_out/data,o/b Rad of lcfs at Mid,m,"(98,)",1,98,float32,efm27934.nc
27935,EFM,EFM_R(PSI100)_OUT,efm/r(psi100)_out/data,o/b Rad of lcfs at Mid,m,"(95,)",1,95,float32,efm27935.nc
27936,EFM,EFM_R(PSI100)_OUT,efm/r(psi100)_out/data,o/b Rad of lcfs at Mid,m,"(96,)",1,96,float32,efm27936.nc
27937,EFM,EFM_R(PSI100)_OUT,efm/r(psi100)_out/data,o/b Rad of lcfs at Mid,m,"(82,)",1,82,float32,efm27937.nc
27938,EFM,EFM_R(PSI100)_OUT,efm/r(psi100)_out/data,o/b Rad of lcfs at Mid,m,"(94,)",1,94,float32,efm27938.nc
27929,EFM,EFM_R(PSI90)_IN,efm/r(psi90)_in/data,i/b Rad of 90%Psi at Mid,m,"(80,)",1,80,float32,efm27929.nc
27930,EFM,EFM_R(PSI90)_IN,efm/r(psi90)_in/data,i/b Rad of 90%Psi at Mid,m,"(92,)",1,92,float32,efm27930 (1).nc
27931,EFM,EFM_R(PSI90)_IN,efm/r(psi90)_in/data,i/b Rad of 90%Psi at Mid,m,"(67,)",1,67,float32,efm27931.nc
27932,EFM,EFM_R(PSI90)_IN,efm/r(psi90)_in/data,i/b Rad of 90%Psi at Mid,m,"(94,)",1,94,float32,efm27932.nc
27933,EFM,EFM_R(PSI90)_IN,efm/r(psi90)_in/data,i/b Rad of 90%Psi at Mid,m,"(71,)",1,71,float32,efm27933.nc
27934,EFM,EFM_R(PSI90)_IN,efm/r(psi90)_in/data,i/b Rad of 90%Psi at Mid,m,"(98,)",1,98,float32,efm27934.nc
27935,EFM,EFM_R(PSI90)_IN,efm/r(psi90)_in/data,i/b Rad of 90%Psi at Mid,m,"(95,)",1,95,float32,efm27935.nc
27936,EFM,EFM_R(PSI90)_IN,efm/r(psi90)_in/data,i/b Rad of 90%Psi at Mid,m,"(96,)",1,96,float32,efm27936.nc
27937,EFM,EFM_R(PSI90)_IN,efm/r(psi90)_in/data,i/b Rad of 90%Psi at Mid,m,"(82,)",1,82,float32,efm27937.nc
27938,EFM,EFM_R(PSI90)_IN,efm/r(psi90)_in/data,i/b Rad of 90%Psi at Mid,m,"(94,)",1,94,float32,efm27938.nc
27929,EFM,EFM_R(PSI90)_OUT,efm/r(psi90)_out/data,o/b Rad of 90%Psi at Mid,m,"(80,)",1,80,float32,efm27929.nc
27930,EFM,EFM_R(PSI90)_OUT,efm/r(psi90)_out/data,o/b Rad of 90%Psi at Mid,m,"(92,)",1,92,float32,efm27930 (1).nc
27931,EFM,EFM_R(PSI90)_OUT,efm/r(psi90)_out/data,o/b Rad of 90%Psi at Mid,m,"(67,)",1,67,float32,efm27931.nc
27932,EFM,EFM_R(PSI90)_OUT,efm/r(psi90)_out/data,o/b Rad of 90%Psi at Mid,m,"(94,)",1,94,float32,efm27932.nc
27933,EFM,EFM_R(PSI90)_OUT,efm/r(psi90)_out/data,o/b Rad of 90%Psi at Mid,m,"(71,)",1,71,float32,efm27933.nc
27934,EFM,EFM_R(PSI90)_OUT,efm/r(psi90)_out/data,o/b Rad of 90%Psi at Mid,m,"(98,)",1,98,float32,efm27934.nc
27935,EFM,EFM_R(PSI90)_OUT,efm/r(psi90)_out/data,o/b Rad of 90%Psi at Mid,m,"(95,)",1,95,float32,efm27935.nc
27936,EFM,EFM_R(PSI90)_OUT,efm/r(psi90)_out/data,o/b Rad of 90%Psi at Mid,m,"(96,)",1,96,float32,efm27936.nc
27937,EFM,EFM_R(PSI90)_OUT,efm/r(psi90)_out/data,o/b Rad of 90%Psi at Mid,m,"(82,)",1,82,float32,efm27937.nc
27938,EFM,EFM_R(PSI90)_OUT,efm/r(psi90)_out/data,o/b Rad of 90%Psi at Mid,m,"(94,)",1,94,float32,efm27938.nc
27929,EFM,EFM_R(PSI95)_IN,efm/r(psi95)_in/data,i/b Rad of 95%Psi at Mid,m,"(80,)",1,80,float32,efm27929.nc
27930,EFM,EFM_R(PSI95)_IN,efm/r(psi95)_in/data,i/b Rad of 95%Psi at Mid,m,"(92,)",1,92,float32,efm27930 (1).nc
27931,EFM,EFM_R(PSI95)_IN,efm/r(psi95)_in/data,i/b Rad of 95%Psi at Mid,m,"(67,)",1,67,float32,efm27931.nc
27932,EFM,EFM_R(PSI95)_IN,efm/r(psi95)_in/data,i/b Rad of 95%Psi at Mid,m,"(94,)",1,94,float32,efm27932.nc
27933,EFM,EFM_R(PSI95)_IN,efm/r(psi95)_in/data,i/b Rad of 95%Psi at Mid,m,"(71,)",1,71,float32,efm27933.nc
27934,EFM,EFM_R(PSI95)_IN,efm/r(psi95)_in/data,i/b Rad of 95%Psi at Mid,m,"(98,)",1,98,float32,efm27934.nc
27935,EFM,EFM_R(PSI95)_IN,efm/r(psi95)_in/data,i/b Rad of 95%Psi at Mid,m,"(95,)",1,95,float32,efm27935.nc
27936,EFM,EFM_R(PSI95)_IN,efm/r(psi95)_in/data,i/b Rad of 95%Psi at Mid,m,"(96,)",1,96,float32,efm27936.nc
27937,EFM,EFM_R(PSI95)_IN,efm/r(psi95)_in/data,i/b Rad of 95%Psi at Mid,m,"(82,)",1,82,float32,efm27937.nc
27938,EFM,EFM_R(PSI95)_IN,efm/r(psi95)_in/data,i/b Rad of 95%Psi at Mid,m,"(94,)",1,94,float32,efm27938.nc
27929,EFM,EFM_R(PSI95)_OUT,efm/r(psi95)_out/data,o/b Rad of 95%Psi at Mid,m,"(80,)",1,80,float32,efm27929.nc
27930,EFM,EFM_R(PSI95)_OUT,efm/r(psi95)_out/data,o/b Rad of 95%Psi at Mid,m,"(92,)",1,92,float32,efm27930 (1).nc
27931,EFM,EFM_R(PSI95)_OUT,efm/r(psi95)_out/data,o/b Rad of 95%Psi at Mid,m,"(67,)",1,67,float32,efm27931.nc
27932,EFM,EFM_R(PSI95)_OUT,efm/r(psi95)_out/data,o/b Rad of 95%Psi at Mid,m,"(94,)",1,94,float32,efm27932.nc
27933,EFM,EFM_R(PSI95)_OUT,efm/r(psi95)_out/data,o/b Rad of 95%Psi at Mid,m,"(71,)",1,71,float32,efm27933.nc
27934,EFM,EFM_R(PSI95)_OUT,efm/r(psi95)_out/data,o/b Rad of 95%Psi at Mid,m,"(98,)",1,98,float32,efm27934.nc
27935,EFM,EFM_R(PSI95)_OUT,efm/r(psi95)_out/data,o/b Rad of 95%Psi at Mid,m,"(95,)",1,95,float32,efm27935.nc
27936,EFM,EFM_R(PSI95)_OUT,efm/r(psi95)_out/data,o/b Rad of 95%Psi at Mid,m,"(96,)",1,96,float32,efm27936.nc
27937,EFM,EFM_R(PSI95)_OUT,efm/r(psi95)_out/data,o/b Rad of 95%Psi at Mid,m,"(82,)",1,82,float32,efm27937.nc
27938,EFM,EFM_R(PSI95)_OUT,efm/r(psi95)_out/data,o/b Rad of 95%Psi at Mid,m,"(94,)",1,94,float32,efm27938.nc
27929,EFM,EFM_RBDRY,efm/rbdry/data,rbdry,m,"(80,)",1,80,float32,efm27929.nc
27930,EFM,EFM_RBDRY,efm/rbdry/data,rbdry,m,"(92,)",1,92,float32,efm27930 (1).nc
27931,EFM,EFM_RBDRY,efm/rbdry/data,rbdry,m,"(67,)",1,67,float32,efm27931.nc
27932,EFM,EFM_RBDRY,efm/rbdry/data,rbdry,m,"(94,)",1,94,float32,efm27932.nc
27933,EFM,EFM_RBDRY,efm/rbdry/data,rbdry,m,"(71,)",1,71,float32,efm27933.nc
27934,EFM,EFM_RBDRY,efm/rbdry/data,rbdry,m,"(98,)",1,98,float32,efm27934.nc
27935,EFM,EFM_RBDRY,efm/rbdry/data,rbdry,m,"(95,)",1,95,float32,efm27935.nc
27936,EFM,EFM_RBDRY,efm/rbdry/data,rbdry,m,"(96,)",1,96,float32,efm27936.nc
27937,EFM,EFM_RBDRY,efm/rbdry/data,rbdry,m,"(82,)",1,82,float32,efm27937.nc
27938,EFM,EFM_RBDRY,efm/rbdry/data,rbdry,m,"(94,)",1,94,float32,efm27938.nc
27929,EFM,EFM_RT,efm/rt/data,shafranov_integral_RT,m,"(80,)",1,80,float32,efm27929.nc
27930,EFM,EFM_RT,efm/rt/data,shafranov_integral_RT,m,"(92,)",1,92,float32,efm27930 (1).nc
27931,EFM,EFM_RT,efm/rt/data,shafranov_integral_RT,m,"(67,)",1,67,float32,efm27931.nc
27932,EFM,EFM_RT,efm/rt/data,shafranov_integral_RT,m,"(94,)",1,94,float32,efm27932.nc
27933,EFM,EFM_RT,efm/rt/data,shafranov_integral_RT,m,"(71,)",1,71,float32,efm27933.nc
27934,EFM,EFM_RT,efm/rt/data,shafranov_integral_RT,m,"(98,)",1,98,float32,efm27934.nc
27935,EFM,EFM_RT,efm/rt/data,shafranov_integral_RT,m,"(95,)",1,95,float32,efm27935.nc
27936,EFM,EFM_RT,efm/rt/data,shafranov_integral_RT,m,"(96,)",1,96,float32,efm27936.nc
27937,EFM,EFM_RT,efm/rt/data,shafranov_integral_RT,m,"(82,)",1,82,float32,efm27937.nc
27938,EFM,EFM_RT,efm/rt/data,shafranov_integral_RT,m,"(94,)",1,94,float32,efm27938.nc
27929,EFM,EFM_RVALS,efm/rvals/data,R-coords used for radial,-,"(80, 65)",2,5200,float32,efm27929.nc
27930,EFM,EFM_RVALS,efm/rvals/data,R-coords used for radial,-,"(92, 65)",2,5980,float32,efm27930 (1).nc
27931,EFM,EFM_RVALS,efm/rvals/data,R-coords used for radial,-,"(67, 65)",2,4355,float32,efm27931.nc
27932,EFM,EFM_RVALS,efm/rvals/data,R-coords used for radial,-,"(94, 65)",2,6110,float32,efm27932.nc
27933,EFM,EFM_RVALS,efm/rvals/data,R-coords used for radial,-,"(71, 65)",2,4615,float32,efm27933.nc
27934,EFM,EFM_RVALS,efm/rvals/data,R-coords used for radial,-,"(98, 65)",2,6370,float32,efm27934.nc
27935,EFM,EFM_RVALS,efm/rvals/data,R-coords used for radial,-,"(95, 65)",2,6175,float32,efm27935.nc
27936,EFM,EFM_RVALS,efm/rvals/data,R-coords used for radial,-,"(96, 65)",2,6240,float32,efm27936.nc
27937,EFM,EFM_RVALS,efm/rvals/data,R-coords used for radial,-,"(82, 65)",2,5330,float32,efm27937.nc
27938,EFM,EFM_RVALS,efm/rvals/data,R-coords used for radial,-,"(94, 65)",2,6110,float32,efm27938.nc
27929,EFM,EFM_RVTOR,efm/rvtor/data,rotational constraint co,-,"(1,)",1,1,float32,efm27929.nc
27930,EFM,EFM_RVTOR,efm/rvtor/data,rotational constraint co,-,"(1,)",1,1,float32,efm27930 (1).nc
27931,EFM,EFM_RVTOR,efm/rvtor/data,rotational constraint co,-,"(1,)",1,1,float32,efm27931.nc
27932,EFM,EFM_RVTOR,efm/rvtor/data,rotational constraint co,-,"(1,)",1,1,float32,efm27932.nc
27933,EFM,EFM_RVTOR,efm/rvtor/data,rotational constraint co,-,"(1,)",1,1,float32,efm27933.nc
27934,EFM,EFM_RVTOR,efm/rvtor/data,rotational constraint co,-,"(1,)",1,1,float32,efm27934.nc
27935,EFM,EFM_RVTOR,efm/rvtor/data,rotational constraint co,-,"(1,)",1,1,float32,efm27935.nc
27936,EFM,EFM_RVTOR,efm/rvtor/data,rotational constraint co,-,"(1,)",1,1,float32,efm27936.nc
27937,EFM,EFM_RVTOR,efm/rvtor/data,rotational constraint co,-,"(1,)",1,1,float32,efm27937.nc
27938,EFM,EFM_RVTOR,efm/rvtor/data,rotational constraint co,-,"(1,)",1,1,float32,efm27938.nc
27929,EFM,EFM_SCALEPR,efm/scalepr/data,pressure scaling factor,-,"(1,)",1,1,float32,efm27929.nc
27930,EFM,EFM_SCALEPR,efm/scalepr/data,pressure scaling factor,-,"(1,)",1,1,float32,efm27930 (1).nc
27931,EFM,EFM_SCALEPR,efm/scalepr/data,pressure scaling factor,-,"(1,)",1,1,float32,efm27931.nc
27932,EFM,EFM_SCALEPR,efm/scalepr/data,pressure scaling factor,-,"(1,)",1,1,float32,efm27932.nc
27933,EFM,EFM_SCALEPR,efm/scalepr/data,pressure scaling factor,-,"(1,)",1,1,float32,efm27933.nc
27934,EFM,EFM_SCALEPR,efm/scalepr/data,pressure scaling factor,-,"(1,)",1,1,float32,efm27934.nc
27935,EFM,EFM_SCALEPR,efm/scalepr/data,pressure scaling factor,-,"(1,)",1,1,float32,efm27935.nc
27936,EFM,EFM_SCALEPR,efm/scalepr/data,pressure scaling factor,-,"(1,)",1,1,float32,efm27936.nc
27937,EFM,EFM_SCALEPR,efm/scalepr/data,pressure scaling factor,-,"(1,)",1,1,float32,efm27937.nc
27938,EFM,EFM_SCALEPR,efm/scalepr/data,pressure scaling factor,-,"(1,)",1,1,float32,efm27938.nc
27929,EFM,EFM_SHAF_INTEGRAL_1,efm/shaf_integral_1/data,shafranov_integral_1,---,"(80,)",1,80,float32,efm27929.nc
27930,EFM,EFM_SHAF_INTEGRAL_1,efm/shaf_integral_1/data,shafranov_integral_1,---,"(92,)",1,92,float32,efm27930 (1).nc
27931,EFM,EFM_SHAF_INTEGRAL_1,efm/shaf_integral_1/data,shafranov_integral_1,---,"(67,)",1,67,float32,efm27931.nc
27932,EFM,EFM_SHAF_INTEGRAL_1,efm/shaf_integral_1/data,shafranov_integral_1,---,"(94,)",1,94,float32,efm27932.nc
27933,EFM,EFM_SHAF_INTEGRAL_1,efm/shaf_integral_1/data,shafranov_integral_1,---,"(71,)",1,71,float32,efm27933.nc
27934,EFM,EFM_SHAF_INTEGRAL_1,efm/shaf_integral_1/data,shafranov_integral_1,---,"(98,)",1,98,float32,efm27934.nc
27935,EFM,EFM_SHAF_INTEGRAL_1,efm/shaf_integral_1/data,shafranov_integral_1,---,"(95,)",1,95,float32,efm27935.nc
27936,EFM,EFM_SHAF_INTEGRAL_1,efm/shaf_integral_1/data,shafranov_integral_1,---,"(96,)",1,96,float32,efm27936.nc
27937,EFM,EFM_SHAF_INTEGRAL_1,efm/shaf_integral_1/data,shafranov_integral_1,---,"(82,)",1,82,float32,efm27937.nc
27938,EFM,EFM_SHAF_INTEGRAL_1,efm/shaf_integral_1/data,shafranov_integral_1,---,"(94,)",1,94,float32,efm27938.nc
27929,EFM,EFM_SHAF_INTEGRAL_2,efm/shaf_integral_2/data,shafranov_integral_2,---,"(80,)",1,80,float32,efm27929.nc
27930,EFM,EFM_SHAF_INTEGRAL_2,efm/shaf_integral_2/data,shafranov_integral_2,---,"(92,)",1,92,float32,efm27930 (1).nc
27931,EFM,EFM_SHAF_INTEGRAL_2,efm/shaf_integral_2/data,shafranov_integral_2,---,"(67,)",1,67,float32,efm27931.nc
27932,EFM,EFM_SHAF_INTEGRAL_2,efm/shaf_integral_2/data,shafranov_integral_2,---,"(94,)",1,94,float32,efm27932.nc
27933,EFM,EFM_SHAF_INTEGRAL_2,efm/shaf_integral_2/data,shafranov_integral_2,---,"(71,)",1,71,float32,efm27933.nc
27934,EFM,EFM_SHAF_INTEGRAL_2,efm/shaf_integral_2/data,shafranov_integral_2,---,"(98,)",1,98,float32,efm27934.nc
27935,EFM,EFM_SHAF_INTEGRAL_2,efm/shaf_integral_2/data,shafranov_integral_2,---,"(95,)",1,95,float32,efm27935.nc
27936,EFM,EFM_SHAF_INTEGRAL_2,efm/shaf_integral_2/data,shafranov_integral_2,---,"(96,)",1,96,float32,efm27936.nc
27937,EFM,EFM_SHAF_INTEGRAL_2,efm/shaf_integral_2/data,shafranov_integral_2,---,"(82,)",1,82,float32,efm27937.nc
27938,EFM,EFM_SHAF_INTEGRAL_2,efm/shaf_integral_2/data,shafranov_integral_2,---,"(94,)",1,94,float32,efm27938.nc
27929,EFM,EFM_SHAF_INTEGRAL_3,efm/shaf_integral_3/data,shafranov_integral_3,---,"(80,)",1,80,float32,efm27929.nc
27930,EFM,EFM_SHAF_INTEGRAL_3,efm/shaf_integral_3/data,shafranov_integral_3,---,"(92,)",1,92,float32,efm27930 (1).nc
27931,EFM,EFM_SHAF_INTEGRAL_3,efm/shaf_integral_3/data,shafranov_integral_3,---,"(67,)",1,67,float32,efm27931.nc
27932,EFM,EFM_SHAF_INTEGRAL_3,efm/shaf_integral_3/data,shafranov_integral_3,---,"(94,)",1,94,float32,efm27932.nc
27933,EFM,EFM_SHAF_INTEGRAL_3,efm/shaf_integral_3/data,shafranov_integral_3,---,"(71,)",1,71,float32,efm27933.nc
27934,EFM,EFM_SHAF_INTEGRAL_3,efm/shaf_integral_3/data,shafranov_integral_3,---,"(98,)",1,98,float32,efm27934.nc
27935,EFM,EFM_SHAF_INTEGRAL_3,efm/shaf_integral_3/data,shafranov_integral_3,---,"(95,)",1,95,float32,efm27935.nc
27936,EFM,EFM_SHAF_INTEGRAL_3,efm/shaf_integral_3/data,shafranov_integral_3,---,"(96,)",1,96,float32,efm27936.nc
27937,EFM,EFM_SHAF_INTEGRAL_3,efm/shaf_integral_3/data,shafranov_integral_3,---,"(82,)",1,82,float32,efm27937.nc
27938,EFM,EFM_SHAF_INTEGRAL_3,efm/shaf_integral_3/data,shafranov_integral_3,---,"(94,)",1,94,float32,efm27938.nc
27929,EFM,EFM_SHOT_NUMBER,efm/shot_number/data,MAST Shot Number,-,"(1,)",1,1,int32,efm27929.nc
27930,EFM,EFM_SHOT_NUMBER,efm/shot_number/data,MAST Shot Number,-,"(1,)",1,1,int32,efm27930 (1).nc
27931,EFM,EFM_SHOT_NUMBER,efm/shot_number/data,MAST Shot Number,-,"(1,)",1,1,int32,efm27931.nc
27932,EFM,EFM_SHOT_NUMBER,efm/shot_number/data,MAST Shot Number,-,"(1,)",1,1,int32,efm27932.nc
27933,EFM,EFM_SHOT_NUMBER,efm/shot_number/data,MAST Shot Number,-,"(1,)",1,1,int32,efm27933.nc
27934,EFM,EFM_SHOT_NUMBER,efm/shot_number/data,MAST Shot Number,-,"(1,)",1,1,int32,efm27934.nc
27935,EFM,EFM_SHOT_NUMBER,efm/shot_number/data,MAST Shot Number,-,"(1,)",1,1,int32,efm27935.nc
27936,EFM,EFM_SHOT_NUMBER,efm/shot_number/data,MAST Shot Number,-,"(1,)",1,1,int32,efm27936.nc
27937,EFM,EFM_SHOT_NUMBER,efm/shot_number/data,MAST Shot Number,-,"(1,)",1,1,int32,efm27937.nc
27938,EFM,EFM_SHOT_NUMBER,efm/shot_number/data,MAST Shot Number,-,"(1,)",1,1,int32,efm27938.nc
27929,EFM,EFM_SIGBDRY,efm/sigbdry/data,sigbdry,-,"(80,)",1,80,float32,efm27929.nc
27930,EFM,EFM_SIGBDRY,efm/sigbdry/data,sigbdry,-,"(92,)",1,92,float32,efm27930 (1).nc
27931,EFM,EFM_SIGBDRY,efm/sigbdry/data,sigbdry,-,"(67,)",1,67,float32,efm27931.nc
27932,EFM,EFM_SIGBDRY,efm/sigbdry/data,sigbdry,-,"(94,)",1,94,float32,efm27932.nc
27933,EFM,EFM_SIGBDRY,efm/sigbdry/data,sigbdry,-,"(71,)",1,71,float32,efm27933.nc
27934,EFM,EFM_SIGBDRY,efm/sigbdry/data,sigbdry,-,"(98,)",1,98,float32,efm27934.nc
27935,EFM,EFM_SIGBDRY,efm/sigbdry/data,sigbdry,-,"(95,)",1,95,float32,efm27935.nc
27936,EFM,EFM_SIGBDRY,efm/sigbdry/data,sigbdry,-,"(96,)",1,96,float32,efm27936.nc
27937,EFM,EFM_SIGBDRY,efm/sigbdry/data,sigbdry,-,"(82,)",1,82,float32,efm27937.nc
27938,EFM,EFM_SIGBDRY,efm/sigbdry/data,sigbdry,-,"(94,)",1,94,float32,efm27938.nc
27929,EFM,EFM_SILOP_(C),efm/silop_(c)/data,Computed flux loops sign,Wb,"(93, 46)",2,4278,float32,efm27929.nc
27930,EFM,EFM_SILOP_(C),efm/silop_(c)/data,Computed flux loops sign,Wb,"(105, 46)",2,4830,float32,efm27930 (1).nc
27931,EFM,EFM_SILOP_(C),efm/silop_(c)/data,Computed flux loops sign,Wb,"(80, 46)",2,3680,float32,efm27931.nc
27932,EFM,EFM_SILOP_(C),efm/silop_(c)/data,Computed flux loops sign,Wb,"(107, 46)",2,4922,float32,efm27932.nc
27933,EFM,EFM_SILOP_(C),efm/silop_(c)/data,Computed flux loops sign,Wb,"(84, 46)",2,3864,float32,efm27933.nc
27934,EFM,EFM_SILOP_(C),efm/silop_(c)/data,Computed flux loops sign,Wb,"(114, 46)",2,5244,float32,efm27934.nc
27935,EFM,EFM_SILOP_(C),efm/silop_(c)/data,Computed flux loops sign,Wb,"(110, 46)",2,5060,float32,efm27935.nc
27936,EFM,EFM_SILOP_(C),efm/silop_(c)/data,Computed flux loops sign,Wb,"(111, 46)",2,5106,float32,efm27936.nc
27937,EFM,EFM_SILOP_(C),efm/silop_(c)/data,Computed flux loops sign,Wb,"(95, 46)",2,4370,float32,efm27937.nc
27938,EFM,EFM_SILOP_(C),efm/silop_(c)/data,Computed flux loops sign,Wb,"(108, 46)",2,4968,float32,efm27938.nc
27929,EFM,EFM_SILOP_(X),efm/silop_(x)/data,Measured flux loops sign,Wb,"(93, 46)",2,4278,float32,efm27929.nc
27930,EFM,EFM_SILOP_(X),efm/silop_(x)/data,Measured flux loops sign,Wb,"(105, 46)",2,4830,float32,efm27930 (1).nc
27931,EFM,EFM_SILOP_(X),efm/silop_(x)/data,Measured flux loops sign,Wb,"(80, 46)",2,3680,float32,efm27931.nc
27932,EFM,EFM_SILOP_(X),efm/silop_(x)/data,Measured flux loops sign,Wb,"(107, 46)",2,4922,float32,efm27932.nc
27933,EFM,EFM_SILOP_(X),efm/silop_(x)/data,Measured flux loops sign,Wb,"(84, 46)",2,3864,float32,efm27933.nc
27934,EFM,EFM_SILOP_(X),efm/silop_(x)/data,Measured flux loops sign,Wb,"(114, 46)",2,5244,float32,efm27934.nc
27935,EFM,EFM_SILOP_(X),efm/silop_(x)/data,Measured flux loops sign,Wb,"(110, 46)",2,5060,float32,efm27935.nc
27936,EFM,EFM_SILOP_(X),efm/silop_(x)/data,Measured flux loops sign,Wb,"(111, 46)",2,5106,float32,efm27936.nc
27937,EFM,EFM_SILOP_(X),efm/silop_(x)/data,Measured flux loops sign,Wb,"(95, 46)",2,4370,float32,efm27937.nc
27938,EFM,EFM_SILOP_(X),efm/silop_(x)/data,Measured flux loops sign,Wb,"(108, 46)",2,4968,float32,efm27938.nc
27929,EFM,EFM_SILOP_CHISQ,efm/silop_chisq/data,Chi**2 of each flux loop,nounits,"(93, 46)",2,4278,float32,efm27929.nc
27930,EFM,EFM_SILOP_CHISQ,efm/silop_chisq/data,Chi**2 of each flux loop,nounits,"(105, 46)",2,4830,float32,efm27930 (1).nc
27931,EFM,EFM_SILOP_CHISQ,efm/silop_chisq/data,Chi**2 of each flux loop,nounits,"(80, 46)",2,3680,float32,efm27931.nc
27932,EFM,EFM_SILOP_CHISQ,efm/silop_chisq/data,Chi**2 of each flux loop,nounits,"(107, 46)",2,4922,float32,efm27932.nc
27933,EFM,EFM_SILOP_CHISQ,efm/silop_chisq/data,Chi**2 of each flux loop,nounits,"(84, 46)",2,3864,float32,efm27933.nc
27934,EFM,EFM_SILOP_CHISQ,efm/silop_chisq/data,Chi**2 of each flux loop,nounits,"(114, 46)",2,5244,float32,efm27934.nc
27935,EFM,EFM_SILOP_CHISQ,efm/silop_chisq/data,Chi**2 of each flux loop,nounits,"(110, 46)",2,5060,float32,efm27935.nc
27936,EFM,EFM_SILOP_CHISQ,efm/silop_chisq/data,Chi**2 of each flux loop,nounits,"(111, 46)",2,5106,float32,efm27936.nc
27937,EFM,EFM_SILOP_CHISQ,efm/silop_chisq/data,Chi**2 of each flux loop,nounits,"(95, 46)",2,4370,float32,efm27937.nc
27938,EFM,EFM_SILOP_CHISQ,efm/silop_chisq/data,Chi**2 of each flux loop,nounits,"(108, 46)",2,4968,float32,efm27938.nc
27929,EFM,EFM_SILOP_DPHI,efm/silop_dphi/data,Flux Loop Toroidal Exten,m,"(1, 46)",2,46,float32,efm27929.nc
27930,EFM,EFM_SILOP_DPHI,efm/silop_dphi/data,Flux Loop Toroidal Exten,m,"(1, 46)",2,46,float32,efm27930 (1).nc
27931,EFM,EFM_SILOP_DPHI,efm/silop_dphi/data,Flux Loop Toroidal Exten,m,"(1, 46)",2,46,float32,efm27931.nc
27932,EFM,EFM_SILOP_DPHI,efm/silop_dphi/data,Flux Loop Toroidal Exten,m,"(1, 46)",2,46,float32,efm27932.nc
27933,EFM,EFM_SILOP_DPHI,efm/silop_dphi/data,Flux Loop Toroidal Exten,m,"(1, 46)",2,46,float32,efm27933.nc
27934,EFM,EFM_SILOP_DPHI,efm/silop_dphi/data,Flux Loop Toroidal Exten,m,"(1, 46)",2,46,float32,efm27934.nc
27935,EFM,EFM_SILOP_DPHI,efm/silop_dphi/data,Flux Loop Toroidal Exten,m,"(1, 46)",2,46,float32,efm27935.nc
27936,EFM,EFM_SILOP_DPHI,efm/silop_dphi/data,Flux Loop Toroidal Exten,m,"(1, 46)",2,46,float32,efm27936.nc
27937,EFM,EFM_SILOP_DPHI,efm/silop_dphi/data,Flux Loop Toroidal Exten,m,"(1, 46)",2,46,float32,efm27937.nc
27938,EFM,EFM_SILOP_DPHI,efm/silop_dphi/data,Flux Loop Toroidal Exten,m,"(1, 46)",2,46,float32,efm27938.nc
27929,EFM,EFM_SILOP_N,efm/silop_n/data,Number of Flux Loops,-,"(1,)",1,1,int32,efm27929.nc
27930,EFM,EFM_SILOP_N,efm/silop_n/data,Number of Flux Loops,-,"(1,)",1,1,int32,efm27930 (1).nc
27931,EFM,EFM_SILOP_N,efm/silop_n/data,Number of Flux Loops,-,"(1,)",1,1,int32,efm27931.nc
27932,EFM,EFM_SILOP_N,efm/silop_n/data,Number of Flux Loops,-,"(1,)",1,1,int32,efm27932.nc
27933,EFM,EFM_SILOP_N,efm/silop_n/data,Number of Flux Loops,-,"(1,)",1,1,int32,efm27933.nc
27934,EFM,EFM_SILOP_N,efm/silop_n/data,Number of Flux Loops,-,"(1,)",1,1,int32,efm27934.nc
27935,EFM,EFM_SILOP_N,efm/silop_n/data,Number of Flux Loops,-,"(1,)",1,1,int32,efm27935.nc
27936,EFM,EFM_SILOP_N,efm/silop_n/data,Number of Flux Loops,-,"(1,)",1,1,int32,efm27936.nc
27937,EFM,EFM_SILOP_N,efm/silop_n/data,Number of Flux Loops,-,"(1,)",1,1,int32,efm27937.nc
27938,EFM,EFM_SILOP_N,efm/silop_n/data,Number of Flux Loops,-,"(1,)",1,1,int32,efm27938.nc
27929,EFM,EFM_SILOP_R,efm/silop_r/data,Flux Loop Location Radiu,m,"(1, 46)",2,46,float32,efm27929.nc
27930,EFM,EFM_SILOP_R,efm/silop_r/data,Flux Loop Location Radiu,m,"(1, 46)",2,46,float32,efm27930 (1).nc
27931,EFM,EFM_SILOP_R,efm/silop_r/data,Flux Loop Location Radiu,m,"(1, 46)",2,46,float32,efm27931.nc
27932,EFM,EFM_SILOP_R,efm/silop_r/data,Flux Loop Location Radiu,m,"(1, 46)",2,46,float32,efm27932.nc
27933,EFM,EFM_SILOP_R,efm/silop_r/data,Flux Loop Location Radiu,m,"(1, 46)",2,46,float32,efm27933.nc
27934,EFM,EFM_SILOP_R,efm/silop_r/data,Flux Loop Location Radiu,m,"(1, 46)",2,46,float32,efm27934.nc
27935,EFM,EFM_SILOP_R,efm/silop_r/data,Flux Loop Location Radiu,m,"(1, 46)",2,46,float32,efm27935.nc
27936,EFM,EFM_SILOP_R,efm/silop_r/data,Flux Loop Location Radiu,m,"(1, 46)",2,46,float32,efm27936.nc
27937,EFM,EFM_SILOP_R,efm/silop_r/data,Flux Loop Location Radiu,m,"(1, 46)",2,46,float32,efm27937.nc
27938,EFM,EFM_SILOP_R,efm/silop_r/data,Flux Loop Location Radiu,m,"(1, 46)",2,46,float32,efm27938.nc
27929,EFM,EFM_SILOP_Z,efm/silop_z/data,Flux Loop Location Heigh,m,"(1, 46)",2,46,float32,efm27929.nc
27930,EFM,EFM_SILOP_Z,efm/silop_z/data,Flux Loop Location Heigh,m,"(1, 46)",2,46,float32,efm27930 (1).nc
27931,EFM,EFM_SILOP_Z,efm/silop_z/data,Flux Loop Location Heigh,m,"(1, 46)",2,46,float32,efm27931.nc
27932,EFM,EFM_SILOP_Z,efm/silop_z/data,Flux Loop Location Heigh,m,"(1, 46)",2,46,float32,efm27932.nc
27933,EFM,EFM_SILOP_Z,efm/silop_z/data,Flux Loop Location Heigh,m,"(1, 46)",2,46,float32,efm27933.nc
27934,EFM,EFM_SILOP_Z,efm/silop_z/data,Flux Loop Location Heigh,m,"(1, 46)",2,46,float32,efm27934.nc
27935,EFM,EFM_SILOP_Z,efm/silop_z/data,Flux Loop Location Heigh,m,"(1, 46)",2,46,float32,efm27935.nc
27936,EFM,EFM_SILOP_Z,efm/silop_z/data,Flux Loop Location Heigh,m,"(1, 46)",2,46,float32,efm27936.nc
27937,EFM,EFM_SILOP_Z,efm/silop_z/data,Flux Loop Location Heigh,m,"(1, 46)",2,46,float32,efm27937.nc
27938,EFM,EFM_SILOP_Z,efm/silop_z/data,Flux Loop Location Heigh,m,"(1, 46)",2,46,float32,efm27938.nc
27929,EFM,EFM_STATUS,efm/status/data,MAST Status flag,-,"(1,)",1,1,int32,efm27929.nc
27930,EFM,EFM_STATUS,efm/status/data,MAST Status flag,-,"(1,)",1,1,int32,efm27930 (1).nc
27931,EFM,EFM_STATUS,efm/status/data,MAST Status flag,-,"(1,)",1,1,int32,efm27931.nc
27932,EFM,EFM_STATUS,efm/status/data,MAST Status flag,-,"(1,)",1,1,int32,efm27932.nc
27933,EFM,EFM_STATUS,efm/status/data,MAST Status flag,-,"(1,)",1,1,int32,efm27933.nc
27934,EFM,EFM_STATUS,efm/status/data,MAST Status flag,-,"(1,)",1,1,int32,efm27934.nc
27935,EFM,EFM_STATUS,efm/status/data,MAST Status flag,-,"(1,)",1,1,int32,efm27935.nc
27936,EFM,EFM_STATUS,efm/status/data,MAST Status flag,-,"(1,)",1,1,int32,efm27936.nc
27937,EFM,EFM_STATUS,efm/status/data,MAST Status flag,-,"(1,)",1,1,int32,efm27937.nc
27938,EFM,EFM_STATUS,efm/status/data,MAST Status flag,-,"(1,)",1,1,int32,efm27938.nc
27929,EFM,EFM_TIME,efm/time/data,Time of reconstruction,s,"(93,)",1,93,float32,efm27929.nc
27930,EFM,EFM_TIME,efm/time/data,Time of reconstruction,s,"(105,)",1,105,float32,efm27930 (1).nc
27931,EFM,EFM_TIME,efm/time/data,Time of reconstruction,s,"(80,)",1,80,float32,efm27931.nc
27932,EFM,EFM_TIME,efm/time/data,Time of reconstruction,s,"(107,)",1,107,float32,efm27932.nc
27933,EFM,EFM_TIME,efm/time/data,Time of reconstruction,s,"(84,)",1,84,float32,efm27933.nc
27934,EFM,EFM_TIME,efm/time/data,Time of reconstruction,s,"(114,)",1,114,float32,efm27934.nc
27935,EFM,EFM_TIME,efm/time/data,Time of reconstruction,s,"(110,)",1,110,float32,efm27935.nc
27936,EFM,EFM_TIME,efm/time/data,Time of reconstruction,s,"(111,)",1,111,float32,efm27936.nc
27937,EFM,EFM_TIME,efm/time/data,Time of reconstruction,s,"(95,)",1,95,float32,efm27937.nc
27938,EFM,EFM_TIME,efm/time/data,Time of reconstruction,s,"(108,)",1,108,float32,efm27938.nc
27929,EFM,EFM_TRIANG_L(PSI)_(C),efm/triang_l(psi)_(c)/data,lower delta of surfaces,,"(80, 65)",2,5200,float32,efm27929.nc
27930,EFM,EFM_TRIANG_L(PSI)_(C),efm/triang_l(psi)_(c)/data,lower delta of surfaces,,"(92, 65)",2,5980,float32,efm27930 (1).nc
27931,EFM,EFM_TRIANG_L(PSI)_(C),efm/triang_l(psi)_(c)/data,lower delta of surfaces,,"(67, 65)",2,4355,float32,efm27931.nc
27932,EFM,EFM_TRIANG_L(PSI)_(C),efm/triang_l(psi)_(c)/data,lower delta of surfaces,,"(94, 65)",2,6110,float32,efm27932.nc
27933,EFM,EFM_TRIANG_L(PSI)_(C),efm/triang_l(psi)_(c)/data,lower delta of surfaces,,"(71, 65)",2,4615,float32,efm27933.nc
27934,EFM,EFM_TRIANG_L(PSI)_(C),efm/triang_l(psi)_(c)/data,lower delta of surfaces,,"(98, 65)",2,6370,float32,efm27934.nc
27935,EFM,EFM_TRIANG_L(PSI)_(C),efm/triang_l(psi)_(c)/data,lower delta of surfaces,,"(95, 65)",2,6175,float32,efm27935.nc
27936,EFM,EFM_TRIANG_L(PSI)_(C),efm/triang_l(psi)_(c)/data,lower delta of surfaces,,"(96, 65)",2,6240,float32,efm27936.nc
27937,EFM,EFM_TRIANG_L(PSI)_(C),efm/triang_l(psi)_(c)/data,lower delta of surfaces,,"(82, 65)",2,5330,float32,efm27937.nc
27938,EFM,EFM_TRIANG_L(PSI)_(C),efm/triang_l(psi)_(c)/data,lower delta of surfaces,,"(94, 65)",2,6110,float32,efm27938.nc
27929,EFM,EFM_TRIANG_LOWER,efm/triang_lower/data,Lower Triangularity,nounits,"(80,)",1,80,float32,efm27929.nc
27930,EFM,EFM_TRIANG_LOWER,efm/triang_lower/data,Lower Triangularity,nounits,"(92,)",1,92,float32,efm27930 (1).nc
27931,EFM,EFM_TRIANG_LOWER,efm/triang_lower/data,Lower Triangularity,nounits,"(67,)",1,67,float32,efm27931.nc
27932,EFM,EFM_TRIANG_LOWER,efm/triang_lower/data,Lower Triangularity,nounits,"(94,)",1,94,float32,efm27932.nc
27933,EFM,EFM_TRIANG_LOWER,efm/triang_lower/data,Lower Triangularity,nounits,"(71,)",1,71,float32,efm27933.nc
27934,EFM,EFM_TRIANG_LOWER,efm/triang_lower/data,Lower Triangularity,nounits,"(98,)",1,98,float32,efm27934.nc
27935,EFM,EFM_TRIANG_LOWER,efm/triang_lower/data,Lower Triangularity,nounits,"(95,)",1,95,float32,efm27935.nc
27936,EFM,EFM_TRIANG_LOWER,efm/triang_lower/data,Lower Triangularity,nounits,"(96,)",1,96,float32,efm27936.nc
27937,EFM,EFM_TRIANG_LOWER,efm/triang_lower/data,Lower Triangularity,nounits,"(82,)",1,82,float32,efm27937.nc
27938,EFM,EFM_TRIANG_LOWER,efm/triang_lower/data,Lower Triangularity,nounits,"(94,)",1,94,float32,efm27938.nc
27929,EFM,EFM_TRIANG_U(PSI)_(C),efm/triang_u(psi)_(c)/data,upper delta of surfaces,,"(80, 65)",2,5200,float32,efm27929.nc
27930,EFM,EFM_TRIANG_U(PSI)_(C),efm/triang_u(psi)_(c)/data,upper delta of surfaces,,"(92, 65)",2,5980,float32,efm27930 (1).nc
27931,EFM,EFM_TRIANG_U(PSI)_(C),efm/triang_u(psi)_(c)/data,upper delta of surfaces,,"(67, 65)",2,4355,float32,efm27931.nc
27932,EFM,EFM_TRIANG_U(PSI)_(C),efm/triang_u(psi)_(c)/data,upper delta of surfaces,,"(94, 65)",2,6110,float32,efm27932.nc
27933,EFM,EFM_TRIANG_U(PSI)_(C),efm/triang_u(psi)_(c)/data,upper delta of surfaces,,"(71, 65)",2,4615,float32,efm27933.nc
27934,EFM,EFM_TRIANG_U(PSI)_(C),efm/triang_u(psi)_(c)/data,upper delta of surfaces,,"(98, 65)",2,6370,float32,efm27934.nc
27935,EFM,EFM_TRIANG_U(PSI)_(C),efm/triang_u(psi)_(c)/data,upper delta of surfaces,,"(95, 65)",2,6175,float32,efm27935.nc
27936,EFM,EFM_TRIANG_U(PSI)_(C),efm/triang_u(psi)_(c)/data,upper delta of surfaces,,"(96, 65)",2,6240,float32,efm27936.nc
27937,EFM,EFM_TRIANG_U(PSI)_(C),efm/triang_u(psi)_(c)/data,upper delta of surfaces,,"(82, 65)",2,5330,float32,efm27937.nc
27938,EFM,EFM_TRIANG_U(PSI)_(C),efm/triang_u(psi)_(c)/data,upper delta of surfaces,,"(94, 65)",2,6110,float32,efm27938.nc
27929,EFM,EFM_TRIANG_UPPER,efm/triang_upper/data,Upper Triangularity,nounits,"(80,)",1,80,float32,efm27929.nc
27930,EFM,EFM_TRIANG_UPPER,efm/triang_upper/data,Upper Triangularity,nounits,"(92,)",1,92,float32,efm27930 (1).nc
27931,EFM,EFM_TRIANG_UPPER,efm/triang_upper/data,Upper Triangularity,nounits,"(67,)",1,67,float32,efm27931.nc
27932,EFM,EFM_TRIANG_UPPER,efm/triang_upper/data,Upper Triangularity,nounits,"(94,)",1,94,float32,efm27932.nc
27933,EFM,EFM_TRIANG_UPPER,efm/triang_upper/data,Upper Triangularity,nounits,"(71,)",1,71,float32,efm27933.nc
27934,EFM,EFM_TRIANG_UPPER,efm/triang_upper/data,Upper Triangularity,nounits,"(98,)",1,98,float32,efm27934.nc
27935,EFM,EFM_TRIANG_UPPER,efm/triang_upper/data,Upper Triangularity,nounits,"(95,)",1,95,float32,efm27935.nc
27936,EFM,EFM_TRIANG_UPPER,efm/triang_upper/data,Upper Triangularity,nounits,"(96,)",1,96,float32,efm27936.nc
27937,EFM,EFM_TRIANG_UPPER,efm/triang_upper/data,Upper Triangularity,nounits,"(82,)",1,82,float32,efm27937.nc
27938,EFM,EFM_TRIANG_UPPER,efm/triang_upper/data,Upper Triangularity,nounits,"(94,)",1,94,float32,efm27938.nc
27929,EFM,EFM_VOLP_(C),efm/volp_(c)/data,vol within psi surfaces,m^3,"(80, 65)",2,5200,float32,efm27929.nc
27930,EFM,EFM_VOLP_(C),efm/volp_(c)/data,vol within psi surfaces,m^3,"(92, 65)",2,5980,float32,efm27930 (1).nc
27931,EFM,EFM_VOLP_(C),efm/volp_(c)/data,vol within psi surfaces,m^3,"(67, 65)",2,4355,float32,efm27931.nc
27932,EFM,EFM_VOLP_(C),efm/volp_(c)/data,vol within psi surfaces,m^3,"(94, 65)",2,6110,float32,efm27932.nc
27933,EFM,EFM_VOLP_(C),efm/volp_(c)/data,vol within psi surfaces,m^3,"(71, 65)",2,4615,float32,efm27933.nc
27934,EFM,EFM_VOLP_(C),efm/volp_(c)/data,vol within psi surfaces,m^3,"(98, 65)",2,6370,float32,efm27934.nc
27935,EFM,EFM_VOLP_(C),efm/volp_(c)/data,vol within psi surfaces,m^3,"(95, 65)",2,6175,float32,efm27935.nc
27936,EFM,EFM_VOLP_(C),efm/volp_(c)/data,vol within psi surfaces,m^3,"(96, 65)",2,6240,float32,efm27936.nc
27937,EFM,EFM_VOLP_(C),efm/volp_(c)/data,vol within psi surfaces,m^3,"(82, 65)",2,5330,float32,efm27937.nc
27938,EFM,EFM_VOLP_(C),efm/volp_(c)/data,vol within psi surfaces,m^3,"(94, 65)",2,6110,float32,efm27938.nc
27929,EFM,EFM_WCURBD,efm/wcurbd/data,P(Rot) Boundary Conditio,-,"(1,)",1,1,float32,efm27929.nc
27930,EFM,EFM_WCURBD,efm/wcurbd/data,P(Rot) Boundary Conditio,-,"(1,)",1,1,float32,efm27930 (1).nc
27931,EFM,EFM_WCURBD,efm/wcurbd/data,P(Rot) Boundary Conditio,-,"(1,)",1,1,float32,efm27931.nc
27932,EFM,EFM_WCURBD,efm/wcurbd/data,P(Rot) Boundary Conditio,-,"(1,)",1,1,float32,efm27932.nc
27933,EFM,EFM_WCURBD,efm/wcurbd/data,P(Rot) Boundary Conditio,-,"(1,)",1,1,float32,efm27933.nc
27934,EFM,EFM_WCURBD,efm/wcurbd/data,P(Rot) Boundary Conditio,-,"(1,)",1,1,float32,efm27934.nc
27935,EFM,EFM_WCURBD,efm/wcurbd/data,P(Rot) Boundary Conditio,-,"(1,)",1,1,float32,efm27935.nc
27936,EFM,EFM_WCURBD,efm/wcurbd/data,P(Rot) Boundary Conditio,-,"(1,)",1,1,float32,efm27936.nc
27937,EFM,EFM_WCURBD,efm/wcurbd/data,P(Rot) Boundary Conditio,-,"(1,)",1,1,float32,efm27937.nc
27938,EFM,EFM_WCURBD,efm/wcurbd/data,P(Rot) Boundary Conditio,-,"(1,)",1,1,float32,efm27938.nc
27929,EFM,EFM_WPLASMD,efm/wplasmd/data,Plasma Diamagnetic Energ,J,"(80,)",1,80,float32,efm27929.nc
27930,EFM,EFM_WPLASMD,efm/wplasmd/data,Plasma Diamagnetic Energ,J,"(92,)",1,92,float32,efm27930 (1).nc
27931,EFM,EFM_WPLASMD,efm/wplasmd/data,Plasma Diamagnetic Energ,J,"(67,)",1,67,float32,efm27931.nc
27932,EFM,EFM_WPLASMD,efm/wplasmd/data,Plasma Diamagnetic Energ,J,"(94,)",1,94,float32,efm27932.nc
27933,EFM,EFM_WPLASMD,efm/wplasmd/data,Plasma Diamagnetic Energ,J,"(71,)",1,71,float32,efm27933.nc
27934,EFM,EFM_WPLASMD,efm/wplasmd/data,Plasma Diamagnetic Energ,J,"(98,)",1,98,float32,efm27934.nc
27935,EFM,EFM_WPLASMD,efm/wplasmd/data,Plasma Diamagnetic Energ,J,"(95,)",1,95,float32,efm27935.nc
27936,EFM,EFM_WPLASMD,efm/wplasmd/data,Plasma Diamagnetic Energ,J,"(96,)",1,96,float32,efm27936.nc
27937,EFM,EFM_WPLASMD,efm/wplasmd/data,Plasma Diamagnetic Energ,J,"(82,)",1,82,float32,efm27937.nc
27938,EFM,EFM_WPLASMD,efm/wplasmd/data,Plasma Diamagnetic Energ,J,"(94,)",1,94,float32,efm27938.nc
27929,EFM,EFM_WPOL,efm/wpol/data,Wpol,J,"(80,)",1,80,float32,efm27929.nc
27930,EFM,EFM_WPOL,efm/wpol/data,Wpol,J,"(92,)",1,92,float32,efm27930 (1).nc
27931,EFM,EFM_WPOL,efm/wpol/data,Wpol,J,"(67,)",1,67,float32,efm27931.nc
27932,EFM,EFM_WPOL,efm/wpol/data,Wpol,J,"(94,)",1,94,float32,efm27932.nc
27933,EFM,EFM_WPOL,efm/wpol/data,Wpol,J,"(71,)",1,71,float32,efm27933.nc
27934,EFM,EFM_WPOL,efm/wpol/data,Wpol,J,"(98,)",1,98,float32,efm27934.nc
27935,EFM,EFM_WPOL,efm/wpol/data,Wpol,J,"(95,)",1,95,float32,efm27935.nc
27936,EFM,EFM_WPOL,efm/wpol/data,Wpol,J,"(96,)",1,96,float32,efm27936.nc
27937,EFM,EFM_WPOL,efm/wpol/data,Wpol,J,"(82,)",1,82,float32,efm27937.nc
27938,EFM,EFM_WPOL,efm/wpol/data,Wpol,J,"(94,)",1,94,float32,efm27938.nc
27929,EFM,EFM_XPOINT1_R(C),efm/xpoint1_r(c)/data,Radius of X-point 1,m,"(80,)",1,80,float32,efm27929.nc
27930,EFM,EFM_XPOINT1_R(C),efm/xpoint1_r(c)/data,Radius of X-point 1,m,"(92,)",1,92,float32,efm27930 (1).nc
27931,EFM,EFM_XPOINT1_R(C),efm/xpoint1_r(c)/data,Radius of X-point 1,m,"(67,)",1,67,float32,efm27931.nc
27932,EFM,EFM_XPOINT1_R(C),efm/xpoint1_r(c)/data,Radius of X-point 1,m,"(94,)",1,94,float32,efm27932.nc
27933,EFM,EFM_XPOINT1_R(C),efm/xpoint1_r(c)/data,Radius of X-point 1,m,"(71,)",1,71,float32,efm27933.nc
27934,EFM,EFM_XPOINT1_R(C),efm/xpoint1_r(c)/data,Radius of X-point 1,m,"(98,)",1,98,float32,efm27934.nc
27935,EFM,EFM_XPOINT1_R(C),efm/xpoint1_r(c)/data,Radius of X-point 1,m,"(95,)",1,95,float32,efm27935.nc
27936,EFM,EFM_XPOINT1_R(C),efm/xpoint1_r(c)/data,Radius of X-point 1,m,"(96,)",1,96,float32,efm27936.nc
27937,EFM,EFM_XPOINT1_R(C),efm/xpoint1_r(c)/data,Radius of X-point 1,m,"(82,)",1,82,float32,efm27937.nc
27938,EFM,EFM_XPOINT1_R(C),efm/xpoint1_r(c)/data,Radius of X-point 1,m,"(94,)",1,94,float32,efm27938.nc
27929,EFM,EFM_XPOINT1_Z(C),efm/xpoint1_z(c)/data,Height of X-point 1,m,"(80,)",1,80,float32,efm27929.nc
27930,EFM,EFM_XPOINT1_Z(C),efm/xpoint1_z(c)/data,Height of X-point 1,m,"(92,)",1,92,float32,efm27930 (1).nc
27931,EFM,EFM_XPOINT1_Z(C),efm/xpoint1_z(c)/data,Height of X-point 1,m,"(67,)",1,67,float32,efm27931.nc
27932,EFM,EFM_XPOINT1_Z(C),efm/xpoint1_z(c)/data,Height of X-point 1,m,"(94,)",1,94,float32,efm27932.nc
27933,EFM,EFM_XPOINT1_Z(C),efm/xpoint1_z(c)/data,Height of X-point 1,m,"(71,)",1,71,float32,efm27933.nc
27934,EFM,EFM_XPOINT1_Z(C),efm/xpoint1_z(c)/data,Height of X-point 1,m,"(98,)",1,98,float32,efm27934.nc
27935,EFM,EFM_XPOINT1_Z(C),efm/xpoint1_z(c)/data,Height of X-point 1,m,"(95,)",1,95,float32,efm27935.nc
27936,EFM,EFM_XPOINT1_Z(C),efm/xpoint1_z(c)/data,Height of X-point 1,m,"(96,)",1,96,float32,efm27936.nc
27937,EFM,EFM_XPOINT1_Z(C),efm/xpoint1_z(c)/data,Height of X-point 1,m,"(82,)",1,82,float32,efm27937.nc
27938,EFM,EFM_XPOINT1_Z(C),efm/xpoint1_z(c)/data,Height of X-point 1,m,"(94,)",1,94,float32,efm27938.nc
27929,EFM,EFM_XPOINT2_R(C),efm/xpoint2_r(c)/data,Radius of X-point 2,m,"(80,)",1,80,float32,efm27929.nc
27930,EFM,EFM_XPOINT2_R(C),efm/xpoint2_r(c)/data,Radius of X-point 2,m,"(92,)",1,92,float32,efm27930 (1).nc
27931,EFM,EFM_XPOINT2_R(C),efm/xpoint2_r(c)/data,Radius of X-point 2,m,"(67,)",1,67,float32,efm27931.nc
27932,EFM,EFM_XPOINT2_R(C),efm/xpoint2_r(c)/data,Radius of X-point 2,m,"(94,)",1,94,float32,efm27932.nc
27933,EFM,EFM_XPOINT2_R(C),efm/xpoint2_r(c)/data,Radius of X-point 2,m,"(71,)",1,71,float32,efm27933.nc
27934,EFM,EFM_XPOINT2_R(C),efm/xpoint2_r(c)/data,Radius of X-point 2,m,"(98,)",1,98,float32,efm27934.nc
27935,EFM,EFM_XPOINT2_R(C),efm/xpoint2_r(c)/data,Radius of X-point 2,m,"(95,)",1,95,float32,efm27935.nc
27936,EFM,EFM_XPOINT2_R(C),efm/xpoint2_r(c)/data,Radius of X-point 2,m,"(96,)",1,96,float32,efm27936.nc
27937,EFM,EFM_XPOINT2_R(C),efm/xpoint2_r(c)/data,Radius of X-point 2,m,"(82,)",1,82,float32,efm27937.nc
27938,EFM,EFM_XPOINT2_R(C),efm/xpoint2_r(c)/data,Radius of X-point 2,m,"(94,)",1,94,float32,efm27938.nc
27929,EFM,EFM_XPOINT2_Z(C),efm/xpoint2_z(c)/data,Height of X-point 2,m,"(80,)",1,80,float32,efm27929.nc
27930,EFM,EFM_XPOINT2_Z(C),efm/xpoint2_z(c)/data,Height of X-point 2,m,"(92,)",1,92,float32,efm27930 (1).nc
27931,EFM,EFM_XPOINT2_Z(C),efm/xpoint2_z(c)/data,Height of X-point 2,m,"(67,)",1,67,float32,efm27931.nc
27932,EFM,EFM_XPOINT2_Z(C),efm/xpoint2_z(c)/data,Height of X-point 2,m,"(94,)",1,94,float32,efm27932.nc
27933,EFM,EFM_XPOINT2_Z(C),efm/xpoint2_z(c)/data,Height of X-point 2,m,"(71,)",1,71,float32,efm27933.nc
27934,EFM,EFM_XPOINT2_Z(C),efm/xpoint2_z(c)/data,Height of X-point 2,m,"(98,)",1,98,float32,efm27934.nc
27935,EFM,EFM_XPOINT2_Z(C),efm/xpoint2_z(c)/data,Height of X-point 2,m,"(95,)",1,95,float32,efm27935.nc
27936,EFM,EFM_XPOINT2_Z(C),efm/xpoint2_z(c)/data,Height of X-point 2,m,"(96,)",1,96,float32,efm27936.nc
27937,EFM,EFM_XPOINT2_Z(C),efm/xpoint2_z(c)/data,Height of X-point 2,m,"(82,)",1,82,float32,efm27937.nc
27938,EFM,EFM_XPOINT2_Z(C),efm/xpoint2_z(c)/data,Height of X-point 2,m,"(94,)",1,94,float32,efm27938.nc
27929,EFM,EFM_ZBDRY,efm/zbdry/data,zbdry,m,"(80,)",1,80,float32,efm27929.nc
27930,EFM,EFM_ZBDRY,efm/zbdry/data,zbdry,m,"(92,)",1,92,float32,efm27930 (1).nc
27931,EFM,EFM_ZBDRY,efm/zbdry/data,zbdry,m,"(67,)",1,67,float32,efm27931.nc
27932,EFM,EFM_ZBDRY,efm/zbdry/data,zbdry,m,"(94,)",1,94,float32,efm27932.nc
27933,EFM,EFM_ZBDRY,efm/zbdry/data,zbdry,m,"(71,)",1,71,float32,efm27933.nc
27934,EFM,EFM_ZBDRY,efm/zbdry/data,zbdry,m,"(98,)",1,98,float32,efm27934.nc
27935,EFM,EFM_ZBDRY,efm/zbdry/data,zbdry,m,"(95,)",1,95,float32,efm27935.nc
27936,EFM,EFM_ZBDRY,efm/zbdry/data,zbdry,m,"(96,)",1,96,float32,efm27936.nc
27937,EFM,EFM_ZBDRY,efm/zbdry/data,zbdry,m,"(82,)",1,82,float32,efm27937.nc
27938,EFM,EFM_ZBDRY,efm/zbdry/data,zbdry,m,"(94,)",1,94,float32,efm27938.nc
